,Item,Price
0,"President's ChoiceCremini Mushrooms, Whole227 g",$2.28
1,"Happy PlanetFruit Smoothie, Extreme C900 mL",$4.98
2,Radicchio,$2.04
3,Farmer's MarketWhite Potatoes/Russet 10LB10 lb bag,$3.98
4,BolthouseBlue Goodness946 mL,$4.98
5,Beets5 lb,$2.99
6,"Fruit Salad, Small",$6.90
7,PC OrganicsBroccoli Florets284 g,$4.98
8,Hot Yellow Peppers226 g,$3.98
9,"PC OrganicsOrganic Bananas, Bunch",$2.11
10,Bosc Pears,$0.96
11,Red Peppers    ,$1.58
12,Mandarin Oranges3 lb bag,$5.48
13,Ataulfo Mango500 g,$2.98
14,Red Leaf Lettuce1 ea,$2.48
15,Greek Pasta Salad1 ea,$14.00
16,Organic Raspberries340 ea,$7.98
17,President's ChoicePlumcots,$0.72
18,Mini Seedless Watermelon1 ea,$4.98
19,Eat SmartEat Smart Wild Greens & Quinoa Salad Kit 255 g,$5.98
20,Pitted Honey Dates907 g,$5.98
21,"Green House Tomato, Beef Red454 g",$3.00
22,Radishes454 g,$2.48
23,Curly Parsley1 ea,$1.48
24,"Shepherd Peppers, Red",$1.51
25,Rainbow Kale Coleslaw,$7.92
26,DoleSunflower Bacon Crunch Chopped Salad Kit346 g,$4.98
27,Farmer's MarketSpartan Apples4 lb bag,$5.98
28,Canary Melons,$2.12
29,Colossal Garlic,$1.10
30,Family Size Greek Salad1 kg,$12.00
31,Envy Apples,$1.09
32,Rutabaga,$4.48
33,Purple Eggplants,$2.49
34,Turmeric,$4.25
35,Anjou Pears,$1.05
36,President's ChoicePC POTATO RED MINI 680G0.68 kg,$3.98
37,Kale1 ea,$2.48
38,No NameNaturally Imperfect Peppers1.11 kg,$5.98
39,Red Swiss Chard1 ea,$3.98
40,Spaghetti Squash,$6.89
41,Tomato on the Vine Red,$4.66
42,"Organic Squash, Buttercup",$4.37
43,White Potatoes,$1.57
44,President's ChoiceWhite Mushrooms454 g,$3.28
45,Striped Enjoya Bell Pepper,$2.19
46,"California Salad, Small",$3.08
47,President's ChoicePCO Basil 20G20 g,$1.98
48,President's ChoiceMaple Flavoured Naturally Smoked Bacon500 g,$5.98
49,Fresh Tilapia Fillets,$22.31
50,Basa Fillets,$19.08
51,Cod Fillet,$20.80
52,"Maple Lodge Farms LTFresh From The Farm Chicken Breast Boneless Skinless, 3 Pack 1 ea",$10.00
53,King ColeDuck  Legs,$15.50
54,President's ChoiceFresh Lamb- Loin Chops,$13.87
55,"MarcangeloItalian Pork Sausages, Hot500 g",$6.48
56,MarcangeloHot Italian Sausage1 kg,$10.00
57,President's ChoiceFresh Rack Of Lamb,$26.43
58,SeaquestKing Crab Flavoured Wild Alaska Pollock Chunks227 g,$3.00
59,"ButterballTurkey, Bacon Style375 g",$4.98
60,Zabiha HalalBeef Burger907 g,$14.98
61,"Chuck Short Ribs, Service Case",$8.59
62,JohnsonvilleBeef & Cheddar Sausage375 g,$5.98
63,President's ChoiceSplit Turkey Breast,$15.17
64,President's ChoiceCrisp & Crunchy Spicy Southern-Style Chicken Wings907 g,$13.98
65,MannarichFried Fish Balls240 g,$3.98
66,President's ChoiceChicken Leg Quarters Club Pack,$9.31
67,Italian Sausage Fennel Hot900 g,$7.98
68,Breaded Swiss Chicken Breast1.13 kg,$10.00
69,"President's ChoiceFree From Chicken Wings, Club Pack",$14.51
70,Beef Kidney,$3.68
71,President's ChoiceChicken Drum,$5.93
72,President's ChoiceBreaded Haddock Fillets550 g,$10.98
73,President's ChoiceChickenless Breaded Cutlets340 g,$6.98
74,"Certified Angus Beef, Top Sirloin",$35.43
75,LousPhilly Style Shaved Steak400 g,$7.98
76,Chicken Hearts,$9.90
77,"Turkey 3-5KG, Frozen1 ea",$12.00
78,"President's ChoiceCertified Angus Beef, Striploin Grill Steak",$19.82
79,PC Blue MenuEasy Cook! Chicken Breast Portions750 g,$12.98
80,President's ChoiceFree From Angus Beef Burger1.02 kg,$11.98
81,High LinerCrunchy Breaded Haddock Fish Sticks350 g,$8.48
82,"Maple LeafBacon, Salt Reduced375 g",$6.98
83,President's ChoiceFree From Maple Flavoured Bacon375 g,$5.98
84,MannarichFish Balls260 g,$3.98
85,"President's ChoiceFree From Bone In Pork Center Chop, Tray Pack",$8.13
86,President's ChoiceCooked 31-40 Shrimp400 g,$12.00
87,SeaquestCrab Flakes454 g,$4.98
88,PC Blue MenuBlue Menu Ground Chicken454 g,$6.00
89,President's ChoiceTempura Torpedo Shrimp With Sweet Soy Dipping Sauce340 g,$9.98
90,President's ChoiceShrimp & Scallops Au Gratin240 g,$9.98
91,Maple LeafRed Hots Original Style Wieners900 g,$7.98
92,"High LinerFamily Favourites Beer Battered Fish Fillets, Uncooked500 g",$8.48
93,President's ChoiceCreamy Bacon Pacific White Shrimp With A Rich And Creamy Bacon Sauce480 g,$12.98
94,"JohnsonvilleSmokes Sausage, Buffalo Cheese375 g",$4.98
95,"T&TPork & Shrimp Dumplings, Cooked200 g",$3.28
96,Coffee MateDouble Double-mate Liquid Coffee Enhancer1.89 L,$6.98
97,Neilson2% Milk4 L,$4.49
98,"Happy PlanetFruit Smoothie, Extreme C900 mL",$4.98
99,"Siggi's Yogurt, Strawberry500 g",$4.48
100,"PC OrganicsOrganic Fresh Churned Butter, Salted250 g",$5.28
101,ParmalatHalal Plain Yogurt 3% MF750 g,$2.58
102,Kozy ShackTapioca Pudding Cups6x113g,$3.68
103,NeilsonLactose Free 2% Milk2 L,$5.58
104,"ParmalatHalal Stirred Fruit Yogourt Vanilla, Strawberry, Raspberry, Blueberry12x100g",$3.48
105,"SurajDahi Yogurt, 3.25%750 g",$2.28
106,"Gray RidgePremium White Eggs, Large18 Eggs",$5.28
107,PC Blue MenuFree Run Omega-3 Hard-Boiled Peeled Eggs3x88g,$3.00
108,"Yoplait CreamyCreamy Yogurt, Strawberry/Blueberry/Raspberry/Strawberry16x100g",$6.28
109,Coffee MateDouble Double-Mate Liquid Coffee Enhancer946 mL,$4.98
110,"OlympicFat Free Organic Yogurt, Plain650 g",$3.88
111,SaputoMozzarellissima500 g,$7.98
112,"PCOrganic Free Run Brown Eggs, Medium12 Eggs",$6.48
113,"BecelMargarine, Light907 g",$4.98
114,PCBlueberry Fruit On The Bottom 0% M.F. Greek Yogurt4x100g,$3.28
115,VelveetaProcessed Cheese Loaf450 g,$7.28
116,KraftOriginal Thick Slices825 g,$8.48
117,"OlympicOrganic Yogurt, French Vanilla650 g",$3.88
118,"ArlaCreamy Cheese Spread, Lactose Free200 g",$3.98
119,NatureggFree Run Egg Whites1 Eggs,$4.50
120,"PCBaked by You Cookie Dough, Oatmeal Chocolate Chip468 g",$2.98
121,Cracker BarrelMedium Cheddar Cheese Snacks168 g,$4.48
122,"Danone DaninoDanino Paw Patrol Yogurt Drink for Kids, Stawberry-Banana Flavour, 93ml (Pack of 8)8x93mL",$2.98
123,"Danone ActiviaYogurt with Probiotics, Strawberry Flavour, 650g650 g",$2.48
124,"No NameCheese, Marble Cheddar Light200 g",$3.28
125,OikosDanone Oikos Ex Pro Red Ber650 g,$5.28
126,"No NameShredded Cheese, Nacho 3 Cheese900 g",$11.00
127,Omega 3 White Eggs12 Eggs,$5.18
128,"AstroOriginal Yogurt, Strawberry Delight Vanilla Cream 6%12x100g",$5.48
129,"So NiceOrganic Almond Milk, Original1.75 L",$4.28
130,LiberteGreek Yogurt Raspberry 3%4x400g,$4.18
131,"Danone DaninoYogurt Drink for Kids, Rasperry Flavour, 93ml (Pack of 8)8x93mL",$2.98
132,"International DelightWhitener, Vanilla Fat Free946 mL",$4.48
133,Milk 2 GoBanana473 mL,$2.28
134,"Milk 2 GoSport, Vanilla325 mL",$2.00
135,"President's ChoiceGreek Yogurt Fruit on the Bottom, Peach Mango 2%4x100g",$3.28
136,"Gray RidgeGrade A Premium White Eggs, Large12 Eggs",$3.68
137,"Omega 3 White Eggs, Large12 Eggs",$5.18
138,Danone Light 'N' Free Tub Vanilla Bean & Apple 710 g710 g,$5.48
139,PCFree Run Egg Whites500x1g,$4.00
140,"Egg CreationsEgg Creations, Original500 g",$4.00
141,President's ChoicePower Fruit Skyr Icelandic Style 0% M.F. Yogurt4x100g,$3.98
142,No NameEvaporated Milk354 mL,$1.28
143,PCPlain 0% M.F. Greek Yogurt908 g,$5.78
144,Kaiser Rolls 6PK400 g,$3.00
145,President's ChoiceGluten Free Oatmeal Raisin Cookies350 g,$5.98
146,Bakerstreet Strawberry Shortcake1.40 kg,$19.98
147,President's ChoiceMini Key Lime Pies243.80 g,$3.98
148,"President's ChoiceHot Dog Buns, Gluten-Free248 g",$5.18
149,Old MillHamburger Buns360 g,$1.98
150,Baker StreetSticky Toffee Cake1.23 kg,$19.98
151,President's ChoicePC PULL APART BRD CNNMON320 g,$5.29
152,Parisienne Bread510 g,$2.78
153,Old MillOld Mill 10  Whole Wheat  Dinner rolls428 g,$2.98
154,"Weight WatchersTortillas, Whole Wheat 8""248 g",$3.98
155,Weight WatchersSandwich Thins344 g,$4.28
156,ACEGourmet Seasme Seed Burger Bun260 g,$3.78
157,ACEDinner Roll Clusters545 g,$3.00
158,WestonCinnamon Raisin Loaf575 g,$5.48
159,DItalianoBake At Home Garlic Toast672 g,$5.00
160,DimpflmeierSonnenblumenkerne Bread454 g,$3.78
161,T&TStrawberry Tropical Cake180 g,$1.28
162,President's ChoiceGluten Free Chocolate Cupcakes300 g,$4.98
163,ACEBocata Ronda Buns800 g,$5.00
164,President's ChoiceHot Cross Buns with extra Raisins8x70.60g,$4.38
165,President's ChoiceThins Buns Multigrain8x60g,$2.98
166,VachonLog 6'S288 g,$3.78
167,Cumin/Zeera Short Bread Cookie0.35 kg,$3.98
168,"6"" Chocolate Truffle Cake600 g",$12.00
169,RubschlagerBavarian Rye Loaf454 g,$3.28
170,ACEWhite Baguette Bagel300 g,$3.48
171,President's ChoiceDark Chocolate Enrobed Profiteroles490 g,$9.98
172,FurlaniFurlani Parmesan Garlic Toast 16 Thick Cut Slices16x40g,$4.47
173,Sliced Italian Loaf450 g,$1.00
174,SurajNaan Orginal 10 Pk1 ea,$3.88
175,RudolphsFive Grain Bread680 g,$4.28
176,Pizza Buns460 g,$4.48
177,ACECiabatta Cluster400 g,$2.98
178,Ready BakeFrozen White Pizza Dough650 g,$2.98
179,Cinnamon Raisin Bread Sliced550 g,$2.50
180,"Kaiser Rolls, Large White350 g",$3.00
181,"CharlottesBlack Forest Cake 6""400 g",$5.00
182,Sliced Sourdough Miche800 g,$4.48
183,ACEBake Your Own Rosemary Focaccia Pull-Apart460 g,$4.98
184,Old Mill100% Whole Wheat Bread675 g,$1.64
185,"President's ChoiceApple Blossoms, Caramel228 g",$3.48
186,"Bagel, Herb N' Cheese108 g",$3.00
187,ACEOrganic White Bread Sliced410 g,$5.58
188,"DItalianoBread, Brizzolio Hamburger Buns528 g",$2.98
189,President's ChoiceThins Original Bagels6x62g,$3.28
190,"Farmer's MarketLoaf Cake, Golden390 g",$4.00
191,ACECiabatta Pezzetti Duo Rolls840 g,$5.00
192,SchneiderHoney Garlic Pepperettes375 g,$8.00
193,SchneiderThuringer Sausage 4/Cs,$24.80
194,OlivieriArt Bas Pesto Gig Borsetti250 g,$5.48
195,"San DanieleMortadella, Hot (Thin Sliced)",$2.28
196,President's ChoiceFree From Turkey Pepperello300 g,$9.98
197,Happy PlanetOrganic Indian Split Pea Soup650 mL,$6.28
198,President's ChoiceTurkey Breast Strips300 g,$10.00
199,AgropurJarlsberg Cheese450 g,$13.48
200,SabraRoasted Red Pepper Hummus with Pretzels129 g,$2.00
201,Chicken Parmesan & Rigatoni Pasta1 ea,$24.00
202,YvesVeggie Sausages Mediterranean Harissa400 g,$6.98
203,President's ChoicePC Artichoke & Asiago454 g,$6.00
204,Emborg Mozzarella Style Dairy Free Slices200 g,$5.48
205,Vegetable Gyoza Dumplings240 g,$3.98
206,FiniOriginal Parma Prosciutto (Thin Sliced),$4.98
207,President's ChoicePiccanti Salami225 g,$8.00
208,President's ChoiceMarinara Pasta Sauce300 mL,$3.98
209,"OlivieriPasta Sauce, Alfredo Herb600 mL",$7.98
210,Hot StuffsBlue Ribbon Bologna (Thin Sliced),$2.28
211,President's ChoiceSwiss Cheese250 g,$7.48
212,MastroCalabrese Salami (Thin Sliced),$3.58
213,Apple Sausage368 g,$7.98
214,GRANAROLO CHEESE CRISPS TOMATO60 g,$5.00
215,SchneiderLunch Mate Hot Dogs105 g,$3.28
216,Ziggy'sChicken Strips200 g,$5.00
217,SchneiderJumbo Summer Sausage (Thin Sliced),$3.58
218,San DanieleSd Prosciutto125 g,$6.00
219,President's ChoiceMozzarella Cheese340 g,$7.00
220,SchneiderMock Chicken $3250 g,$3.00
221,Ziggy'sPotato & Egg Salad1.25 kg,$4.98
222,Earth Island Cheddar Cheese Slices200 g,$5.98
223,OlivieriRainbow Tortellini with Cheese700 g,$8.98
224,Veggie Tripack800 g,$12.00
225,YucatanGuacamole Mild227 g,$3.98
226,President's ChoiceSliced Smoked Gouda Cheese140 g,$5.98
227,"President's ChoiceHoney Ham, Club Pack400 g",$10.48
228,San DanieleSan Daniele Family Pack Prosciutto Slice250 g,$10.00
229,SchneiderRed Wine Salami Dry Cured75 g,$3.98
230,Roast Beef175 g,$4.98
231,President's ChoiceSliced Swiss Cheese150 g,$5.68
232,"President's ChoicePC Tzatziki, Traditional454 g",$6.00
233,President's ChoiceAlfredo Pasta Sauce300 mL,$3.98
234,PC Black LabelSaucisson Sec Traditionnel Dry-Cured Sausage250 g,$9.00
235,Family Size Greek Salad1 kg,$12.00
236,"President's ChoiceLe Michabou Washed-Rind, Firm Surface-Ripened Cheese175 g",$7.00
237,SchneiderMac & Cheese Loaf,$5.71
238,Hot StuffsBlue Ribbon Bologna Thick Sliced500 g,$5.98
239,"SabraHummus, Roasted Red Pepper482 g",$6.88
240,"PC Blue MenuBlue Menu Atlantic Salmon Fillets, Boneless Skinless280 g",$14.98
241,"Dr OetkerMini Pizzas, Pepperoni696 g",$6.28
242,"No NameVeggies, Italian Blend750 g",$2.00
243,ChapmansVanilla Yogurt Sandwich12x120mL,$5.88
244,FlamingoCajun  Chicken Thigh Pieces700 g,$10.98
245,"President's ChoiceThe Decadent Cookies, Vanilla Sandwich6x100mL",$4.98
246,Chicken & Vegetable Potstickers1250 g,$10.00
247,"KlondikeIce Cream Bar, Oh Henry6 ea",$3.98
248,ChapmansStrawberry Shortcake2 L,$5.98
249,DaiyaCheeze Lover's Pizza444 g,$8.38
250,"No NameBaked Pizza Pouches, Pepperoni800 g",$5.00
251,ACEBake Your Own Rosemary Focaccia Pull-Apart460 g,$4.98
252,DelissioRising Crust 3 Meat Pizza834 g,$5.98
253,SurajAlphonso Frozen Mango454 g,$4.98
254,Zabiha HalalChicken Burgers908 g,$10.48
255,"President's ChoiceApple Blossoms, Caramel228 g",$3.48
256,"Dr OetkerMini Pizzas, Deluxe738 g",$6.28
257,"Pierogis, Three Cheese1 kg",$4.18
258,ChapmansDouble Decker Sandwich12x120mL,$5.88
259,President's ChoiceTempura Torpedo Shrimp With Sweet Soy Dipping Sauce340 g,$9.98
260,Anchor BayCooked Shrimp 61-70 ct454 g,$14.00
261,President's ChoiceWhite Cheddar Macaroni and Cheese315 g,$3.98
262,TenderflakeDeep Dish Pie Shells350 g,$3.48
263,BasmaFrozen Okra400 g,$1.48
264,CavendishOriginal Hash Brown Patties600 g,$3.68
265,MccainSuperfries 5 Minutes Shoestring1.50 kg,$6.48
266,"JanesBoneless Bites, Honey Garlic & Thai900 g",$11.98
267,President's ChoiceThin & Crispy Roasted Mushroom And Garlic Pizza375 g,$3.48
268,UDI'sGluten-Free White Loaf340 g,$5.98
269,BreyersFamily Classic Heavenly Hash1.66 L,$2.98
270,"Coconut BlissFrozen Dark Chocolate Bar, Non-Dairy355 mL",$7.48
271,Minute MaidFruit Punch295 mL,$0.98
272,"Cordon BleuCoconut Bliss Non-Dairy Frozen Dessert, Dark Chocolate473 mL",$7.78
273,President's ChoiceShrimp & Scallops Au Gratin240 g,$9.98
274,Fresh Atlantic Salmon Filet,$14.54
275,"CheemoHeritage Pierogies, Harvest Potatoes with Aged White Cheddar Cheese815 g",$2.78
276,"Vegetable, Pork & Mushroom Dumplings567 g",$6.18
277,Dr OetkerRistorante Pizza Cavolo355 g,$4.98
278,Haagen DazsEspresso Chocolate Cookie Ice Cream500 mL,$6.48
279,President's ChoiceFree From Angus Beef Meatball850 g,$11.98
280,"BridorFrozen Croissants, Unbaked40x65g",$18.99
281,HaldiramShahi Gulab Jamun750 g,$4.98
282,"Butcher's ChoiceBeef Burgers, Club Pack2.27 kg",$20.98
283,"President's ChoiceThin & Crispy Pizza, 6 Cheese350 g",$3.48
284,"Party Samosa,  Potato-Pea652 g",$6.78
285,President's ChoiceCooked 31-40 Shrimp400 g,$12.00
286,"SurajOkra, Cut1 kg",$2.98
287,President's ChoiceDark Chocolate Enrobed Profiteroles490 g,$9.98
288,"Ocean Spray100% Juice Blend, Cranberry Pomegranate Cherry1.77 L",$3.98
289,PC Blue MenuCranberry Cocktail1.89 L,$2.00
290,"OasisSmootie, Strawberry and Dragon Fruit1.36 L",$2.98
291,President's ChoiceOrange Mango Electrolyte Beverage With Coconut Water6x591mL,$4.18
292,Thirsty BuddhaAll Natural Coconut Water1 L,$5.98
293,"Ocean Spray100% Juice, Cranberry and Grape1.77 L",$3.98
294,President's Choice100% Apple Juice Not From Concentrate1.89 L,$2.68
295,San PellegrinoCarbonated Mineral Water8x330mL,$6.98c
296,"SilkCoconut Beverage, Original, Dairy-Free, 1.89L1.89 L",$3.48
297,"Happy PlanetFruit Smoothie, Extreme C900 mL",$4.98
298,"President's ChoiceElectrolyte Beverage with Coconut Water, Orange Mandarin6x591mL",$0.98
299,Ocean SprayCocktail Cranberry Pink1.89 L,$3.68
300,"Sun-RypeNo Sugar Added 100% Juice, Strawberry Kiwi900 mL",$1.88
301,FolgersClassic Roast Ground Coffee920 g,$6.98
302,"TassimoNabob Latte Coffee Single Serve T-Discs, 8 Lattes263 g",$4.98
303,Kosa Coconut Milk1000 mL,$4.28
304,Traditional MedicinalsOrganic Roasted Dandelion Root Herbal Tea20 ea,$5.48
305,BolthouseBlue Goodness946 mL,$4.98
306,"Van HoutteOriginal House Blend, Medium Roast908 g",$17.98
307,"President's Choice100% Juice Blend, Raspberry & Cranberry1.89 L",$3.28
308,"NaturaAlmond Beverage, Original946 mL",$2.28
309,Monster EnergyZero Ultra473 mL,$2.98
310,No NameDark Roast925 g,$6.98
311,GatoradeG2 Clubpack Sports Drink (Case)24x591mL,$15.97
312,Jasmine Tea200 g,$3.98
313,Gold Peak Lemon and Honey Iced Tea547 mL,$2.48
314,LavazzaCrema & Gusto250 g,$4.98
315,TetleyWarmth Cinnamon Spice Herbal Cannister Pack20 ea,$3.98
316,ChaokohCoconut Water with Jelly520 mL,$1.48
317,"President's ChoiceMatte Mug, Good Vibes1 ea",$3.98
318,"GlaceauVitamin Water, Energy591 mL",$1.98
319,"Tim HortonsK Cup Coffee, Hazelnut120 g",$10.48
320,YogiEgyptian Licorice Herbal Tea16 ea,$5.48
321,MioBerry Pomegranate Liquid Water Enhancer48 mL,$3.68
322,A&WA&W Diet Root Beer (Case)12x355mL,$4.48
323,PC Blue MenuApple Juice From Concentrate With Added Calcium And Vitamin D2 L,$2.98
324,"Nestea Iced Tea, Lemon10x200mL",$2.00
325,"San PellegrinoSparkling Fruit Beverage, Aranciata (Case)6x330mL",$5.38c
326,TazaLychee Drink with Basil Seeds290 mL,$1.28
327,Santa Cruz OrganicOrganic Lemonade946 mL,$3.98
328,Traditional MedicinalsOrganic Classic Chamomile Herbal Tea20 ea,$5.48
329,"President's ChoiceSingle Serve Pods, Orange Pekoe12 ea",$8.48
330,Twinings20ct Green Tea & Lemon20 ea,$4.98
331,"Blue DiamondAlmond Breeze, Original946 mL",$2.98
332,TazaMango Drink with Basil Seeds290 mL,$1.28
333,PC OrganicsMedium Roast Whole Bean Coffee454 g,$10.98
334,LuxLoose Peppermint Tea50 g,$2.48
335,TazoCalm Herbal Infusion Tea24 ea,$5.48
336,"No NameAlmonds, Slices    400 g",$7.98
337,"Betty CrockerFruit Snacks, Animated Edition226 g",$2.98
338,No NamePecan Pieces400 g,$11.98
339,"BuglesCorn Snacks, Original213 g",$2.48
340,ParleHide & Seek Fab! Orange Cookie112 g,$0.98
341,"No NameCake Mix, Devil's Food468 g",$1.48
342,PC Blue MenuFruit & Nut Mixed Berry Chewy Bars165 g,$2.58
343,Seeds Of ChangeIndian Style Lentils261 g,$4.28
344,MaggiHot & Sweet Tomato Chili Sauce340 mL,$3.68
345,"ChristieRitz Crisp & Thin Crackers, Barbecue115 g",$3.00
346,Seeds Of ChangeBlack Beans261 g,$4.28
347,"Sun Butter Spread Sunflower Butter, No-Sugar454 g",$6.98
348,SurajHusked Split Desi Chick Peas1.80 kg,$6.78
349,No NameWhite Vinegar1 L,$1.28
350,"FritosFlavour Mix, Value Pack520 g",$6.98
351,Billy BeePure Natural White Honey500 g,$8.48
352,SS FrutasSalted Plantain Crunchy Crisps85 g,$1.48
353,"PC Blue MenuBlue Menu Twice The Fruit Spread, Apricot500 mL",$2.98
354,Mixed Congee6x375g,$6.48
355,President's ChoicePure Vanilla Extract125 mL,$15.98
356,CattleBoyzCattle Boyz BBQ Sauce Original490 mL,$5.98
357,Nature's PathPure Oats and Honey '312 g,$5.98
358,President's ChoiceRefrigerated Balsamic Vinaigrette350 mL,$3.98
359,CadburyDark Milk Mint Bar133 g,$4.48
360,No NameOnion Powder150 g,$1.48
361,"Whole Cashews, Roasted & Unsalted680 g",$16.00
362,ReneesCaesar Parmesan Dressing350 mL,$4.98
363,Kind barAlmond Mocha & Dark Chocolate Flavour Nut Bar40 g,$1.48
364,Shake n BakeBBQ Chicken Glaze Coating Mix184 g,$2.78
365,DareBear Paws Molasses240 g,$2.98
366,GraceCornmeal2 kg,$3.98
367,KelloggsCorn Flake Crumbs575 g,$4.48
368,No NameMixed Vegetables398 mL,$1.00
369,No NameMinced Ginger120 g,$2.48
370,FrenchsBold 'n Spicy Deli Mustard325 mL,$2.28
371,Uncle Ben'sJasmine Coconut240 g,$2.78
372,"UnicoPimentos, Sliced225 mL",$3.98
373,Little DebbiePastries Honey Buns 6 Breakfast Pastries300 g,$2.00
374,"PC Blue MenuBlue Menu Sockeye Salmon, No Salt Added213 g",$6.48
375,"Club HouseAllspice, Ground35 g",$4.98
376,Stock and BarrelEnglish Licorice Allsorts220 g,$4.00
377,"PC Blue MenuBlue Menu Granola Boost With Protein, Chocolate325 g",$3.48
378,"ChristieTeddy Grahams, Honey225 g",$2.28
379,Betty CrockerSalted Caramel Brownie Baking Mix521 g,$3.28
380,"KelloggsRice Krispies Cereal Brown Rice, Gluten Free340 g",$4.78
381,Blue DragonPad Thai220 g,$4.48
382,ClassicoDi Roma Alfredo Pasta Sauce410 mL,$2.48
383,Lea & PerrinsWorcestershire Sauce568 mL,$5.48
384,Thirsty BuddhaAll Natural Coconut Water1 L,$5.98
385,So DeliciousDairy Free Non-Dairy Frozen Dessert Cold Brew Coffee Coconut500 mL,$6.98
386,AnniesAnnie's Rice Pasta Shells & White Cheddar Cheese170 g,$1.78
387,PC OrganicsSmoothie Melts Banana Strawberry6 g,$1.28
388,Simply OrganicBasil Leaf15 g,$5.48
389,Bobs Red MillFlaxseed Whole368 g,$3.28
390,Kicking HorseOrganic Dark Roast Kick Ass454 g,$11.98
391,DaiyaCheeze Lover's Pizza444 g,$8.38
392,SunButter Original Crunch454 g,$6.98
393,"PranaProactivChia, Whole Black284 g",$7.98
394,"Love Child OrganicsOrganic Puree, Apples Sweet Potatoes Carrots & Blueberries128 mL",$1.33
395,LakewoodOrganic Pure Tart Cherry Juice946 mL,$10.98
396,Organic Goji Berries227 g,$15.48
397,"ZazubeanOrganic Lunatic Dark Chocolate, Mint & Cocoa Nibs85 g",$4.68
398,"Love Child OrganicsToodle O's Baby Cereal, Banana75 g",$3.50
399,Pea Pops Roasted Never Fried Green Peas Dill Pickle Pow90 g,$2.98
400,PC OrganicsChick Peas540 mL,$2.48
401,PukkaThree Ginger tea20 ea,$8.48
402,Simply 7Dill Pickle Kale Chips100 g,$4.48
403,Key-To Life Bar - Red Velvet44 g,$2.98
404,President's ChoiceGluten-Free Macaroni340 g,$2.68
405,"Krinkle Cut Sweet Potato Chips, Sea Salt165 g",$4.48
406,"Nature's PathQi'a Superfood, Chia, Buckwheat & Hemp Cereal Original Flavour225 g",$7.48
407,KijuOrganic 100% Apple Juice1 L,$2.28
408,"Simply ProteinWhey, Chocolate Mint (Case)12x40g",$29.98c
409,PC OrganicsOrganic Four Cheese Pizza346 g,$7.98
410,AmysMeatless Pepperoni Mac & Cheese Bowl255 g,$5.48
411,"ClifBuilder's Protein Bar, Crunchy Peanut Butter68 g",$1.28
412,StashPremium Green Tea18 ea,$4.48
413,"LarabarFruit & Nut Energy Bar, Coconut Cream48 g",$1.78
414,"PC OrganicsPears, Baby Food Stage 1128 mL",$1.00
415,"ClifEnergy Bar, Coconut Chocolate Chip (Case)12x68g",$11.98
416,"Kind barBreakfast Bar, Peanut Butter4x50g",$5.48
417,"Simply ProteinBar, Chocolate Coconut40 g",$2.98
418,Nature's PathCrispy Rice Cereal284 g,$4.48
419,"Kicking HorseOrganic Dark Roast, Swiss Water Process Decaf454 g",$11.98
420,"Hikari MisoOrganic Miso Paste, White500 g",$7.98
421,PC OrganicsOrganic Clementines2 lb bag,$5.98
422,PranaAlgarve Chocolate Bark100 g,$5.48
423,ZeroodlePremium Shirataki Penne With Oat Fiber400 g,$4.48
424,EPIC Bar Peanut Butter53 g,$2.78
425,Arctic ZeroArctic Zero Fit Frozen Dessert Cookie Shake473 mL,$6.48
426,Chicken Sesame BBQ Bar43 g,$3.98
427,UDI'sGluten-Free White Loaf340 g,$5.98
428,"Coconut BlissFrozen Dark Chocolate Bar, Non-Dairy355 mL",$7.48
429,CENTRAL ROASTOrganic Dried Turkish Apricots215 g,$5.98
430,"Cordon BleuCoconut Bliss Non-Dairy Frozen Dessert, Dark Chocolate473 mL",$7.78
431,PranaSumsuma Sesame Squares150 g,$3.28
432,PampersBaby-Dry Diapers Size 3 104 Count104 ea,$26.98
433,PampersBaby-Dry Diapers Size 4 92 Count92 ea,$26.98
434,PampersBaby-Dry Diapers Size 5 78 Count78 ea,$26.98
435,PampersBaby-Dry Diapers Size 6 64 Count64 ea,$26.98
436,PC OrganicsAnimal Cookies For Toddlers 170 g,$2.25
437,PC OrganicsStrawberry Mango Naturally Flavoured Fruit Snack60 g,$3.98
438,"PC OrganicsCereal, Multigrain Banana125 g",$2.25
439,"PC OrganicsOrange, Carrot & Cinnamon Fruit, Veggie And Oat Bars90 g",$2.25
440,"PC OrganicsMini Cereal Bars, Berry Pomegranate160 g",$2.25
441,"PC OrganicsMini Cereal Bars, Apple, Acai160 g",$2.25
442,"President's ChoiceYogurt Melt, Mixed Berry1 ea",$3.28
443,PC OrganicsOrganics Broccoli And Kale Baked Whole Grain Corn Puffs42 g,$2.25
444,PC OrganicsSpaghetti in Turkey Meat Sauce185 g,$2.25
445,PC OrganicsToddler Apple Juice1 L,$1.88
446,"President's ChoiceTotal Pediatric Nutrition, Chocolate6x235mL",$9.98
447,PC OrganicsToddler Blue Fruit Twist60 g,$3.98
448,PC OrganicsMango And Carrot Whole Grain Puffs Puffed Cereal42 g,$2.25
449,"President's ChoiceTotal Pediatric Nutrition, Vanilla6x235mL",$9.98
450,"PC OrganicsMini Cereal Bars, Banana Berry160 g",$2.25
451,"PC OrganicsToddler Entrée, Fruity Chicken185 g",$2.25
452,"PC OrganicsFruit, Veggie, & Oat Bars, Raspberry Beet90 g",$2.25
453,"PC OrganicsBlueberry Apple Fruit, Veggie And Oat Bar90 g",$2.25
454,PC OrganicsStars Pasta454 g,$2.25
455,"PC OrganicsToddlers Mini Pasta, Bowties454 g",$2.25
456,PC OrganicsCheddar Cheese Whole Grain Puffs42 g,$2.25
457,PC OrganicsMashed Potatoes & Turkey185 g,$2.25
458,President's ChoiceNaturally Flavoured Toddlers Strawberry Yogurt Snack1 ea,$3.28
459,PC OrganicsBroccoli And Spinach Whole Grain Puffs Puffed Cereal42 g,$2.25
460,PC OrganicsApple And Strawberry Whole Grain Puffs Puffed Cereal42 g,$2.25
461,"PC OrganicsMini Cereal Bars, Blueberry160 g",$2.25
462,PC OrganicsPurple Carrot And Blueberry Whole Grain Puffs Puffed Cereal42 g,$2.25
463,PC OrganicsAnimal Cookies For Toddlers 170 g,$2.25
464,PC OrganicsStrawberry Mango Naturally Flavoured Fruit Snack60 g,$3.98
465,"PC OrganicsCereal, Multigrain Banana125 g",$2.25
466,"PC OrganicsOrange, Carrot & Cinnamon Fruit, Veggie And Oat Bars90 g",$2.25
467,"PC OrganicsMini Cereal Bars, Berry Pomegranate160 g",$2.25
468,"PC OrganicsMini Cereal Bars, Apple, Acai160 g",$2.25
469,"President's ChoiceYogurt Melt, Mixed Berry1 ea",$3.28
470,PC OrganicsOrganics Broccoli And Kale Baked Whole Grain Corn Puffs42 g,$2.25
471,PC OrganicsSpaghetti in Turkey Meat Sauce185 g,$2.25
472,PC OrganicsToddler Apple Juice1 L,$1.88
473,"President's ChoiceTotal Pediatric Nutrition, Chocolate6x235mL",$9.98
474,PC OrganicsToddler Blue Fruit Twist60 g,$3.98
475,PC OrganicsMango And Carrot Whole Grain Puffs Puffed Cereal42 g,$2.25
476,"President's ChoiceTotal Pediatric Nutrition, Vanilla6x235mL",$9.98
477,"PC OrganicsMini Cereal Bars, Banana Berry160 g",$2.25
478,"PC OrganicsToddler Entrée, Fruity Chicken185 g",$2.25
479,"PC OrganicsFruit, Veggie, & Oat Bars, Raspberry Beet90 g",$2.25
480,"PC OrganicsBlueberry Apple Fruit, Veggie And Oat Bar90 g",$2.25
481,PC OrganicsStars Pasta454 g,$2.25
482,"PC OrganicsToddlers Mini Pasta, Bowties454 g",$2.25
483,PC OrganicsCheddar Cheese Whole Grain Puffs42 g,$2.25
484,PC OrganicsMashed Potatoes & Turkey185 g,$2.25
485,President's ChoiceNaturally Flavoured Toddlers Strawberry Yogurt Snack1 ea,$3.28
486,PC OrganicsBroccoli And Spinach Whole Grain Puffs Puffed Cereal42 g,$2.25
487,PC OrganicsApple And Strawberry Whole Grain Puffs Puffed Cereal42 g,$2.25
488,"PC OrganicsMini Cereal Bars, Blueberry160 g",$2.25
489,PC OrganicsPurple Carrot And Blueberry Whole Grain Puffs Puffed Cereal42 g,$2.25
490,PC OrganicsAnimal Cookies For Toddlers 170 g,$2.25
491,PC OrganicsStrawberry Mango Naturally Flavoured Fruit Snack60 g,$3.98
492,"PC OrganicsCereal, Multigrain Banana125 g",$2.25
493,"PC OrganicsOrange, Carrot & Cinnamon Fruit, Veggie And Oat Bars90 g",$2.25
494,KushiesSilibeads Pacifier Clip1 ea,$11.98
495,Baby Brezza Formula Pro Advanced1 ea,$169.98
496,"MunchkinMiracle 360 Trainer Cup, 7oz1 ea",$7.98
497,Snotsucker Nasal Aspirator1 ea,$21.98
498,LansinohNursing Pads100 ea,$12.98
499,KushiesSilibeads Pacifier Clip1 ea,$11.98
500,Baby Brezza Formula Pro Advanced1 ea,$169.98
501,"MunchkinMiracle 360 Trainer Cup, 7oz1 ea",$7.98
502,Snotsucker Nasal Aspirator1 ea,$21.98
503,LansinohNursing Pads100 ea,$12.98
504,KushiesSilibeads Pacifier Clip1 ea,$11.98
505,Baby Brezza Formula Pro Advanced1 ea,$169.98
506,"MunchkinMiracle 360 Trainer Cup, 7oz1 ea",$7.98
507,Snotsucker Nasal Aspirator1 ea,$21.98
508,SharpieAssorted Pens6x1ea,$10.98
509,PapermateStarter Set5 ea,$4.98
510,GainLaundry Detergent Liquid Pod Blissful Breeze14 ea,$4.98
511,"TideLiquid Pod, Scent Free & Gentle16 ea",$5.48
512,GainLaundry Detergent Liquid 2X High Suds Blissful Breeze Regular2.95 L,$10.98
513,President's ChoiceLawn & Leaf Bags5 ea,$2.98
514,"KleenexHand Towels, White60 ea",$3.48
515,BounceWRINKLE GUARD Sheet Outdoor Fresh40 ea,$5.48
516,"PapermateFlair Felt Tip Pens, Medium Point, Limited Edition Candy Pop16x1ea",$19.98
517,Sistema Multi Split To Go1 ea,$9.48
518,Mr SketchScented Markers10x1ea,$4.98
519,"BicRound Stic Grip, Blue Ink8 Pack",$1.98
520,"SnugglePlus Soft Fresh Sheets, Original1.43 L",$6.48
521,"PapermateFelt Tip Pens, Flair Colours12 ea",$14.98
522,President's ChoiceMini Baking Cups100x1ea,$1.98
523,"PalmoliveUltra Strength, Original887 mL",$3.28
524,ResolveStain Removal Carpet Cleaner650 mL,$6.98
525,ExpoInk Indicator Dry Erase Markers4x1ea,$9.98
526,"No NameGlass Cleaner, Refill2 L",$4.98
527,"BicEvolutions Pencils,2 HB8x1ea",$2.98
528,"No NameDryer Sheets, Mountain200 ea",$8.48
529,ViledaTwist Mop1 ea,$11.98
530,"Centric 8"" Pla Straws50x1ea",$3.98
531,SylvaniaSYL 40W Hallogen B11 CL1 ea,$6.98
532,SharpieSharpener1 ea,$1.98
533,Nature CleanUnscented Liquid Laundry4.50 L,$16.48
534,"GladWax Melts, Warmer1 ea",$14.98
535,"Energizer371 Silver Oxide Button Battery, 1-Pack1 ea",$4.78
536,"President's ChoiceAlkaline Battery, 9V1 ea",$7.48
537,"Nature CleanLaundry Liquid, White Lily & Moroccan Myrrh3 L",$12.98
538,Rubbermaid3.0C/3.0C/5.0C Easy Find Lids Vent Pack3x1ea,$10.48
539,EnergizerAZ675DP Coin Cell Hearing Aid Battery8 ea,$11.98
540,CanonCANON PIXMA TS3120 BLACK1 ea,$39.98
541,President's ChoiceSpring Bliss Single Dose Liquid Laundry Detergent72 ea,$17.98
542,"TideLiquid Pods Plus Febreze, Botanical Rain1.35 kg",$19.98
543,Everyday EssentialsA19 Halogen 28W=40W Replacement Light Bulbs4 Pack,$9.98
544,FebrezeCandle Lavender and Eucalyptus122 g,$6.98
545,"FebrezeAir, Gain Original500 g",$7.48
546,TouchColoured Round Toothpicks in a Jar250 ea,$1.99
547,Scotch-BritePlunger1 ea,$16.98
548,"SwifferDuster, 180 Refill Unscented10x10ea",$10.98
549,No NameBottle Brush1 ea,$4.48
550,Purex4-In-1 Coldwater Ultra Packs68 ea,$15.98
551,TideLaundry Detergent Liquid 2X High Suds Regular Delicates1.18 L,$8.98
552,"GladKitchen Catchers, Regular48 ea",$4.98
553,Air WickEssential Mist Fragrance Oil Diffuser Refill Mandarin & Sweet Tangerine20 mL,$5.00
554,"TideHE Laundry Powder, Original4.70 kg",$22.98
555,"JUMP Kids WorldRectangular Snack Storage with Cool Pack,Green1 ea",$3.98
556,"LOreal ParisLip Color,Blushing Berry3.60 g",$9.98
557,"AnnabelleBronzing Powder, Haute Gold15.40 g",$11.98
558,"Sally HansenRemover, Strengthening295 mL",$5.00
559,"LOreal ParisFull Concealer, Ivory5.20 mL",$13.98
560,"Sally HansenRemover, Extreme Strength295 mL",$5.00
561,"MaybellineEye Concealer ,Light6 mL",$12.98
562,"Cover GirlOil Control , Buff Beige10 g",$8.98
563,"Burt's beesMascara ,Black11.50 g",$13.98
564,Cover GirlLashblast Mascara Very Black13.10 mL,$8.47
565,"Burt's beesMascara ,Black Brown11.50 g",$13.98
566,Rimmel LondonStay Matte Powder Sandstrom14 g,$7.98
567,Cover GirlClump Crusher by Lash Blast Mascara- Very Black1 ea,$8.47
568,MaybellineVolume Colossal Mascara9.20 mL,$5.96
569,"LOreal ParisMagic BB Cream, Light1 ea",$17.98
570,"Sally HansenMiracle Gel, Top Coat1 ea",$8.98
571,AnnabelleSkinny Brow Liner Taupe0.09 g,$7.98
572,"LOreal ParisBrow Definer,Dark Brunette0.24 g",$12.98
573,MaybellineMade For All Pink4.20 g,$8.98
574,"Sally HansenRemover, Moisturizing295 mL",$5.00
575,MarcelleGentle Eye Makeup Remover Pads85 ea,$9.98
576,EssieNail Gel Couture Top Coat13.50 mL,$10.98
577,"MarcelleLight CC Cream,SPF 3530 mL",$29.98
578,MarcelleOil Free Eye Makeup Remover Lotion1 ea,$13.98
579,MarcelleNew Gentle Eye Makeup Remover150 mL,$14.98
580,Cover GirlLashblast Fusion Very Black13.10 mL,$8.47
581,"MaybellineBaby Face BB Cream, Light/Medium1 ea",$10.98
582,Rimmel LondonEye Makeup Remover125 mL,$6.98
583,EssieBase Coat All In One13.50 mL,$10.98
584,"Burt's beesLip Shimmer ,Watermelon3 g",$5.28
585,EssieNail Ballet Slippers13.50 mL,$8.99
586,"LOreal ParisLip Color,Blushing Berry3.60 g",$9.98
587,"AnnabelleBronzing Powder, Haute Gold15.40 g",$11.98
588,"Sally HansenRemover, Strengthening295 mL",$5.00
589,"LOreal ParisFull Concealer, Ivory5.20 mL",$13.98
590,"Sally HansenRemover, Extreme Strength295 mL",$5.00
591,"MaybellineEye Concealer ,Light6 mL",$12.98
592,"Cover GirlOil Control , Buff Beige10 g",$8.98
593,"Burt's beesMascara ,Black11.50 g",$13.98
594,Cover GirlLashblast Mascara Very Black13.10 mL,$8.47
595,"Burt's beesMascara ,Black Brown11.50 g",$13.98
596,Rimmel LondonStay Matte Powder Sandstrom14 g,$7.98
597,Cover GirlClump Crusher by Lash Blast Mascara- Very Black1 ea,$8.47
598,MaybellineVolume Colossal Mascara9.20 mL,$5.96
599,"LOreal ParisMagic BB Cream, Light1 ea",$17.98
600,"Sally HansenMiracle Gel, Top Coat1 ea",$8.98
601,AnnabelleSkinny Brow Liner Taupe0.09 g,$7.98
602,"LOreal ParisBrow Definer,Dark Brunette0.24 g",$12.98
603,MaybellineMade For All Pink4.20 g,$8.98
604,"Sally HansenRemover, Moisturizing295 mL",$5.00
605,MarcelleGentle Eye Makeup Remover Pads85 ea,$9.98
606,EssieNail Gel Couture Top Coat13.50 mL,$10.98
607,"MarcelleLight CC Cream,SPF 3530 mL",$29.98
608,MarcelleOil Free Eye Makeup Remover Lotion1 ea,$13.98
609,MarcelleNew Gentle Eye Makeup Remover150 mL,$14.98
610,Cover GirlLashblast Fusion Very Black13.10 mL,$8.47
611,"MaybellineBaby Face BB Cream, Light/Medium1 ea",$10.98
612,Rimmel LondonEye Makeup Remover125 mL,$6.98
613,EssieBase Coat All In One13.50 mL,$10.98
614,"Burt's beesLip Shimmer ,Watermelon3 g",$5.28
615,EssieNail Ballet Slippers13.50 mL,$8.99
616,"LOreal ParisLip Color,Blushing Berry3.60 g",$9.98
617,"AnnabelleBronzing Powder, Haute Gold15.40 g",$11.98
618,"Sally HansenRemover, Strengthening295 mL",$5.00
619,"LOreal ParisFull Concealer, Ivory5.20 mL",$13.98
620,Cover GirlPerfect Point Pencil Black0.23 g,$6.98
621,Rimmel LondonEye Makeup Remover125 mL,$6.98
622,Rimmel LondonMatte Powder Transparent14 g,$7.98
623,Cover GirlLashblast Fusion Very Black13.10 mL,$8.47
624,Rimmel LondonStay Matte Powder Sandstrom14 g,$7.98
625,"Cover GirlOil Control , Buff Beige10 g",$8.98
626,"EssieLuxeffects ,Summit Of Style13.50 mL",$8.99
627,"Sally HansenRemover, Extreme Strength295 mL",$5.00
628,Cover GirlClump Crusher by Lash Blast Mascara- Very Black1 ea,$8.47
629,Cover GirlLashblast Mascara Very Black13.10 mL,$8.47
630,Cover GirlPerfect Point Pencil Black0.23 g,$6.98
631,Rimmel LondonEye Makeup Remover125 mL,$6.98
632,Rimmel LondonMatte Powder Transparent14 g,$7.98
633,Cover GirlLashblast Fusion Very Black13.10 mL,$8.47
634,Rimmel LondonStay Matte Powder Sandstrom14 g,$7.98
635,"Cover GirlOil Control , Buff Beige10 g",$8.98
636,"EssieLuxeffects ,Summit Of Style13.50 mL",$8.99
637,"Sally HansenRemover, Extreme Strength295 mL",$5.00
638,Cover GirlClump Crusher by Lash Blast Mascara- Very Black1 ea,$8.47
639,Cover GirlLashblast Mascara Very Black13.10 mL,$8.47
640,Cover GirlPerfect Point Pencil Black0.23 g,$6.98
641,Rimmel LondonEye Makeup Remover125 mL,$6.98
642,Rimmel LondonMatte Powder Transparent14 g,$7.98
643,Cover GirlLashblast Fusion Very Black13.10 mL,$8.47
644,NiveaSOS Repair & Care Body Lotion625 mL,$8.48
645,DivaCupDivaCup Menstrual Cup1 ea,$39.98
646,"NiveaMen, Revitalizing Body Lotion625 mL",$8.98
647,"OlayAge Defying ADVANCED Gel Moisturizer with Hyaluronic Acid, 50 mL50 mL",$19.99
648,Crate 61 All Natural Lemongrass110 g,$3.98
649,"GilletteDisposable Razors, Men's4 ea",$6.28
650,MedihealAcaiberry-Ade Mask25 mL,$1.99
651,NiveaEssentials Day Cream Dry Skin SPF 1550 MM,$9.28
652,DoveDove Sensitive Skin Nourishing Body Wash Unscented1 L,$10.00
653,Live CleanFace Mineral Sunscreen Lotion SPF 45113 g,$16.98
654,"DegreeDeodorant Dry Spray, Citrus and Bergamot107 g",$4.98
655,Life BrandEye Makeup Remover175 mL,$6.48
656,MijinCollagen Essence Mask23 g,$0.99
657,"NeutrogenaMakeup Remover Cleansing Wipes, Trial Size7 ea",$2.98
658,"NiveaMens, Deep Shaving Gel198 g",$4.28
659,"Life BrandLiners Contour, Extra Long, 42 Units40 ea",$3.98
660,AveenoAbsolutely Ageless48 mL,$21.98
661,"NiveaAntiperspirant Roll-On, Stress Protect50 mL",$3.79
662,"OlayNight of Olay Firming Night Cream Face Moisturizer, 56 mL56 g",$10.98
663,Thera TearsThera Tears Lubricant Eye Drops24 ea,$12.48
664,DoveShower Mousse Coconut Oil292 g,$10.99
665,RefreshLiquigel Lubricant Eye Drops15 mL,$11.49
666,C.Booth Egyptian Argan Oil Body Butter227 g,$9.99
667,ListerineTotal Care For Sensitive Teeth Clean Mint Antiseptic Mouthwash250 mL,$4.00
668,CrestScope Advanced Mouthwash1 L,$7.50
669,NiveaMen Shaving Gel198 g,$4.28
670,It's SkinCollagen Eye Mask Sheet17 g,$2.00
671,GilletteMach 3 Razor Cartridge4 ea,$9.28
672,BlistexDCT Daily Conditioning Treatment for Lips7 g,$3.50
673,Life BrandFace Mask Sheets Rose and Cherry1 ea,$2.00
674,"OlayMask Overnight Gel Mask Firming, Vitamin A50 mL",$25.98
675,Old SpiceAfter Shave Lotion125 mL,$8.99
676,ColgateSensitive Pro-Relief Smart White Fluoride Toothpaste75 mL,$6.48
677,"LOreal ParisHydra-Total 5 Ultra-Soothing Moisturizer, Dry/Sensitive Skin50 mL",$13.98
678,"NiveaEssential Lip Balm, Twin Pack2x4.80g",$3.25
679,"PalmersCocoa Butter Formula, Massage Lotion for Stretch Marks250 mL",$5.98
680,SystaneOriginal Lubricant Eye Drops30 mL,$19.48
681,"GilletteShave Gel, Ultra Sensitive198 g",$3.28
682,NiveaCrème Tin30 mL,$1.48
683,"Natures BasicsNature's Basic Foam Bath, Exotic700 mL",$5.49
684,Desert EssenceNatural Tea Tree Oil Ultra Care Mouthwash473 mL,$8.48
685,"LOreal ParisPure-Clay Mask, Detox50 mL",$10.54
686,Andalou NaturalsClementine & C Illuminating Toner178 mL,$15.78
687,AveenoDaily Moisturizing Lotion354 mL,$8.98
688,"OlayComplete Daily Moisture Cream for Normal Skin Types, 60 mL60 mL",$10.48
689,GilletteMach3 Cartridges12 ea,$29.98
690,"TampaxSuper Plastic Tampons, Unscented, 16 Count16 ea",$5.28
691,BioreCharcoal Whipped Detox Mask Facial110 g,$8.98
692,"HallsMento-Lyptus, Black Cherry (Case)20x9ea",$17.98
693,Russell StoverAssorted Fruit Candies150 g,$3.28
694,"TumsChewies, Orange Rush32 ea",$4.48
695,uTemp 10 Second Flex Tip Digital Thermometer1 ea,$14.98
696,"Sleep Eze DD Gel Caps, Extra Strength20 ea",$7.98
697,NutrisanteBamboo Capsules60 ea,$20.49
698,Clean & ClearClean & Clear Persa-Gel 528 g,$8.98
699,Dr Scholls2 Drop Corn & Callous Remedy10 mL,$9.98
700,NeilMedPremixed Packets70 ea,$18.48
701,ExactLatex Free Waterproof Patch Bandage10 ea,$3.98
702,DiurexWater Pills18 ea,$7.28
703,AstroglidePersonal Lubricant71 g,$11.98
704,KiwiEveryday Gel Insoles Everyday Comfort Size 8-13 1 Pair1 ea,$12.98
705,RestoralaxRestoraLAX Powder 10 Sachets10 ea,$15.98
706,Milk Chocolate with Quinoa34 g,$1.88
707,Robax PlatinumCaplets18 ea,$13.98
708,Compound WPlus Liquid10 mL,$19.48
709,"Pepto-BismolOriginal Liquid for Nausea, Heartburn, Indigestion, Upset Stomach, Diarrhea Relief115 mL",$4.98
710,ExactNasal Spray30 mL,$5.98
711,ExactLatex Free Clear Waterproof Bandage30 ea,$3.98
712,Band-AidAdvanced Healing Blister6 ea,$6.48
713,PolysporinCracked Skin Balm312 g,$16.99
714,"Dr SchollsHeel Relief, Women's1 ea",$12.48
715,HydralyteElectrolyte Maintenance Powders10 ea,$10.48
716,JamiesonHealthy Sleep30 ea,$18.98
717,RobaxacetExtra Strength Caplets40 ea,$25.98
718,"AlwaysDiscreet Boutique, Incontinence Underwear for Women, Maximum Protection, Large18 ea",$29.98
719,"PoisePads, Ultimate Regular33 ea",$14.97
720,OrajelHomeopathic Nighttime Teething Gel9.40 g,$9.48
721,DurexCondoms Ultra Thin Avanti Bare24 ea,$19.98
722,"GavisconExtra Strength, Cherry60 ea",$13.98
723,"ExactHerbal Cough Drops, Honey Lemon & Echinacea20 ea",$1.98
724,"VicksNasal Decongestant Cough Suppressant Ointment, Lavender Scent57 mL",$5.48
725,"NicoretteMini Lozenge, Mint22 ea",$14.98
726,ExactCohesive Tape1 ea,$3.78
727,AleveTablets10 ea,$3.78
728,ExactEyeglass Cleaner60 mL,$3.98
729,CoricidinExtra Strength Cold & Flu20 ea,$9.48
730,"TensorSport Antimicrobial Deluxe Wrist Brace, Right L/XL1 ea",$32.98
731,"ClaritinRapid Disslolve, Mint Flavour50 ea",$31.98
732,Aerius5 Mg Tablets40 ea,$29.98
733,Wake UpsTablets100 ea,$10.98
734,DristanNasal Mist15 mL,$6.98
735,TrojanNaked Sensations Pure Pleasure Condoms10 ea,$10.48
736,"TylenolInfant, Dye Free Drops24 mL",$6.98
737,"DependsNight Defense Underwear for Women, Large14 ea",$14.97
738,"ImodiumComplete, Diarrhea Plus Gas20 ea",$21.98
739,LifestylesSkyn Aqua Feel Personal Lubricant80 mL,$9.98
740,"ExactFolic Acid, 1000mcg365 ea",$12.98
741,Natural CalmIonic Magnesium Citrate Powder Organic Cherry Flavour452 g,$49.98
742,Purely InspiredPurely Inspired Garcinia Cambogia60 ea,$20.98
743,Omega AlphaVitamin D3 Drops 1000 IU120 mL,$16.98
744,Raw Organic Chocolate Protein Powder664 g,$57.48
745,"PrecisionAll Natural Whey Protein, French Vanilla Creme850 g",$44.48
746,"Webber NaturalsOmega-3 1250 mg, Lemon Cake200 mL",$26.98
747,BachRescue Sleep Liquid Melts28 ea,$8.98
748,"Genuine HealthVegan Proteins+, Natural Vanilla780 g",$49.98
749,President's ChoiceVanilla Ultra Shake Meal Replacement6x237mL,$10.98
750,Webber NaturalsMaca for Women60 ea,$25.98
751,CitracalCalcium Citrate with Vitamin D120 ea,$23.98
752,JamiesonSiberian Ginseng100 ea,$15.98
753,Webber NaturalsCoenzyme Q10 150mg60 ea,$23.98
754,Sundown NaturalsSundownNaturals Folic Acid 1 mg 200 Tablets200 ea,$9.98
755,Protein Powder Original Bone Broth300 g,$41.98
756,Platinum NaturalsEasy Iron Capsules60 ea,$21.98
757,"Genuine HealthGreens+ Daily Detox, Natural Green Apple    406 g",$60.28
758,JamiesonCo-Q10 with Omega 330 ea,$17.99
759,Garden of Life Dr. Formulated Probiotics Once Daily Men's 50 Billion 30 Vegetarian Capsules30 ea,$49.48
760,JamiesonCoQ10 500mg Gummies30 ea,$29.98
761,"VegaSport Electrolyte Hydrator, Lemon Lime12x30ea",$24.78
762,"ClifBuilder's Protein Bar, Crunchy Peanut Butter68 g",$1.28
763,ExactEye Formula with Lutein50 ea,$9.98
764,One A DayMen's Gummies60 ea,$12.98
765,SisuMulti Expecting Capsules120 ea,$24.98
766,First ResponsePrenatal Multivitamin with Folic Acid 90 Gummy Vitamins90 ea,$13.98
767,Nature's BountyNature'sBounty Turmeric Curcumin 1000 mg Value Size 90 Capsules90 ea,$24.98
768,Sundown NaturalsVitamin D3 1000 IU 100 Softgels100 ea,$10.99
769,Nature's BountyGinkgo Biloba100 ea,$15.98
770,"GenacolGenacol, 400mg90 ea",$34.98
771,SisuVitamin B Complex60 ea,$19.98
772,Metabolic B1290 ea,$14.99
773,SisuCool B5060 ea,$10.98
774,New ChapterOne Daily Multi Every Man's 55+ 48 Tablets48 ea,$58.98
775,Webber NaturalsMagnesium Bisglycinate 200 mg 60 Vegetarian Capsules60 ea,$13.98
776,"Sport Whey, Creamy Vanilla908 g",$34.98
777,Nature's BountyNature'sBounty Biotin 5000 mcg 100 Softgels100 ea,$13.98
778,"CaltratePlus, Calcium Carbonate with Vitamin D60 ea",$14.98
779,ProgressiveActive Women Multivitamins120 ea,$33.98
780,FemMedMenopause Relief60 ea,$27.99
781,MidolExtra Strength PMS Caplets32 ea,$7.98
782,"JamiesonFolic Acid, 0.4mg200 ea",$6.49
783,"LakotaJoint Care Formula, Extra Strength75 ea",$25.99
784,JamiesonCranberry 250mg100 ea,$11.98
785,St Francis Herb FarmCanadian Bitters50 mL,$19.98
786,"SisuCalcium, Magnesium & Vitamin D200 ea",$15.98
787,VitaluxAdvanced Ocular Multivitamin120 ea,$28.98
788,Spiral Birthday Candles12x1ea,$1.00
789,OxoSoftWorks Kitchen and Herb Scissors1 ea,$22.98
790,"Life at HomeMuseum Frame, White 8 x 10in1 ea",$11.98
791,"Plastic Tablecover, Rectangular, Red Foil1 ea",$6.00
792,"Round 9"" Plates, Yellow1 ea",$1.25
793,President's Choice7oz Ramekin with Basket1 ea,$5.98
794,"18ct Forks, Gold1 ea",$1.25
795,"StarfritPancake Pan, 9.8 in1 ea",$24.98
796,"Balloon Cake Topper, Gold 91 ea",$2.00
797,Tera Gear3-in-1 Grill Brush1 ea,$4.00
798,Everyday EssentialsLittle Notebook 400pages1 ea,$1.98
799,"Plate 7"", Rainbow Foil8x1ea",$2.25
800,"50 Lunch Napkins, Powder Blue50x1ea",$0.04
801,Life at HomeTabletop Gas Firepit1 ea,$104.00
802,T-FalT-fal Intuition 9 Piece Cookware Set1 ea,$199.98
803,"Pick Candles, Happy Birthday1 ea",$2.00
804,"Lime Green 8"" Honeycomb Ball1 ea",$2.00
805,"Plastic Tablecover, Rectangular Minecraft1 ea",$3.00
806,"Lunch Napkins, Floral Fairy Sparkle1 ea",$2.50
807,Scotch16 Felt Pads 25.4 mm1 ea,$6.48
808,"3MCommand Hooks Value Pack, S1 ea",$10.98
809,President's ChoiceStainless Steel Professional Mandoline Slicer1 ea,$52.98
810,3MPainter's Tape 36 mm1 ea,$7.98
811,Mega BloksCaterpillar Cement Mixer1 ea,$24.98
812,CrayolaSupertip Markers50x1ea,$10.48
813,Curved Smart Rod Tension Shower Bar1 ea,$39.98
814,Everyday EssentialsIce Pop Molds1 ea,$3.00
815,President's ChoiceHeavy Duty Roaster1 ea,$39.98
816,"Everyday EssentialsDuvet, Double Queen1 ea",$59.98
817,ElmersExtra Strength Glue Stick3x1ea,$2.68
818,StarfritCompact Hand V-Slicer1 ea,$8.48
819,EnergizerWeatheready Waterproof LED Light 50 Lumens1 ea,$13.98
820,EnergizerWeatheready LED 2 in 1 Light Flashlight1 ea,$16.98
821,"1  Gold ""5""1 ea",$6.00
822,"Lunch Napkins, Mint50x1ea",$3.00
823,"White 12"" Doilies1 ea",$2.50
824,"JoieStar Grill Lump Charcoal, 10 lb    4.54 kg",$9.98
825,"StarfritChef Deep Pan with Lid, 30 cm1 ea",$32.98
826,Kitchen AidKitchenAid Food Chopper1 ea,$49.98
827,"Photo Backdrop, Damask1 ea",$5.00
828,10-Inch Round Roaster 4-7 lbs1 ea,$9.98
829,"Centrepiece Sticks, Foil, Pineapple Wedding3x1ea",$3.00
830,"Foil Plates, Black and Gold8x1ea",$2.25
831,UniqueDisney Frozen Loot Bags8x1ea,$2.34
832,Life at HomeRectangle Accent Patio Cushion Coral Dots1 ea,$10.00
833,Everyday EssentialsPack of 100 Bamboo Skewers 8” / 20.3 cm100x1ea,$2.98
834,"Beverage Napkin, Pineapple Wedding Foil Stamped16x1ea",$2.25
835,Life at HomeHinged Glide Hook1 ea,$7.98
836,PampersBaby-Dry Diapers Size 5 78 Count78 ea,$26.98
837,PampersBaby-Dry Diapers Size 4 92 Count92 ea,$26.98
838,PampersBaby-Dry Diapers Size 6 64 Count64 ea,$26.98
839,PampersBaby-Dry Diapers Size 3 104 Count104 ea,$26.98
840,"PC OrganicsMini Cereal Bars, Blueberry160 g",$2.25
841,PC OrganicsPurple Carrot And Blueberry Whole Grain Puffs Puffed Cereal42 g,$2.25
842,PC OrganicsAnimal Cookies For Toddlers 170 g,$2.25
843,"PC OrganicsCereal, Multigrain Banana125 g",$2.25
844,PC OrganicsMango And Carrot Whole Grain Puffs Puffed Cereal42 g,$2.25
845,"PC OrganicsMini Cereal Bars, Banana Berry160 g",$2.25
846,"PC OrganicsToddler Entrée, Fruity Chicken185 g",$2.25
847,"PC OrganicsMini Cereal Bars, Apple, Acai160 g",$2.25
848,President's ChoiceNaturally Flavoured Toddlers Strawberry Yogurt Snack1 ea,$3.28
849,"PC OrganicsMini Cereal Bars, Berry Pomegranate160 g",$2.25
850,"President's ChoiceYogurt Melt, Mixed Berry1 ea",$3.28
851,PC OrganicsMashed Potatoes & Turkey185 g,$2.25
852,"President's ChoiceTotal Pediatric Nutrition, Vanilla6x235mL",$9.98
853,PC OrganicsToddler Blue Fruit Twist60 g,$3.98
854,PC OrganicsToddler Apple Juice1 L,$1.88
855,PC OrganicsStars Pasta454 g,$2.25
856,PC OrganicsSpaghetti in Turkey Meat Sauce185 g,$2.25
857,"PC OrganicsBlueberry Apple Fruit, Veggie And Oat Bar90 g",$2.25
858,PC OrganicsOrganics Broccoli And Kale Baked Whole Grain Corn Puffs42 g,$2.25
859,"President's ChoiceTotal Pediatric Nutrition, Chocolate6x235mL",$9.98
860,"PC OrganicsFruit, Veggie, & Oat Bars, Raspberry Beet90 g",$2.25
861,"PC OrganicsToddlers Mini Pasta, Bowties454 g",$2.25
862,PC OrganicsCheddar Cheese Whole Grain Puffs42 g,$2.25
863,PC OrganicsStrawberry Mango Naturally Flavoured Fruit Snack60 g,$3.98
864,"PC OrganicsOrange, Carrot & Cinnamon Fruit, Veggie And Oat Bars90 g",$2.25
865,PC OrganicsBroccoli And Spinach Whole Grain Puffs Puffed Cereal42 g,$2.25
866,PC OrganicsApple And Strawberry Whole Grain Puffs Puffed Cereal42 g,$2.25
867,"PC OrganicsMini Cereal Bars, Blueberry160 g",$2.25
868,PC OrganicsPurple Carrot And Blueberry Whole Grain Puffs Puffed Cereal42 g,$2.25
869,PC OrganicsAnimal Cookies For Toddlers 170 g,$2.25
870,"PC OrganicsCereal, Multigrain Banana125 g",$2.25
871,PC OrganicsMango And Carrot Whole Grain Puffs Puffed Cereal42 g,$2.25
872,"PC OrganicsMini Cereal Bars, Banana Berry160 g",$2.25
873,"PC OrganicsToddler Entrée, Fruity Chicken185 g",$2.25
874,"PC OrganicsMini Cereal Bars, Apple, Acai160 g",$2.25
875,President's ChoiceNaturally Flavoured Toddlers Strawberry Yogurt Snack1 ea,$3.28
876,"PC OrganicsMini Cereal Bars, Berry Pomegranate160 g",$2.25
877,"President's ChoiceYogurt Melt, Mixed Berry1 ea",$3.28
878,PC OrganicsMashed Potatoes & Turkey185 g,$2.25
879,"President's ChoiceTotal Pediatric Nutrition, Vanilla6x235mL",$9.98
880,PC OrganicsToddler Blue Fruit Twist60 g,$3.98
881,PC OrganicsToddler Apple Juice1 L,$1.88
882,PC OrganicsStars Pasta454 g,$2.25
883,PC OrganicsSpaghetti in Turkey Meat Sauce185 g,$2.25
884,"PC OrganicsBlueberry Apple Fruit, Veggie And Oat Bar90 g",$2.25
885,PC OrganicsOrganics Broccoli And Kale Baked Whole Grain Corn Puffs42 g,$2.25
886,"President's ChoiceTotal Pediatric Nutrition, Chocolate6x235mL",$9.98
887,"PC OrganicsFruit, Veggie, & Oat Bars, Raspberry Beet90 g",$2.25
888,"PC OrganicsToddlers Mini Pasta, Bowties454 g",$2.25
889,PC OrganicsCheddar Cheese Whole Grain Puffs42 g,$2.25
890,PC OrganicsStrawberry Mango Naturally Flavoured Fruit Snack60 g,$3.98
891,"PC OrganicsOrange, Carrot & Cinnamon Fruit, Veggie And Oat Bars90 g",$2.25
892,PC OrganicsBroccoli And Spinach Whole Grain Puffs Puffed Cereal42 g,$2.25
893,PC OrganicsApple And Strawberry Whole Grain Puffs Puffed Cereal42 g,$2.25
894,"PC OrganicsMini Cereal Bars, Blueberry160 g",$2.25
895,PC OrganicsPurple Carrot And Blueberry Whole Grain Puffs Puffed Cereal42 g,$2.25
896,PC OrganicsAnimal Cookies For Toddlers 170 g,$2.25
897,"PC OrganicsCereal, Multigrain Banana125 g",$2.25
898,"MunchkinMiracle 360 Trainer Cup, 7oz1 ea",$7.98
899,KushiesSilibeads Pacifier Clip1 ea,$11.98
900,Baby Brezza Formula Pro Advanced1 ea,$169.98
901,Snotsucker Nasal Aspirator1 ea,$21.98
902,LansinohNursing Pads100 ea,$12.98
903,"MunchkinMiracle 360 Trainer Cup, 7oz1 ea",$7.98
904,KushiesSilibeads Pacifier Clip1 ea,$11.98
905,Baby Brezza Formula Pro Advanced1 ea,$169.98
906,Snotsucker Nasal Aspirator1 ea,$21.98
907,LansinohNursing Pads100 ea,$12.98
908,"MunchkinMiracle 360 Trainer Cup, 7oz1 ea",$7.98
909,KushiesSilibeads Pacifier Clip1 ea,$11.98
910,Baby Brezza Formula Pro Advanced1 ea,$169.98
911,Snotsucker Nasal Aspirator1 ea,$21.98
912,Blueberries340 g,$5.98
913,Cantaloupe1 ea,$2.98
914,Farmer's MarketPeaches1 kg,$5.98
915,Lettuce Iceberg1 ea,$2.48
916,Farmer's MarketMini Cucumbers6 Pack,$3.98
917,Romaine Lettuce1 ea,$2.98
918,English Cucumber1 ea,$1.98
919,"Spinach, Bunched1 ea",$1.68
920,Sweet Green Peppers,$1.84
921,Green Swiss Chard1 ea,$3.98
922,Red Peppers    ,$1.58
923,Red Leaf Lettuce1 ea,$2.48
924,Green Leaf Lettuce1 ea,$2.48
925,Purple Eggplants,$2.49
926,Farmer's MarketFM English Cucumber 3Ct3 Pack,$3.98
927,Broccoli Crowns,$2.08
928,Kale1 ea,$2.48
929,Red Swiss Chard1 ea,$3.98
930,Green Onion1 bunch,$1.48
931,Leeks1 bunch,$4.98
932,Radishes1 bunch,$1.48
933,Green Beans,$0.33
934,Celery Stalks1 ea,$2.98
935,Broccoli1 ea,$2.98
936,"Red Beets, Bunched1 bunch",$3.98
937,Cauliflower1 ea,$4.98
938,Red Cabbage,$2.87
939,"Greenhouse Peppers, Yellow",$1.64
940,"Carrots, Bunched1 bunch",$2.48
941,Zucchini,$1.22
942,"Greenhouse Peppers, Orange",$1.58
943,Farmer's MarketMini Cucumbers8 Pack,$3.99
944,Green Cabbage,$2.52
945,Farmer's MarketSweet Baby Peppers4 Pack,$3.98
946,Lettuce Iceberg1 ea,$2.48
947,Farmer's MarketMini Cucumbers6 Pack,$3.98
948,Romaine Lettuce1 ea,$2.98
949,English Cucumber1 ea,$1.98
950,"Spinach, Bunched1 ea",$1.68
951,Sweet Green Peppers,$1.84
952,Green Swiss Chard1 ea,$3.98
953,Red Peppers    ,$1.58
954,Red Leaf Lettuce1 ea,$2.48
955,Green Leaf Lettuce1 ea,$2.48
956,Purple Eggplants,$2.49
957,Farmer's MarketFM English Cucumber 3Ct3 Pack,$3.98
958,Broccoli Crowns,$2.08
959,Kale1 ea,$2.48
960,Red Swiss Chard1 ea,$3.98
961,Green Onion1 bunch,$1.48
962,Leeks1 bunch,$4.98
963,Radishes1 bunch,$1.48
964,Green Beans,$0.33
965,Celery Stalks1 ea,$2.98
966,Broccoli1 ea,$2.98
967,"Red Beets, Bunched1 bunch",$3.98
968,Cauliflower1 ea,$4.98
969,Red Cabbage,$2.87
970,"Greenhouse Peppers, Yellow",$1.64
971,"Carrots, Bunched1 bunch",$2.48
972,Zucchini,$1.22
973,"Greenhouse Peppers, Orange",$1.58
974,Farmer's MarketMini Cucumbers8 Pack,$3.99
975,Green Cabbage,$2.52
976,Farmer's MarketSweet Baby Peppers4 Pack,$3.98
977,Lettuce Iceberg1 ea,$2.48
978,Farmer's MarketMini Cucumbers6 Pack,$3.98
979,Romaine Lettuce1 ea,$2.98
980,English Cucumber1 ea,$1.98
981,"President's ChoiceWhite Mushrooms, Whole227 g",$2.28
982,Villagio Marzano Tomatoes681 g,$6.98
983,Curly Parsley1 ea,$1.48
984,White Mushrooms,$0.26
985,"President's ChoiceCremini Mushrooms, Whole227 g",$2.28
986,Tomato on the Vine Red,$4.66
987,President's ChoiceWhite Mushrooms454 g,$3.28
988,Italian Parsley1 ea,$1.48
989,Cilantro1 ea,$0.68
990,Tomato Beefsteak  Red,$1.76
991,"President's ChoiceWhite Mushrooms, Whole227 g",$2.28
992,Villagio Marzano Tomatoes681 g,$6.98
993,Curly Parsley1 ea,$1.48
994,White Mushrooms,$0.26
995,"President's ChoiceCremini Mushrooms, Whole227 g",$2.28
996,Tomato on the Vine Red,$4.66
997,President's ChoiceWhite Mushrooms454 g,$3.28
998,Italian Parsley1 ea,$1.48
999,Cilantro1 ea,$0.68
1000,Tomato Beefsteak  Red,$1.76
1001,"President's ChoiceWhite Mushrooms, Whole227 g",$2.28
1002,Villagio Marzano Tomatoes681 g,$6.98
1003,Curly Parsley1 ea,$1.48
1004,White Mushrooms,$0.26
