,Item,Price
0,Farmer's MarketMixed Mini Potatoes5 lb bag,$6.98
1,Chinese Broccoli,$2.67
2,Organic Bartlett Pears3 lb bag,$4.98
3,DoleChop Chop Chipotle & Cheddar Salad Kit366 g,$3.98
4,Fuyu Persimmon1 ea,$0.78
5,Honeydew Melon1 ea,$3.98
6,PC OrganicsEnoki Whole Mushrooms150 g,$2.98
7,President's ChoiceCocktail Tomatoes340 g,$3.98
8,Santa Claus Melons,$6.20
9,Anjou Pears,$1.05
10,DoleAsian Island Crunch303 g,$4.98
11,English Cucumber1 ea,$1.68
12,Yellow Peaches907 g,$4.98
13,PC OrganicsField Greens & Baby Spinach312 g,$5.98
14,POM Wonderful100% Pomegranate Juice473 mL,$4.98
15,Cilantro,$2.61
16,POM WonderfulPomegranate Juice710 mL,$6.98
17,Farmer's MarketFM CarrotsMini 2LB2 lb bag,$3.98
18,"Green House Tomato, Beef Red454 g",$2.00
19,Yellow Asian Pears,$1.40
20,President's ChoiceRomaine Salad0.26 kg,$2.98
21,Envy Apples,$1.09
22,Vietnamese Basil,$1.94
23,Fuji Apples,$1.31
24,Italian Parsley1 ea,$1.48
25,Pearl Onion250 g,$2.98
26,Mission Figs227 g,$4.78
27,PC OrganicsBartlett Pears,$1.09
28,"Navel Orange, Medium",$1.49
29,Shanghai Bok Choy,$2.80
30,White Onion,$1.62
31,Sweet Onion,$2.01
32,Bean Sprouts454 g,$1.98
33,Vine Tomato (Single Tomato),$1.40
34,Curly Parsley1 ea,$1.48
35,Blueberries340 g,$7.98
36,Cassava,$1.47
37,President's ChoicePink Muscat Grapes,$8.95
38,Summer FreshGreek Pasta Salad800 g,$6.98
39,Parsnip,$1.37
40,Red Leaf Lettuce1 ea,$2.98
41,Apple Slices280 g,$4.00
42,"PC OrganicsOrganic Bananas, Bunch",$2.38
43,Farmer's MarketMini Cucumbers1 kg,$5.00
44,BolthouseStrawberry Banana450 mL,$3.98
45,Red Swiss Chard1 ea,$3.98
46,No NameGreen Peppers1130 g,$2.98
47,BolthouseChocolate Protein Plus450 mL,$3.98
48,President's ChoiceSouthern-Style Turkey Breast Strips0.91 kg,$13.98
49,President's ChoiceMaple Flavoured Naturally Smoked Bacon500 g,$5.98
50,President's ChoiceFresh Rack Of Lamb,$26.43
51,President's ChoiceRotisserie-Style Chicken Wings907 g,$13.98
52,"President's ChoiceCertified Angus Beef, Tenderloin Grilling Steak",$27.78
53,"High LinerFish In Tempura Batter, Haddock350 g",$8.48
54,Sirloin Tip Oven Roast,$18.86
55,President's ChoiceCooked 31-40 Shrimp400 g,$12.00
56,"President's ChoiceCheese Bites, Tortilla & Jalapeño436 g",$7.98
57,PillersOriginal Breakfast Sausage250 g,$4.78
58,"PC Blue MenuBlue Menu Wild Sea Scallops, 100/150400 g",$9.74
59,"No NameSmoked Sausages, Cheese900 g",$7.98
60,High LinerCatch of the Day Salmon Fillets680 g,$9.98
61,President's ChoiceChicken Samosas288 g,$5.98
62,Fresh Whole Lane Snapper,$8.56
63,St. Hubert-ExceldorTourtière800 g,$12.98
64,Blue WaterSmart & Crunchy Breaded Fish Fingers445 g,$6.48
65,President's ChoiceWild Atlantic Cod Fillets 280 g,$6.99
66,"President's ChoiceFree From Chicken Wings, Club Pack",$14.51
67,Halal Marinated Lamb Chops,$11.34
68,No NameOriginal Hot Dogs    450 g,$3.48
69,President's ChoiceSmokin' Stampede Just Flats Gigantico Chicken Winglets907 g,$14.98
70,PillersPolish Sausage375 g,$5.48
71,RoyalRoyal Beef Fondue300 g,$6.99
72,MarcangeloMA KOREAN BBQ BEEF STEAK TIPS600 g,$10.00
73,"Beef Liver, Sliced",$4.37
74,No NameOriginal Smoked Sausages900 g,$7.98
75,President's ChoiceOld Fashion Bacon1 kg,$11.98
76,President's ChoiceHoney Barbecue Pork Back Ribs680 g,$9.98
77,President's ChoicePuff Pastry Hors D'Oeuvres Collection800 g,$13.98
78,Halal Extra Lean Ground Beef,$11.43
79,"President's ChoiceSmokies, Original1 kg",$10.98
80,"European Sea Bream, Whole",$14.97
81,President's ChoiceCooked Peeled Responsibly Farmed Jumbo Pacific White Shrimp400 g,$17.00
82,President's ChoicePC FREE FROM LEAN GROUND BEEF454 g,$9.00
83,"Pork Loin Chop, Boneless",$14.20
84,President's ChoiceTempura Torpedo Shrimp With Sweet Soy Dipping Sauce340 g,$11.98
85,"SeaquestCalamari Rings, Uncooked340 g",$7.00
86,Pork Tenderloin 2Pk,$14.00
87,SeaquestTilapia Fillets400 g,$8.00
88,"JanesBoneless Chicken Bites, BBQ900 g",$11.98
89,Whole Chicken,$10.01
90,"President's ChoiceSpring Rolls, Chicken574 g",$9.98
91,"President's ChoiceCertified Angus Beef, Top Sirloin Boneless Steak",$10.04
92,Italian Sausage Fennel Hot900 g,$7.98
93,President's ChoiceChicken Thigh Club Pack,$9.22
94,President's ChoiceCreamy Bacon Pacific White Shrimp With A Rich And Creamy Bacon Sauce480 g,$12.98
95,President's ChoiceNashville Style Shrimp 340 g,$8.24
96,KraftOriginal Slices410 g,$4.98
97,Coffee MateBliss Almond Caramel473 mL,$2.98
98,"No NameCheese, Light Old Cheddar400 g",$5.78
99,"Danone CreamyCreamy Yogurt, Raspberry/Strawberry/Peach Flavour, 100g (Pack of 16)16x100g",$4.98
100,Coffee MateDouble Double-Mate Liquid Coffee Enhancer946 mL,$3.48
101,"Gray RidgeGrade A Brown Eggs, Extra Large12 Eggs",$4.68
102,President's ChoiceVanilla Skyr Icelandic Style 0% M.F. Yogurt4x100g,$3.98
103,YoplaitSmootie Strawberry-Banana250 g,$1.18
104,"Yoplait YopDrinkable Yogurt, Strawberry/Raspberry/Strawberry-Banana    6x200mL",$5.48
105,Neilson2% Milk237 mL,$1.68
106,"President's ChoiceSkyr Yogurt, Raspberry, 4% m.g.500 g",$4.78
107,"Danone ActiviaYogurt with Probiotics, Lemon Pineapple Flavour, 100g (Pack of 8)8x100g",$3.33
108,"OikosGreek Yogurt, Triple Zero, Fat Free, No Preservatives, No Artificial Sweeteners, Mixed Berry Flavour, 100g (Pack of 4)4x100g",$3.33
109,"Yoplait SourceDessert Yogurt, Lemon Meringue Parfait/Strawberry Chantilly/Raspberry Cranberry Crumble/Cherry Delight16x100g",$6.28
110,"NordicaCottage Cheese, 2%750 g",$5.48
111,BabybelMini Babybel Original120 g,$4.28
112,Gay LeaReal Coconut Whipped Cream225 g,$2.78
113,PhiladelphiaWhipped Chives Cream Cheese227 g,$4.48
114,"LiberteMéditerranée Yogurt, Coconut 9%500 g",$3.98
115,Earths OwnEarth's Own Oat Chocolate Gable1.75 L,$3.98
116,"BabybelMini Babybel Light, 18 Pack360 g",$12.00
117,NeilsonOrganic Homogenized Milk2 L,$6.68
118,"BaileysCoffee Creamer, Caramel400 mL",$3.37
119,"Yoplait MinigoStrawberry, Strawberry-Banana, Strawberry-Vanilla6x60g",$3.48
120,PhiladelphiaWhipped Original Cream Cheese227 g,$4.48
121,Cracker BarrelMedium Cheddar Cheese Slices240 g,$4.78
122,"Fair Life Ultra Filtered Milk, 2%240 mL",$2.28
123,"Danone DanactiveDanActive Yogurt Drink, Strawberry Flavour, 93ml (Pack of 8)8x93mL",$4.98
124,"Yoplait YopTropix Drinkable Yogurt, Strawberry Banana (Case)12x200mL",$9.99
125,NeilsonTruTaste Skim Milk4 L,$5.78
126,PhiladelphiaHerb & Garlic Cream Cheese340 g,$5.98
127,"NordicaCottage Cheese Smooth, Blueberry Acai450 g",$3.78
128,PhiladelphiaOnion Dip227 g,$3.48
129,"No NameSour Cream, Regular250 mL",$1.98
130,Cracker BarrelLight Marble Cheddar Cheese400 g,$7.48
131,"So NiceOrganic Almond Milk, Unsweetened1.75 L",$4.28
132,"OikosGreek Yogurt,High Protein, Lemon Meringue Flavour, 4% M.F, 95g (Pack of 4)4x95g",$3.33
133,NeilsonTable Cream237 mL,$2.38
134,No NameWhipped Topping 225 g,$2.48
135,PCHavarti Cheese400 g,$5.88
136,"Danone ActiviaYogurt with Probiotics, Plain 3.2% M/F., 650g650 g",$2.00
137,"No NameShredded Cheese, Medium Cheddar900 g",$11.00
138,VegenaiseOrganic Dressing and Sandwich Spread473 mL,$8.98
139,PCFree-Range Brown Eggs12 Eggs,$6.78
140,"Danone DanactiveDanActive Yogurt Drink, Strawberry-Banana Flavour, 93ml (Pack of 8)8x93mL",$4.98
141,"No NameCream Cheese Spread, Herb & Garlic340 g",$2.48
142,"DanoneCreamy Yogurt, Strawberry/Vanilla/Fieldberry/Raspberry Flavour, 100g (Pack of 16)16x100g",$4.98
143,"Jell-ORefrigerated Pudding Snacks, Oreo (4 x 113g), 4 Cups4x113g",$2.28
144,Italian Multigrain Bread Sliced450 g,$1.68
145,"President's ChoiceCheesecake, Blueberry Topped600 g",$7.00
146,ACEDinner Roll Clusters545 g,$2.50
147,"Weight WatchersTortillas, Whole Wheat 8""248 g",$4.28
148,VachonPassion Flakie Apple-Raspberry 6 Flaky Pastries305 g,$2.48
149,Farmer's MarketCoffee Cake with Lemon Filling850 g,$6.00
150,Farmer's MarketOatmeal Cookies798 g,$6.00
151,Pizza Buns460 g,$4.00
152,"Pita BreakMorning Rounds, Muesli450 g",$4.08
153,President's ChoiceAppetizer Flatbreads220 g,$2.50
154,Mini Danish500 g,$3.00
155,SurajNaan Whole Wheat 5 Flatbreads500 g,$2.18
156,No Name10 Wheat Tortillas320 g,$2.48
157,ACEToasted Sesame Mini Crisps180 g,$4.98
158,"Rolls, Calabrese480 g",$3.00
159,Farmer's MarketOatmeal Chocolate Chip Cookies798 g,$6.00
160,Harvest Wheat Baguette255 g,$0.98
161,Old Mill100% Whole Wheat Bread675 g,$1.64
162,President's ChoicePC PULL APART BRD CNNMON320 g,$5.29
163,President's ChoiceMultigrain Thin Pizza Crusts300 g,$3.10
164,President's ChoiceMini Naan Garlic 4 Flatbreads180 g,$2.78
165,Farmer's MarketLemon Meringue Pie1 kg,$6.00
166,AnnettesGlazed Donuts12x46g,$4.00
167,"WonderEnglish Muffins, Whole Wheat342 g",$2.28
168,"Bagel, Plain113 g",$3.00
169,President's ChoiceProfiteroles625 g,$11.98
170,Dimpflmeier100% Rye Bread With Flaxseeds454 g,$4.78
171,No NameOriginal Cheesecake510 g,$6.00
172,President's ChoiceThins Buns Multigrain8x60g,$2.98
173,White Batard Bread275 g,$2.48
174,President's ChoiceThins Rustic White Buns450 g,$2.98
175,ACESesame Baguette325 g,$3.18
176,"ACEFocaccia, Rosemary390 g",$4.68
177,Ready BakeBake at Home Garlic Bread with Cheese395 g,$3.98
178,AnnettesGlazed Donuts275 g,$1.50
179,ACEEverything Bagel360 g,$3.28
180,Pumpernickel Boule675 g,$3.00
181,"Pita BreakMorning Rounds, Apple Cinnamon450 g",$4.08
182,"Farmer's MarketMuffins, Blueberry6x110g",$4.00
183,"Ready BakeMini Sugar Donuts, Club Pack40x15g",$4.00
184,VachonGranny's Pecan Tarts6x43g,$3.68
185,VachonLog 6'S288 g,$2.48
186,Country HarvestWhole Wheat Sesame Bagel450 g,$2.98
187,President's ChoiceClub Pack Naan Dippers400 g,$5.10
188,"CharlottesBlack Forest Cake 6""400 g",$5.00
189,Italian Garlic Bread500 g,$2.28
190,Baker StreetBanana Pecan Cake1.23 kg,$19.98
191,Vachon1/2 Jos Louis the Half 12 Cakes12x26g,$2.48
192,"San DanieleMortadella, Hot (Thin Sliced)",$2.28
193,SchneiderThuringer Sausage 4/Cs,$24.80
194,President's ChoiceTraditional Black Forest Ham175 g,$6.28
195,SchneiderHoney Garlic Pepperettes375 g,$8.00
196,YvesTofu Dogs275 g,$4.98
197,St HubertFresh Chicken Pie645 g,$8.48
198,President's ChoiceHummus Spicy Hot280 g,$4.28
199,Reser'sSteakhouse Mashed Potatoes567 g,$5.98
200,BrandtBrandt Brandt's Extra Lean Premium Kolbassa Sausage250 g,$6.48
201,LilydaleOven Roasted Turkey Breast Strips300 g,$9.00
202,"BabybelMini Babybel Light, 18 Pack360 g",$12.00
203,Veggie Tripack800 g,$12.00
204,Summer FreshSnack'n Go Multigrain Quinoa Energy345 g,$5.98
205,St HubertChicken Pot Pie235 g,$3.98
206,"GeldaSamosas, Tikka Masala9x44.44g",$4.68
207,"PillersParty Tray, Large850 g",$17.28
208,OlymelOlymel Smoked Ham Black Forest150 g,$4.98
209,"MastroGenoa Salami, Hot (Thin Sliced)",$3.38
210,Soup's On SoupBarley Soup's On Soup Chicken Noodle925 mL,$7.00
211,VHHoney Sriracha Hot341 mL,$2.47
212,ShirakikuShirataki for Hot Pot250 g,$1.98
213,"President's ChoiceCheese, Marble Block Club Pack500 g",$9.00
214,PC Blue MenuBlue Menu Oven Roasted Turkey Breast (Thin Sliced),$3.88
215,CastelloTraditional Blue Wedge125 g,$5.00
216,President's ChoiceFree From Turkey175 g,$6.68
217,Soup's On SoupBarley Soup's On Soup Minestrone925 mL,$7.00
218,Wholly Guacamole Minis227 g,$4.98
219,RosenborgExtra Creamy Blue Cheese Wedge125 g,$5.00
220,SchneiderPepperoni Pepperettes375 g,$8.00
221,"Egg Salad Sandwich, Multigrain1 ea",$4.28
222,President's ChoiceGarlic & Herb Crumbled Goat's Milk Feta165 g,$5.68
223,President's ChoiceNatural Choice Mild Spanish-Style Chorizo Semi-Dry Cured Sausage250 g,$6.00
224,SUFRALunchbreak Kit90 g,$3.28
225,MarzettiSpicy Avocado Ranch Dip340 g,$4.98
226,"PC SplendidoChicken Pancetta Tortellini, Large600 g",$7.98
227,SabraRoasted Red Pepper Hummus with Pretzels129 g,$2.48
228,"President's ChoiceFeta Crumbles, Herb & Garlic175 g",$5.68
229,"Ziggy'sRoast Beef, Garlic250 g",$5.00
230,"President's ChoiceSmoked White Cheddar, Mild400 g",$5.88
231,"President's ChoicePC Tzatziki, Traditional454 g",$6.68
232,OlivieriItalian Sausage Sauce550 mL,$7.98
233,AgropurBrie Cheese 32%230 g,$9.28
234,"President's ChoiceCheese, Halloumi250 g",$6.98
235,San DanieleSd Prosciutto125 g,$5.48
236,SchneiderItal Dry Cured Salami225 g,$8.28
237,Tre StelleTraditional Feta Tub400 g,$9.48
238,Rigatoni Marinara600 g,$7.00
239,San DanieleMortadella175 g,$4.28
240,Green GiantValley Selections Cheddar Pasta With Vegetables500 g,$2.78
241,"Duck, Frozen",$21.93
242,"No NameChicken Wings, Honey Garlic908 g",$11.98
243,Minute MaidPink Lemonade295 mL,$1.58
244,YvesVeggie Bistro Burgers352 g,$6.48
245,"No NameBurritos, Hot Beef & Bean142 g",$1.00
246,CadburyCARAMILK Frozen Dessert1.50 L,$6.99
247,"UDI'sGluten-Free Ancient Grains Bread, Omega-3 Flax & Fibre406 g",$6.98
248,"T&TDumpling, Shrimp And Chive208 g",$3.68
249,LousPulled Pork400 g,$7.98
250,"High LinerPan Sear Selects Sole, Lemon Pepper540 g",$12.98
251,President's ChoiceBattered Haddock & Hops Fillets550 g,$10.98
252,"AmysPasta Bowl, Pesto Tortellini269 g",$5.48
253,"BreyersIce Cream, Reese Chocolate1.66 L",$5.98
254,Chicken Stripes1810 g,$10.00
255,"No NamePerogies, Potato & Cheddar907 g",$2.00
256,ACEBake Your Own Rosemary Focaccia Pull-Apart460 g,$4.00
257,"AmysGluten-Free Burrito, Beans & Rice156 g",$3.98
258,"SurajOkra, Cut1 kg",$2.98
259,No NamePepperoni Pizza1660 g,$10.00
260,Chapli Kabab 4 Kababs300 g,$9.88
261,BreyersFamily Classic Pralines & Cream1.66 L,$5.98
262,"Swanson Meat PiesMeat Pies, Chicken Pie200 g",$1.68
263,"SUFRAChicken Wings, BBQ800 g",$13.98
264,"President's ChoiceLasagna, Seafood Frozen1.13 kg",$11.68
265,President's ChoiceHoney Barbecue Pork Back Ribs680 g,$9.98
266,"President's ChoiceThin & Crispy Pizza, 6 Cheese350 g",$3.98
267,"Whole Shrimp, 40-50 ct400 g",$9.00
268,President's ChoiceCranberries600 g,$3.98
269,DaiyaCheeze Lover's Pizza444 g,$9.48
270,ChapmansBlack Jack Cherry2 L,$5.78
271,PogoSmoky Bacon Sausage544 g,$7.98
272,"KelloggsEggo Blueberry Flavour Waffles, 16 wafles560 g",$4.98
273,"Nong ShimPremium Noodle Soup, Shin Black Cup (Case)6x101g",$12.98c
274,Al SafaChicken Kebab Roll300 g,$6.98
275,President's ChoiceCooked Peeled Responsibly Farmed Jumbo Pacific White Shrimp400 g,$17.00
276,"JanesPub Style Chicken Fries, Fully Cooked700 g",$7.98
277,ChapmansVanilla Yogurt and Milk Chocolate8x55mL,$5.28
278,Minute MaidFruit Punch295 mL,$0.78
279,PC Blue MenuBlue Menu Spicy Chicken Vindaloo350 g,$3.98
280,HaldiramDal Makhani283 g,$4.38
281,No NameStrawberry Cheesecake510 g,$6.00
282,Haagen DazsVanilla Dark Ice Cream Bars3x88mL,$6.48
283,Chinese Onion Dumplings380 g,$3.68
284,"Jamaican Beef Patties, Medium1.12 kg",$11.98
285,"UDI'sGluten Free Muffins, Blueberry340 g",$6.98
286,"High LinerFish Fries, Tempura Batter700 g",$8.48
287,"GardeinCrispy Chick'n, Mandarin Orange300 g",$5.48
288,"Ocean Spray100% Juice, Cranberry and Grape1.77 L",$3.98
289,"OasisSmootie, Strawberry and Dragon Fruit1.36 L",$4.48
290,GraceCoconut Water with Pulp500 mL,$1.28
291,Vita SanaPear Nectar700 mL,$2.48
292,OasisClassic Pure Apple Juice8x200mL,$2.88
293,No NameFruit Punch2 L,$1.48
294,"President's ChoiceRetro Monogram Mug, D1 ea",$5.98
295,"SimplyJuice Drink, Limeade1.54 L",$2.28
296,President's ChoiceRed De-Alcoholized Wine With Natural Flavour750 mL,$6.48
297,Chocolate Milk Favouring Mix300 g,$2.98
298,"Sun-RypeSummer Berry, Not from Concentrate1.36 L",$2.00
299,TropicanaPP Orange Juice No Pulp3.78 L,$7.98
300,"Tea IndiaChai Tea Latte Mix, Masala224 g",$6.98
301,Sparkling Water Based Beverage Pink Grapefruit503 mL,$1.28
302,Thirsty BuddhaSparkling Coconut Water with Lime330 mL,$1.98
303,President's Choice100% Apple Juice Not From Concentrate1.89 L,$2.68
304,BolthouseBerry Boost Juice450 mL,$3.98
305,TropicanaEssentials (No Pulp)2.63 L,$6.78
306,"Mott'sClamato, The Works1.89 L",$3.28
307,"SilkSoy for coffee, Original, 473ml473 mL",$2.28
308,MioFruit Punch Liquid Water Enhancer48 mL,$3.68
309,No NameGrapefruit Juice1.75 L,$4.48
310,DAVIDsTEADavid's Forever Nut Tea57 g,$9.98
311,YogiRestful Sleep Herbal Tea1 ea,$5.48
312,President's ChoiceHoneycrisp Sweet Apple Cider3000 mL,$5.98
313,Tim HortonsOriginal K-Cup Coffee Pods30 ea,$16.98
314,Ethical BeanLush Medium Dark Roast Whole Bean Coffee340 g,$13.98
315,The Great Jamaican Ginger BeerGinger Beer250 mL,$1.28
316,BecksNon-Alcoholic Beer (Case)6x330mL,$9.28
317,"Talking Rain Sparkling Ice, Kiwi Strawberry503 mL",$1.28
318,PoweradeIon4 Fruit Punch710 mL,$1.00
319,"Talking Rain Sparkling Ice, Black Raspberry503 mL",$1.28
320,Tea IndiaChai Moments Instant Chai Latte Cinnamon 10 Individual Packets220 g,$6.98
321,Diet Pepsi Soda (Case)6x222mL,$2.78
322,PC Blue MenuSparkling Water Carbonated 12 Cans12x355mL,$3.48c
323,"NescafeRICH Colombian, Instant Coffee100 g",$6.98
324,"SilkUnsweetened Almond Beverage, Vanilla Flavour, Dairy-Free, 1.89L1.89 L",$3.98
325,President's ChoiceApple Fruit Juice Beverage10x200mL,$2.48
326,VitasoyVitaCoco 100% Pure Coconut Water1 L,$4.48
327,President's ChoiceWhite De-Alcoholized Wine With Natural Flavour750 mL,$6.48
328,RockstarPure Zero Punched473 mL,$2.98
329,"President's ChoiceEthiopia Coffee, Medium Roast, Ground340 g",$6.98
330,StarbucksFrappuccino Caramel Coffee Drink405 mL,$3.28
331,"NesquikIron Enriched, Less Sugar Chocolate Syrup510 mL",$4.98
332,"President's ChoiceCocktail, Cranberry Black Cherry1.89 L",$2.78
333,BolthouseC-Boost946 mL,$5.98
334,NescafeRICH Instant Coffee475 g,$14.98
335,Ocean SprayLow Calorie Cranberry Raspberry Cocktail1.89 L,$3.00
336,"BuglesCorn Snacks, Original213 g",$2.48
337,"Betty CrockerFruit Snacks, Animated Edition226 g",$2.98
338,"No NameCake Mix, Chocolate Deluxe468 g",$1.68
339,"Humpty DumptyParty Mix, Cheese280 g",$3.28
340,"ChristieRitz Crisp & Thin Crackers, Cheddar Cheese115 g",$3.00
341,SurajHusked Split Desi Chick Peas1.80 kg,$6.78
342,HeinzDeep-Browned Beans with Pork & Tomato Sauce398 mL,$1.28
343,Seeds Of ChangeBlack Beans261 g,$4.28
344,No NamePecan Pieces400 g,$11.98
345,Betty CrockerDessert Mix & Frosting Peanut Butter204 g,$2.18
346,MaggiHot & Sweet Tomato Chili Sauce340 mL,$2.98
347,"ChristieRitz Crisp & Thin Crackers, Barbecue115 g",$2.00
348,MeijiYan Yan Strawberry57 g,$1.68
349,"GoldSealNo Drain White Tuna, Flaked Albacore In Water85 g",$2.24
350,LanticIcing Sugar1 kg,$1.98
351,FelicettiOrganic Spelt Spaghetti454 g,$3.48
352,Club HousePure Almond Extract43 mL,$3.98
353,RaincoastWild Solid White Albacore Tuna150 g,$5.48
354,Old El PasoChopped Green Chilies127 mL,$3.28
355,PC Blue MenuBlue Menu Just Peanuts Crunchy Peanut Butter750 g,$2.98
356,DionPure Black Pepper78 g,$4.68
357,President's ChoiceExtra Olive Oil Spray155 mL,$2.98
358,FleischmannsTraditional Yeast113 g,$3.98
359,"No Name Club PackPeanut Butter, Smooth2 kg",$7.48
360,"New York StyleBagel Crisps, Sea Salt170 g",$3.98
361,Golden TempleWheat Atta Flour Blend9 kg,$9.98
362,"No Name Club PackPeanut Butter, Smooth Light 2 kg",$7.48
363,ParleHide & Seek Fab! Orange Cookie112 g,$0.98
364,"President's ChoiceBalsamic Vinegar, White500 mL",$3.28
365,PC Blue MenuButter Chicken Cooking Sauce400 mL,$3.28
366,No NamePure Olive Oil750 mL,$4.98
367,"Campbell'sChunky Chili, Steak425 g",$3.28
368,RoosterChili Chicken Noodle Cup65 g,$0.78
369,"QualityGinger & Garlic, Minced0.28 kg",$2.98
370,LarabarMint Chocolate Bar (Case)16x45g,$19.98c
371,ClicRed Lentils907 g,$2.48
372,"Kashi7 Grain with Quinoa Crunchy Bars, Chocolate Chip Chia 10 bars200 g",$3.98
373,"Betty CrockerSuper Moist Cake Mix, Carrot432 g",$1.50
374,President's ChoiceRefrigerated Apple Cider Vinaigrette350 mL,$3.98
375,Hunt'sHeirloom Whole Tomato398 mL,$2.38
376,Hershey'sEggies Cookies 'n' Creme 42g Singles (6 x 36)42 g,$0.75
377,"HellmannsReal Mayonnaise, Big Squeeze750 mL",$4.98
378,GrissolArtisanal Rye Raisin Artisan Crisps150 g,$3.68
379,President's ChoiceItalian Seasoning Grinder30 g,$4.98
380,"DolePeaches in Water, Pouch382 mL",$3.28
381,"Nuts to YouOrganic Peanut Butter, Crunchy500 g",$6.48
382,"Aroy DAroy-D, Green Curry400 g",$2.28
383,PC OrganicsRotini454 g,$2.48
384,GardeinMeat - Free the Ultimate Beefless Ground390 g,$5.48
385,Angie'sBoomchickapop Popcorn Real Butter 4 Microwave Fresh-Pop Bowls373 g,$5.48
386,AmysIndian Aloo Mattar Wrap156 g,$3.98
387,Unsalted Butter Grass Fed250 g,$6.98
388,FelicettiOrganic Spelt Spaghetti454 g,$3.48
389,RaincoastWild Solid White Albacore Tuna150 g,$5.48
390,LarabarMint Chocolate Bar (Case)16x45g,$19.98c
391,"Nuts to YouOrganic Peanut Butter, Crunchy500 g",$6.48
392,PC OrganicsRotini454 g,$2.48
393,"Roasted Seaweed Snack, Teriyaki10 g",$2.98
394,Nature's PathCrispy Rice Cereal284 g,$4.48
395,UDI'sGluten-Free White Loaf340 g,$6.98
396,"President's ChoiceGluten Free Waffle, Homestyle280 g",$3.98
397,"SilkSoy for coffee, Original, 473ml473 mL",$2.28
398,Organic Strawberries454 g,$5.98
399,PC OrganicsToddler Blue Fruit Twist60 g,$3.98
400,LakewoodOrganic Pure Tart Cherry Juice946 mL,$10.98
401,PC OrganicsGranulated Organic Sugar900 g,$4.48
402,YogiRestful Sleep Herbal Tea1 ea,$5.48
403,Sol CuisineSol Cuisine Sunflower Beet Burger226 g,$5.98
404,Nature's PathSunrise Crunchy Honey300 g,$4.98
405,Ethical BeanLush Medium Dark Roast Whole Bean Coffee340 g,$13.98
406,Made GoodCrispy Light Granola Chocolate Banana284 g,$6.48
407,"Nature's PathEnvirokidz Crispy Rice, Peanut Choco6x28g",$4.48
408,Healthy Bites Dark Chocolate Coconut40 g,$2.78
409,"ClifNut Butter Filled Energy Bar, Chocolate Peanut50 g",$1.98
410,PC OrganicsSkyr Yogurt 0% MF Plain500 g,$4.98
411,"SilkUnsweetened Almond Beverage, Vanilla Flavour, Dairy-Free, 1.89L1.89 L",$3.98
412,"Kind barGluten-Free Fruit & Nut Bar, Peanut Butter Dark Chocolate + Protein40 g",$1.98
413,VitasoyVitaCoco 100% Pure Coconut Water1 L,$4.48
414,RaincoastWild Skinless Boneless Sockeye Salmon150 g,$5.98
415,"ImagineOrganic Low Sodium Broth, Chicken1 L",$2.98
416,VegaSport Protein Bar Crunchy Peanut Butter70 g,$3.98
417,Happy PlanetBerkeley Butternut Squash Soup650 mL,$6.28
418,"Thrive TribePaleo Bites, Apricot Pecan170 g",$6.98
419,The Good BeanSea Salt Chick Peas Snack170 g,$4.48
420,Suzie's Good FatsLove Good Fats Snack Bars Peanut Butter and Jam Flavour39 g,$2.98
421,"DaiyaGreek Yogurt Alternative, Blueberry150 g",$2.18
422,Cocoa Coconut Keto Bar9x40g,$21.98c
423,"ClifBar, Chocolate Brownie (Case)12x68g",$16.98c
424,"Enjoy LifeChocolate Mini Chips, Semi-Sweet283 g",$5.48
425,Kicking HorseOrganic Dark Roast Kick Ass454 g,$11.98
426,Oat DreamBar with Whey Protein Chocolate Mint (Case)12x51g,$26.78c
427,"GlutinoGluten-Free Wafers, Lemon200 g",$4.98
428,AnniesAnnie's Cheddar Bunnies Crackers213 g,$3.98
429,GraceOrganic Coconut Sugar500 g,$7.68
430,"Riley's Kettle Chips, Sea Salt220 g",$2.48
431,Gabriella's KitchenChunky Chickpea and Squash283 g,$6.98
432,PampersPure Protection Diapers Size 2 68 Count68 ea,$19.94
433,PampersBaby Wipes Sensitive 9X Pop-Top Packs 504 Count504 ea,$16.98
434,PampersBaby-Dry Diapers Size 4 92 Count92 ea,$26.98
435,PampersBaby-Dry Diapers Size 3 104 Count104 ea,$26.98
436,PampersBaby Wipes Sensitive 3X Refill 192 Count192 ea,$7.38
437,PampersBaby-Dry Diapers Size 6 64 Count64 ea,$26.98
438,PampersBaby-Dry Diapers Size 5 78 Count78 ea,$26.98
439,PampersPure Protection Diapers Size 2 68 Count68 ea,$19.94
440,PampersBaby Wipes Sensitive 9X Pop-Top Packs 504 Count504 ea,$16.98
441,PampersBaby-Dry Diapers Size 4 92 Count92 ea,$26.98
442,PampersBaby-Dry Diapers Size 3 104 Count104 ea,$26.98
443,PampersBaby Wipes Sensitive 3X Refill 192 Count192 ea,$7.38
444,PampersBaby-Dry Diapers Size 6 64 Count64 ea,$26.98
445,PampersBaby-Dry Diapers Size 5 78 Count78 ea,$26.98
446,PampersPure Protection Diapers Size 2 68 Count68 ea,$19.94
447,PampersBaby Wipes Sensitive 9X Pop-Top Packs 504 Count504 ea,$16.98
448,PampersBaby-Dry Diapers Size 4 92 Count92 ea,$26.98
449,PampersBaby-Dry Diapers Size 3 104 Count104 ea,$26.98
450,PC OrganicsBroccoli And Spinach Whole Grain Puffs Puffed Cereal42 g,$2.78
451,"PC OrganicsMini Cereal Bars, Berry Pomegranate160 g",$2.98
452,PC OrganicsMashed Potatoes & Turkey185 g,$2.88
453,"PC OrganicsOrange, Carrot & Cinnamon Fruit, Veggie And Oat Bars90 g",$3.48
454,"PC OrganicsToddler Entrée, Fruity Chicken185 g",$2.88
455,"PC OrganicsToddler Mini Pasta, Alphabet454 g",$2.98
456,PC OrganicsSpaghetti in Turkey Meat Sauce185 g,$2.88
457,"President's ChoiceYogurt Melt, Mixed Berry1 ea",$3.28
458,PC OrganicsToddler Blue Fruit Twist60 g,$3.98
459,PC OrganicsApple And Strawberry Whole Grain Puffs Puffed Cereal42 g,$2.78
460,PC OrganicsAnimal Cookies For Toddlers 170 g,$2.78
461,PC OrganicsMango And Carrot Whole Grain Puffs Puffed Cereal42 g,$2.78
462,"PC OrganicsMini Cereal Bars, Apple, Acai160 g",$2.98
463,PC OrganicsPurple Carrot And Blueberry Whole Grain Puffs Puffed Cereal42 g,$2.78
464,President's ChoiceNaturally Flavoured Toddlers Strawberry Yogurt Snack1 ea,$3.28
465,PC OrganicsStrawberry Mango Naturally Flavoured Fruit Snack60 g,$3.98
466,PC OrganicsStars Pasta454 g,$2.98
467,PC OrganicsToddler Apple Juice1 L,$1.88
468,"PC OrganicsToddlers Mini Pasta, Bowties454 g",$2.98
469,"PC OrganicsMini Cereal Bars, Blueberry160 g",$2.98
470,"PC OrganicsFruit, Veggie, & Oat Bars, Raspberry Beet90 g",$3.48
471,"PC OrganicsCereal, Multigrain Banana125 g",$3.48
472,PC OrganicsOrganics Broccoli And Kale Baked Whole Grain Corn Puffs42 g,$2.78
473,PC OrganicsCheddar Cheese Whole Grain Puffs42 g,$2.78
474,"President's ChoiceTotal Pediatric Nutrition, Vanilla6x235mL",$9.98
475,"PC OrganicsMini Cereal Bars, Banana Berry160 g",$2.98
476,PC OrganicsBroccoli And Spinach Whole Grain Puffs Puffed Cereal42 g,$2.78
477,"PC OrganicsMini Cereal Bars, Berry Pomegranate160 g",$2.98
478,PC OrganicsMashed Potatoes & Turkey185 g,$2.88
479,"PC OrganicsOrange, Carrot & Cinnamon Fruit, Veggie And Oat Bars90 g",$3.48
480,"PC OrganicsToddler Entrée, Fruity Chicken185 g",$2.88
481,"PC OrganicsToddler Mini Pasta, Alphabet454 g",$2.98
482,PC OrganicsSpaghetti in Turkey Meat Sauce185 g,$2.88
483,"President's ChoiceYogurt Melt, Mixed Berry1 ea",$3.28
484,PC OrganicsToddler Blue Fruit Twist60 g,$3.98
485,PC OrganicsApple And Strawberry Whole Grain Puffs Puffed Cereal42 g,$2.78
486,PC OrganicsAnimal Cookies For Toddlers 170 g,$2.78
487,PC OrganicsMango And Carrot Whole Grain Puffs Puffed Cereal42 g,$2.78
488,"PC OrganicsMini Cereal Bars, Apple, Acai160 g",$2.98
489,PC OrganicsPurple Carrot And Blueberry Whole Grain Puffs Puffed Cereal42 g,$2.78
490,President's ChoiceNaturally Flavoured Toddlers Strawberry Yogurt Snack1 ea,$3.28
491,PC OrganicsStrawberry Mango Naturally Flavoured Fruit Snack60 g,$3.98
492,PC OrganicsStars Pasta454 g,$2.98
493,PC OrganicsToddler Apple Juice1 L,$1.88
494,"PC OrganicsToddlers Mini Pasta, Bowties454 g",$2.98
495,"PC OrganicsMini Cereal Bars, Blueberry160 g",$2.98
496,"PC OrganicsFruit, Veggie, & Oat Bars, Raspberry Beet90 g",$3.48
497,"PC OrganicsCereal, Multigrain Banana125 g",$3.48
498,PC OrganicsOrganics Broccoli And Kale Baked Whole Grain Corn Puffs42 g,$2.78
499,PC OrganicsCheddar Cheese Whole Grain Puffs42 g,$2.78
500,"President's ChoiceTotal Pediatric Nutrition, Vanilla6x235mL",$9.98
501,"PC OrganicsMini Cereal Bars, Banana Berry160 g",$2.98
502,PC OrganicsBroccoli And Spinach Whole Grain Puffs Puffed Cereal42 g,$2.78
503,"PC OrganicsMini Cereal Bars, Berry Pomegranate160 g",$2.98
504,PC OrganicsMashed Potatoes & Turkey185 g,$2.88
505,"PC OrganicsOrange, Carrot & Cinnamon Fruit, Veggie And Oat Bars90 g",$3.48
506,Baby Brezza Formula Pro Advanced1 ea,$239.98
507,LansinohNursing Pads100 ea,$9.98
508,KushiesSilibeads Pacifier Clip1 ea,$11.98
509,Snotsucker Nasal Aspirator1 ea,$21.98
510,"MunchkinMiracle 360 Trainer Cup, 7oz1 ea",$7.98
511,Baby Brezza Formula Pro Advanced1 ea,$239.98
512,LansinohNursing Pads100 ea,$9.98
513,KushiesSilibeads Pacifier Clip1 ea,$11.98
514,Snotsucker Nasal Aspirator1 ea,$21.98
515,"MunchkinMiracle 360 Trainer Cup, 7oz1 ea",$7.98
516,Baby Brezza Formula Pro Advanced1 ea,$239.98
517,LansinohNursing Pads100 ea,$9.98
518,KushiesSilibeads Pacifier Clip1 ea,$11.98
519,Snotsucker Nasal Aspirator1 ea,$21.98
520,SharpieAssorted Pens6x1ea,$10.98
521,"TideLiquid Pods, Original16 ea",$5.48
522,GainLaundry Detergent Liquid 2X High Suds Blissful Breeze Regular1.47 L,$5.98
523,GladSquare Plates 100 Set100x1ea,$16.48
524,"TideLiquid Pods, Original Cold Water12 ea",$5.48
525,Rubbermaid1.0Gal/3.7L Take A Long Rectangular Storage Container2x1ea,$6.28
526,President's ChoiceLawn & Leaf Bags5 ea,$2.98
527,"Post itNotes, Canary1 ea",$9.98
528,GainLaundry Detergent Liquid 2X High Suds Blissful Breeze Regular2.95 L,$10.98
529,"Everyday EssentialsKraft Envelopes 10x13""1 ea",$1.48
530,"DownyLiquid Fabric Conditioner (Fabric Softener), Free & Gentle, 60 Loads1.53 L",$7.98
531,"TideLiquid Pod, Scent Free & Gentle16 ea",$5.48
532,"PalmoliveUltra Strength, Original887 mL",$3.00
533,"FebrezeAir, Gain Original500 g",$6.98
534,Mr. CleanOriginal Magic Eraser6 ea,$7.98
535,Nature CleanDishwasher Pacs432 g,$8.28
536,CardinalGreen High Gloss Folder1 ea,$11.98
537,PapermateStarter Set5 ea,$4.98
538,"SnuggleFabric Softener, Cuddle-Up Fresh2.21 L",$8.98
539,RubbermaidTake A Long Lids and Container Deep Square Pack 1.2L4x1ea,$4.98
540,"FleecyDryer Sheets, Aroma Therapy Calm80 Sheets",$3.98
541,No NameGiant Oval Roaster with Handle1 ea,$4.48
542,"1.5"" Vinyl View Binder1 ea",$3.48
543,ViledaUltramax Refill1 ea,$15.98
544,Scotch-BriteScour Pad4 ea,$3.98
545,CanonCANON PGI-270 BLACK INK1 ea,$24.98
546,Air WickFreshmatic Air Freshener Automatic Spray Refills Beach Escapes Bali Ocean Air175 g,$5.48
547,SwifferDry Cloth Heavy Duty10 ea,$7.98
548,"SharpieUltra Fine Point Marker, 5/cd5 ea",$6.48
549,"FleecyLiquid Fabric Softener, Aroma Therapy Relax1.47 L",$3.98
550,"TidePlus Liquid Detergent, April Fresh2.04 L",$7.98
551,Eco-MaxDishwasher Rinse Aid450 mL,$3.28
552,PurexDirt Lift Action UltraPacks Liquid Laundry Detergent After the Rain 54 Capsules 0.9 L54 ea,$12.98
553,"No NameWood Coffee Stirrer, 7 in200 ea",$1.98
554,CrayolaWashable Dry Erase Board Markers16x1ea,$9.48
555,Bento To Go1 ea,$10.48
556,"BicBallpoint Pens, Assorted1 ea",$4.48
557,President's ChoiceBento Box1 ea,$13.48
558,President's ChoiceFood Saver Boxed Set1 ea,$25.98
559,"CanonPixma MG2920, Printer1 ea",$49.00
560,"President's ChoiceInsulated Two-Tone Tote Lunch Bag,Beige1 ea",$12.00
561,WeimanGlass Cook Top Cleaner460 mL,$6.48
562,TideLiquid Pods Ultra Oxi1.60 kg,$19.98
563,"GainDryer Sheets, Moonlight Breeze, 120 count120 ea",$5.98
564,CrayolaUltra-Clean Washable Markers1 ea,$5.98
565,GladPlastic Cling Wrap60 M,$2.48
566,CrayolaWatercolour Paints24x1ea,$4.98
567,"SylvaniaG16.5 40W Light Bulbs, White2 ea",$3.98
568,"MaybellineGreat Lash Waterproof Mascara, Brown Black12.70 mL",$4.48
569,"MaybellineGreat Lash Mascara, Very Black12.70 mL",$4.48
570,"Sinful ColoursNail Colour, Spice1 ea",$3.99
571,LOreal ParisVoluminous Original Bold Volume Building Mascara 305 Black8 mL,$6.00
572,"RevlonSo Fierce Mascara, Blackest Black1 ea",$7.98
573,"LOreal ParisVoluminous Curved Brush Mascara, Black8 mL",$6.00
574,"MaybellineLash Sensational Mascara, Very Black1 ea",$9.98
575,"LOreal ParisTelescopic Mascara, Carbon Black8 mL",$11.98
576,LOreal ParisBrow Stylist Definer Ultra-Fine Tip Shaping Pencil 390 Dark Brunette0.24 g,$12.98
577,"Cover GirlLashblast Fusion Mascara, Very Black13.10 mL",$6.98
578,"Cover GirlClean Oil Control, Pressed Powder, Puff Beige10 g",$6.98
579,"MaybellineDream Fresh 8-In-1 Beauty Balm, Light Tint1 ea",$10.98
580,LOreal ParisInfallible Pro-Spray & Makeup Extender Setting Spray1 ea,$15.98
581,"MaybellineInstant Age Rewind Eraser Concealer, Fair6 mL",$12.98
582,"MaybellineInstant Age Rewind Eraser, Neutralizer6 mL",$12.98
583,"LOreal ParisVoluminous Curved Brush Mascara, Black Brown8 mL",$6.00
584,"LOreal ParisTelescopic Mascara, Blackest Black1 ea",$11.98
585,MaybellineNew York Fit Me! Foundation 340 Cappuccino30 mL,$5.98
586,"MaybellineGreat Lash Mascara, Blackest Black12.70 mL",$4.48
587,"Cover GirlPerfect Point Plus Eye Liner, Espresso0.23 g",$6.98
588,"Rimmel LondonLasting Finish Extreme Lipstick, Thirsty Bae1 ea",$8.98
589,"Cover GirlLashblast Mascara, Very Black13.10 mL",$6.98
590,"LOreal ParisVoluminous Original Waterproof Mascara, Carbon Black8 mL",$6.00
591,"LOreal ParisVoluminous Waterproof Mascara, Black8 mL",$6.00
592,"MaybellineVolum' Express The Colossal Washable Mascara, Classic Black9.20 mL",$5.96
593,"MaybellineFit Me Concealer, Fair6.80 mL",$5.98
594,"RevlonPhotoReady Face Powder, Light Medium1 ea",$16.98
595,"RevlonColorstay Eyeliner, Black-Brown1 ea",$9.98
596,"MaybellineUnstoppable Eyeliner, Waterproof & Smudge-Proof, Onyx1 ea",$7.98
597,LOreal ParisLash Volume Mascara 8 mL,$6.00
598,"MaybellineEye Studio Brow Define + Fill Duo, Soft Brown0.10 mL",$10.98
599,"LOreal ParisTelescopic Mascara, Black1 ea",$11.98
600,MaybellineLash Sensational Volumizing Mascara 253 Blackest Black1 ea,$9.98
601,"Cover GirlUltra Matte Lipstick, High Roller1 ea",$7.98
602,"LOreal ParisVoluminous Waterproof Mascara, Brown8 mL",$6.00
603,"ElfStudio Face Primer, Poreless1 ea",$8.00
604,"Cover GirlPerfect Point Plus Eye Liner, Black Onyx0.23 g",$6.98
605,"Cover GirlLashblast Volume Blasting Mascara, Very Black13.10 mL",$6.98
606,MaybellineSuperstay Matte Ink Lip Founder5 mL,$11.98
607,"LOreal ParisDouble Extend Beauty Tubes Mascara, Blackest Black6.20 mL",$13.98
608,"Cover GirlUltra Matte Lipstick, Real Thing1 ea",$7.98
609,"RevlonColorstay Eyeliner Pencil, Black1 ea",$9.98
610,MaybellineInstant Age Rewind Concealer + Treatment 120 Light 6.0 ml6 mL,$12.98
611,"MaybellineFit Me Matte Foundation, Classic Ivory1 ea",$5.98
612,"MaybellineFit Me! Foundation, SPF 18, Classic Ivory30 mL",$5.98
613,LOreal ParisVoluminous 300 White Primer7 mL,$6.00
614,"LOreal ParisInfallible Super Slim Liquid Eyeliner, Black1 mL",$10.98
615,"Cover GirlLashblast Mascara, Black13.10 mL",$6.98
616,"MaybellineVolum' Express The Colossal Waterproof Mascara, Glam Black9.20 mL",$5.96
617,LOreal ParisBrow Stylist Definer Ultra-Fine Tip Shaping Pencil 389 Brunette0.24 g,$12.98
618,"MaybellineGreat Lash Waterproof Mascara, Very Black12.70 mL",$4.48
619,MaybellineNew York Fit Me! Concealer 20 Sand6.80 mL,$5.98
620,"LOreal ParisVoluminous Mascara, Carbon Black8 mL",$6.00
621,LOreal ParisTrue Match Lumi Healthy Luminous Makeup1 ea,$17.98
622,MaybellineVolum' Express The Colossal Washable Mascara - Glam Black9.20 mL,$5.96
623,"LOreal ParisInfallible Never Fail Eyeliner, Black1.14 g",$11.98
624,"MaybellineGreat Lash Waterproof Mascara, Brown Black12.70 mL",$4.48
625,"MaybellineGreat Lash Mascara, Very Black12.70 mL",$4.48
626,"Sinful ColoursNail Colour, Spice1 ea",$3.99
627,LOreal ParisVoluminous Original Bold Volume Building Mascara 305 Black8 mL,$6.00
628,"RevlonSo Fierce Mascara, Blackest Black1 ea",$7.98
629,"LOreal ParisVoluminous Curved Brush Mascara, Black8 mL",$6.00
630,"MaybellineLash Sensational Mascara, Very Black1 ea",$9.98
631,"LOreal ParisTelescopic Mascara, Carbon Black8 mL",$11.98
632,LOreal ParisBrow Stylist Definer Ultra-Fine Tip Shaping Pencil 390 Dark Brunette0.24 g,$12.98
633,"Cover GirlLashblast Fusion Mascara, Very Black13.10 mL",$6.98
634,"Cover GirlClean Oil Control, Pressed Powder, Puff Beige10 g",$6.98
635,"MaybellineDream Fresh 8-In-1 Beauty Balm, Light Tint1 ea",$10.98
636,LOreal ParisInfallible Pro-Spray & Makeup Extender Setting Spray1 ea,$15.98
637,"MaybellineInstant Age Rewind Eraser Concealer, Fair6 mL",$12.98
638,"MaybellineInstant Age Rewind Eraser, Neutralizer6 mL",$12.98
639,"LOreal ParisVoluminous Curved Brush Mascara, Black Brown8 mL",$6.00
640,"LOreal ParisTelescopic Mascara, Blackest Black1 ea",$11.98
641,MaybellineNew York Fit Me! Foundation 340 Cappuccino30 mL,$5.98
642,"MaybellineGreat Lash Mascara, Blackest Black12.70 mL",$4.48
643,"Cover GirlPerfect Point Plus Eye Liner, Espresso0.23 g",$6.98
644,"Rimmel LondonLasting Finish Extreme Lipstick, Thirsty Bae1 ea",$8.98
645,"Cover GirlLashblast Mascara, Very Black13.10 mL",$6.98
646,"LOreal ParisVoluminous Original Waterproof Mascara, Carbon Black8 mL",$6.00
647,"LOreal ParisVoluminous Waterproof Mascara, Black8 mL",$6.00
648,"MaybellineVolum' Express The Colossal Washable Mascara, Classic Black9.20 mL",$5.96
649,"MaybellineFit Me Concealer, Fair6.80 mL",$5.98
650,"RevlonPhotoReady Face Powder, Light Medium1 ea",$16.98
651,"RevlonColorstay Eyeliner, Black-Brown1 ea",$9.98
652,"MaybellineUnstoppable Eyeliner, Waterproof & Smudge-Proof, Onyx1 ea",$7.98
653,LOreal ParisLash Volume Mascara 8 mL,$6.00
654,"MaybellineEye Studio Brow Define + Fill Duo, Soft Brown0.10 mL",$10.98
655,"LOreal ParisTelescopic Mascara, Black1 ea",$11.98
656,MaybellineLash Sensational Volumizing Mascara 253 Blackest Black1 ea,$9.98
657,"Cover GirlUltra Matte Lipstick, High Roller1 ea",$7.98
658,"LOreal ParisVoluminous Waterproof Mascara, Brown8 mL",$6.00
659,"ElfStudio Face Primer, Poreless1 ea",$8.00
660,"Cover GirlPerfect Point Plus Eye Liner, Black Onyx0.23 g",$6.98
661,"Cover GirlLashblast Volume Blasting Mascara, Very Black13.10 mL",$6.98
662,MaybellineSuperstay Matte Ink Lip Founder5 mL,$11.98
663,"LOreal ParisDouble Extend Beauty Tubes Mascara, Blackest Black6.20 mL",$13.98
664,"Cover GirlUltra Matte Lipstick, Real Thing1 ea",$7.98
665,"RevlonColorstay Eyeliner Pencil, Black1 ea",$9.98
666,MaybellineInstant Age Rewind Concealer + Treatment 120 Light 6.0 ml6 mL,$12.98
667,"MaybellineFit Me Matte Foundation, Classic Ivory1 ea",$5.98
668,"MaybellineFit Me! Foundation, SPF 18, Classic Ivory30 mL",$5.98
669,LOreal ParisVoluminous 300 White Primer7 mL,$6.00
670,"LOreal ParisInfallible Super Slim Liquid Eyeliner, Black1 mL",$10.98
671,"Cover GirlLashblast Mascara, Black13.10 mL",$6.98
672,"MaybellineVolum' Express The Colossal Waterproof Mascara, Glam Black9.20 mL",$5.96
673,LOreal ParisBrow Stylist Definer Ultra-Fine Tip Shaping Pencil 389 Brunette0.24 g,$12.98
674,"MaybellineGreat Lash Waterproof Mascara, Very Black12.70 mL",$4.48
675,MaybellineNew York Fit Me! Concealer 20 Sand6.80 mL,$5.98
676,"LOreal ParisVoluminous Mascara, Carbon Black8 mL",$6.00
677,LOreal ParisTrue Match Lumi Healthy Luminous Makeup1 ea,$17.98
678,MaybellineVolum' Express The Colossal Washable Mascara - Glam Black9.20 mL,$5.96
679,"LOreal ParisInfallible Never Fail Eyeliner, Black1.14 g",$11.98
680,"MaybellineGreat Lash Waterproof Mascara, Brown Black12.70 mL",$4.48
681,"MaybellineGreat Lash Mascara, Very Black12.70 mL",$4.48
682,"Sinful ColoursNail Colour, Spice1 ea",$3.99
683,LOreal ParisVoluminous Original Bold Volume Building Mascara 305 Black8 mL,$6.00
684,"Joe Fresh StyleEyeshadow, Chmpgne1 ea",$2.94
685,"AnnabelleSatin Single Eyeshadow, Aura2 ea",$4.98
686,"AnnabelleSatin Single Eyeshadow, Cloud 1212 ea",$4.98
687,"Joe Fresh StyleEyeshadow, Meteor1 ea",$2.94
688,"AnnabelleSingle Eyeshadow, Metallic Turquoise1 ea",$4.98
689,MaybellineThe Matte Bar Eye Shadow Palette1 ea,$12.98
690,Cover GirlLid Lock Up Eye Shadow Primer 100 Universal1 ea,$8.98
691,"AnnabelleMatte Single Eyeshadow, Ivory 2252 ea",$4.98
692,"Joe Fresh StyleEyeshadow, Chmpgne1 ea",$2.94
693,"AnnabelleSatin Single Eyeshadow, Aura2 ea",$4.98
694,"AnnabelleSatin Single Eyeshadow, Cloud 1212 ea",$4.98
695,"Joe Fresh StyleEyeshadow, Meteor1 ea",$2.94
696,"AnnabelleSingle Eyeshadow, Metallic Turquoise1 ea",$4.98
697,MaybellineThe Matte Bar Eye Shadow Palette1 ea,$12.98
698,Cover GirlLid Lock Up Eye Shadow Primer 100 Universal1 ea,$8.98
699,"AnnabelleMatte Single Eyeshadow, Ivory 2252 ea",$4.98
700,"Joe Fresh StyleEyeshadow, Chmpgne1 ea",$2.94
701,"AnnabelleSatin Single Eyeshadow, Aura2 ea",$4.98
702,"AnnabelleSatin Single Eyeshadow, Cloud 1212 ea",$4.98
703,"Joe Fresh StyleEyeshadow, Meteor1 ea",$2.94
704,Cover GirlCG EXH MASCARA NORTHERN BLACK1 ea,$8.98
705,"LOreal ParisVoluminous Superstar Waterproof Mascara, Blackest Black12.70 mL",$12.98
706,LOreal ParisVoluminous Original Bold Volume Building Mascara 305 Black8 mL,$6.00
707,"Cover GirlLashblast Fusion Mascara, Very Black13.10 mL",$6.98
708,"Cover GirlLashblast Mascara, Black/Brown13.10 mL",$8.47
709,"LOreal ParisVoluminous Superstar Waterproof Mascara, Blackest Black12.70 mL",$12.98
710,"LOreal ParisTelescopic Mascara, Black1 ea",$11.98
711,Rimmel LondonWonderluxe Mascara Black1 ea,$9.98
712,"Cover GirlLashblast Volume Blasting Mascara, Very Black13.10 mL",$6.98
713,"Cover GirlLashblast Fusion Water Resistant Mascara, Black Brown13.10 mL",$6.98
714,"Cover GirlLashblast Mascara, Black13.10 mL",$6.98
715,Cover GirlCG EXH MASCARA NORTHERN BLACK1 ea,$8.98
716,"LOreal ParisVoluminous Superstar Waterproof Mascara, Blackest Black12.70 mL",$12.98
717,LOreal ParisVoluminous Original Bold Volume Building Mascara 305 Black8 mL,$6.00
718,"Cover GirlLashblast Fusion Mascara, Very Black13.10 mL",$6.98
719,"Cover GirlLashblast Mascara, Black/Brown13.10 mL",$8.47
720,"LOreal ParisVoluminous Superstar Waterproof Mascara, Blackest Black12.70 mL",$12.98
721,"LOreal ParisTelescopic Mascara, Black1 ea",$11.98
722,Rimmel LondonWonderluxe Mascara Black1 ea,$9.98
723,"Cover GirlLashblast Volume Blasting Mascara, Very Black13.10 mL",$6.98
724,"Cover GirlLashblast Fusion Water Resistant Mascara, Black Brown13.10 mL",$6.98
725,"Cover GirlLashblast Mascara, Black13.10 mL",$6.98
726,Cover GirlCG EXH MASCARA NORTHERN BLACK1 ea,$8.98
727,"LOreal ParisVoluminous Superstar Waterproof Mascara, Blackest Black12.70 mL",$12.98
728,LOreal ParisVoluminous Original Bold Volume Building Mascara 305 Black8 mL,$6.00
729,"Cover GirlLashblast Fusion Mascara, Very Black13.10 mL",$6.98
730,Cover GirlEyeliner Amber Intensity1 ea,$9.98
731,"Cover GirlEyeliner Ink, Gray All Day1 ea",$9.98
732,Cover GirlGet In Line Liquid Liner 325 Black Vinyl1 ea,$9.98
733,LOreal ParisInfallible Never Fail Mechanical Eyeliner Original 521 Slate1.14 g,$11.98
734,LOreal ParisInfallible Never Fail Mechanical Eyeliner Original 541 Navy1.14 g,$11.98
735,"Cover GirlEyeliner Ink, Black1 ea",$9.98
736,Cover GirlEyeliner Amber Intensity1 ea,$9.98
737,"Cover GirlEyeliner Ink, Gray All Day1 ea",$9.98
738,Cover GirlGet In Line Liquid Liner 325 Black Vinyl1 ea,$9.98
739,LOreal ParisInfallible Never Fail Mechanical Eyeliner Original 521 Slate1.14 g,$11.98
740,LOreal ParisInfallible Never Fail Mechanical Eyeliner Original 541 Navy1.14 g,$11.98
741,"Cover GirlEyeliner Ink, Black1 ea",$9.98
742,Cover GirlEyeliner Amber Intensity1 ea,$9.98
743,"Cover GirlEyeliner Ink, Gray All Day1 ea",$9.98
744,Cover GirlGet In Line Liquid Liner 325 Black Vinyl1 ea,$9.98
745,LOreal ParisInfallible Never Fail Mechanical Eyeliner Original 521 Slate1.14 g,$11.98
746,RevlonSuper Lustrous Lip Gloss 247 Desert Spice1 ea,$5.98
747,RevlonSuper Lustrous Lipstick Pearl 657 Fuchsia Fusion1 ea,$5.98
748,RevlonSuper Lustrous Lipstick Pearl 420 Blushed1 ea,$5.98
749,"MilaniColor Statement Lipstick, Pink Frost1 ea",$6.99
750,"MilaniColor Statement Lipstick, Naturally Chic1 ea",$6.99
751,RevlonSuper Lustrous Lipstick Pearl 457 Wild Orchid1 ea,$5.98
752,RevlonRevlonUltra HD Matte Lipcolor 660 HD Romance 5.9 ml1 ea,$9.98
753,RevlonSuper Lustrous Lipstick Crème 440 Cherries in the Snow1 ea,$5.98
754,"Cover GirlColorlicious Lipstick, Caramel Kiss 2403.50 g",$7.98
755,RevlonSuper Lustrous Lip Gloss 207 Sky Pink1 ea,$5.98
756,RevlonSuper Lustrous Lipstick Pearl 205 Champagne on Ice1 ea,$5.98
757,RevlonUltra HD Matte Lipcolor 655 HD Kisses1 ea,$9.98
758,RevlonSuper Lustrous Lipstick Crème 535 Rum Raisin1 ea,$5.98
759,RevlonSuper Lustrous Lipstick Pearl 103 Caramel Glace1 ea,$5.98
760,RevlonSuper Lustrous Lipstick Crème 654 Ravish Me Red1 ea,$5.98
761,RevlonSuper Lustrous Lipstick Crème 463 Sassy Mauve1 ea,$5.98
762,"Rimmel LondonKate Moss, Lipstick, 41 Nude1 ea",$6.98
763,"RevlonUltra HD Matte LipColor, Forever1 ea",$9.98
764,RevlonSuper Lustrous Lip Gloss 255 Sandstorm1 ea,$5.98
765,RevlonSuper Lustrous Lip Gloss 243 Solar Coral1 ea,$5.98
766,"MilaniColor Statement Lipstick, Nude Crème1 ea",$6.99
767,RevlonSuper Lustrous Lip Gloss 247 Desert Spice1 ea,$5.98
768,RevlonSuper Lustrous Lipstick Pearl 657 Fuchsia Fusion1 ea,$5.98
769,RevlonSuper Lustrous Lipstick Pearl 420 Blushed1 ea,$5.98
770,"MilaniColor Statement Lipstick, Pink Frost1 ea",$6.99
771,"MilaniColor Statement Lipstick, Naturally Chic1 ea",$6.99
772,RevlonSuper Lustrous Lipstick Pearl 457 Wild Orchid1 ea,$5.98
773,RevlonRevlonUltra HD Matte Lipcolor 660 HD Romance 5.9 ml1 ea,$9.98
774,RevlonSuper Lustrous Lipstick Crème 440 Cherries in the Snow1 ea,$5.98
775,"Cover GirlColorlicious Lipstick, Caramel Kiss 2403.50 g",$7.98
776,RevlonSuper Lustrous Lip Gloss 207 Sky Pink1 ea,$5.98
777,RevlonSuper Lustrous Lipstick Pearl 205 Champagne on Ice1 ea,$5.98
778,RevlonUltra HD Matte Lipcolor 655 HD Kisses1 ea,$9.98
779,RevlonSuper Lustrous Lipstick Crème 535 Rum Raisin1 ea,$5.98
780,RevlonSuper Lustrous Lipstick Pearl 103 Caramel Glace1 ea,$5.98
781,RevlonSuper Lustrous Lipstick Crème 654 Ravish Me Red1 ea,$5.98
782,RevlonSuper Lustrous Lipstick Crème 463 Sassy Mauve1 ea,$5.98
783,"Rimmel LondonKate Moss, Lipstick, 41 Nude1 ea",$6.98
784,"RevlonUltra HD Matte LipColor, Forever1 ea",$9.98
785,RevlonSuper Lustrous Lip Gloss 255 Sandstorm1 ea,$5.98
786,RevlonSuper Lustrous Lip Gloss 243 Solar Coral1 ea,$5.98
787,"MilaniColor Statement Lipstick, Nude Crème1 ea",$6.99
788,RevlonSuper Lustrous Lip Gloss 247 Desert Spice1 ea,$5.98
789,RevlonSuper Lustrous Lipstick Pearl 657 Fuchsia Fusion1 ea,$5.98
790,RevlonSuper Lustrous Lipstick Pearl 420 Blushed1 ea,$5.98
791,"MilaniColor Statement Lipstick, Pink Frost1 ea",$6.99
792,LOreal ParisColour Riche Anti-Feathering Lip Liner 781 Nudes For Life1 ea,$7.98
793,"LOreal ParisColour Riche Lip Liner, Lasting Plum1 ea",$7.98
794,"AnnabelleLipliner, Cherry1 ea",$5.98
795,"MilaniColor Statement Lip Liner, Bordeaux1 ea",$3.98
796,LOreal ParisColour Riche Anti-Feathering Lip Liner 780 au Naturale1 ea,$7.98
797,LOreal ParisColour Riche Anti-Feathering Lip Liner 781 Nudes For Life1 ea,$7.98
798,"LOreal ParisColour Riche Lip Liner, Lasting Plum1 ea",$7.98
799,"AnnabelleLipliner, Cherry1 ea",$5.98
800,"MilaniColor Statement Lip Liner, Bordeaux1 ea",$3.98
801,LOreal ParisColour Riche Anti-Feathering Lip Liner 780 au Naturale1 ea,$7.98
802,LOreal ParisColour Riche Anti-Feathering Lip Liner 781 Nudes For Life1 ea,$7.98
803,"LOreal ParisColour Riche Lip Liner, Lasting Plum1 ea",$7.98
804,"AnnabelleLipliner, Cherry1 ea",$5.98
805,"MilaniColor Statement Lip Liner, Bordeaux1 ea",$3.98
806,"RevlonPowder Blush, Oh Baby Pink1 ea",$9.98
807,"MilaniRose Powder Blush, Romantic Rose1 ea",$6.38
808,"Cover GirlCheekers Blush, Classic Pink3.40 g",$2.84
809,"RevlonPowder Blush, Naughty Nude1 ea",$9.98
810,AnnabelleBlush #32 Pronto1 ea,$6.98
811,"LOreal ParisTrue Match Blush, Tender Rose1 ea",$15.98
812,"Cover GirlCheekers Blush, Soft Sable3.40 g",$2.84
813,LOreal ParisTrue Match Super-Blendable Cool Blush C1-2 Baby Blossoms 6.0 g1 ea,$15.98
814,"MilaniBaked Blush, Luminoso1 ea",$6.38
815,RevlonPowder Blush 003 Mauvelous 5.0 g1 ea,$9.98
816,"MilaniBaked Blush, Rose Doro1 ea",$6.38
817,"MilaniBaked Blush, Dolce Pink1 ea",$6.38
818,"MilaniBaked Blush, Berry Amore1 ea",$6.38
819,LOreal ParisTrue Match Super-Blendable Warm Blush W3-4 Barely Blushing 6.0 g1 ea,$15.98
820,"RevlonPowder Blush, Oh Baby Pink1 ea",$9.98
821,"MilaniRose Powder Blush, Romantic Rose1 ea",$6.38
822,"Cover GirlCheekers Blush, Classic Pink3.40 g",$2.84
823,"RevlonPowder Blush, Naughty Nude1 ea",$9.98
824,AnnabelleBlush #32 Pronto1 ea,$6.98
825,"LOreal ParisTrue Match Blush, Tender Rose1 ea",$15.98
826,"Cover GirlCheekers Blush, Soft Sable3.40 g",$2.84
827,LOreal ParisTrue Match Super-Blendable Cool Blush C1-2 Baby Blossoms 6.0 g1 ea,$15.98
828,"MilaniBaked Blush, Luminoso1 ea",$6.38
829,RevlonPowder Blush 003 Mauvelous 5.0 g1 ea,$9.98
830,"MilaniBaked Blush, Rose Doro1 ea",$6.38
831,"MilaniBaked Blush, Dolce Pink1 ea",$6.38
832,"MilaniBaked Blush, Berry Amore1 ea",$6.38
833,LOreal ParisTrue Match Super-Blendable Warm Blush W3-4 Barely Blushing 6.0 g1 ea,$15.98
834,"RevlonPowder Blush, Oh Baby Pink1 ea",$9.98
835,"MilaniRose Powder Blush, Romantic Rose1 ea",$6.38
836,"Cover GirlCheekers Blush, Classic Pink3.40 g",$2.84
837,"RevlonPowder Blush, Naughty Nude1 ea",$9.98
838,MaybellineFit Me! Hydrate+Smooth Foundation 210 Sandy Beige SPF 1830 mL,$5.98
839,MaybellineNew York Fit Me! Hydrate + Smooth Foundation 225 Medium Buff SPF 1830 mL,$5.98
840,MaybellineDream Matte Mousse Porcelain Ivory Light 1 Foundation15 g,$12.98
841,MaybellineMaybelline New York Dream Matte Mousse Nude Light 4 Foundation15 g,$12.98
842,MaybellineDream Matte Mousse Classic Ivory Light 2 Foundation15 g,$12.98
843,"ElfStudio Flawless Finish Foundation, Sand23 g",$8.00
844,"Joe Fresh StyleFoundation Stck, Sand1 ea",$6.94
845,Cover GirlAqua CG Smoothers Makeup 750 Creamy Beige30 mL,$7.98
846,MaybellineDream Matte Mousse Pure Beige Medium 2 Foundation15 g,$12.98
847,"LOreal ParisInfallible Fresh Wear Foundation, Porcelain30 mL",$19.98
848,"MaybellineFit Me! Foundation, SPF 18, Nude Beige30 mL",$5.98
849,"LOreal ParisInfallible Fresh Wear Foundation, Natural30 mL",$19.98
850,"MaybellineFit Me! Foundation, SPF 18, Classic Ivory30 mL",$5.98
851,MaybellineNew York Fit Me! Hydrate+Smooth Foundation 220 Natural Beige SPF 1830 mL,$5.98
852,MaybellineFit Me! Hydrate+Smooth Foundation 210 Sandy Beige SPF 1830 mL,$5.98
853,MaybellineNew York Fit Me! Hydrate + Smooth Foundation 225 Medium Buff SPF 1830 mL,$5.98
854,MaybellineDream Matte Mousse Porcelain Ivory Light 1 Foundation15 g,$12.98
855,MaybellineMaybelline New York Dream Matte Mousse Nude Light 4 Foundation15 g,$12.98
856,MaybellineDream Matte Mousse Classic Ivory Light 2 Foundation15 g,$12.98
857,"ElfStudio Flawless Finish Foundation, Sand23 g",$8.00
858,"Joe Fresh StyleFoundation Stck, Sand1 ea",$6.94
859,Cover GirlAqua CG Smoothers Makeup 750 Creamy Beige30 mL,$7.98
860,MaybellineDream Matte Mousse Pure Beige Medium 2 Foundation15 g,$12.98
861,"LOreal ParisInfallible Fresh Wear Foundation, Porcelain30 mL",$19.98
862,"MaybellineFit Me! Foundation, SPF 18, Nude Beige30 mL",$5.98
863,"LOreal ParisInfallible Fresh Wear Foundation, Natural30 mL",$19.98
864,"MaybellineFit Me! Foundation, SPF 18, Classic Ivory30 mL",$5.98
865,MaybellineNew York Fit Me! Hydrate+Smooth Foundation 220 Natural Beige SPF 1830 mL,$5.98
866,MaybellineFit Me! Hydrate+Smooth Foundation 210 Sandy Beige SPF 1830 mL,$5.98
867,MaybellineNew York Fit Me! Hydrate + Smooth Foundation 225 Medium Buff SPF 1830 mL,$5.98
868,MaybellineDream Matte Mousse Porcelain Ivory Light 1 Foundation15 g,$12.98
869,MaybellineMaybelline New York Dream Matte Mousse Nude Light 4 Foundation15 g,$12.98
870,RevlonPhotoready Concealer Stick 001 Fair1 ea,$11.98
871,"Cover GirlInvisible Concealer, Fair1 ea",$8.98
872,"AlmaySmart Shade Concealer, Pale1 ea",$10.49
873,"RevlonPhotoready Concealer, 004 Medium1 ea",$11.98
874,MarcelleFlawless Concealer Light to Medium5.60 mL,$10.98
875,"AlmaySmart Shade Concealer, Light/Medium1 ea",$10.49
876,RevlonPhotoready Concealer Stick 001 Fair1 ea,$11.98
877,"Cover GirlInvisible Concealer, Fair1 ea",$8.98
878,"AlmaySmart Shade Concealer, Pale1 ea",$10.49
879,"RevlonPhotoready Concealer, 004 Medium1 ea",$11.98
880,MarcelleFlawless Concealer Light to Medium5.60 mL,$10.98
881,"AlmaySmart Shade Concealer, Light/Medium1 ea",$10.49
882,RevlonPhotoready Concealer Stick 001 Fair1 ea,$11.98
883,"Cover GirlInvisible Concealer, Fair1 ea",$8.98
884,"AlmaySmart Shade Concealer, Pale1 ea",$10.49
885,"RevlonPhotoready Concealer, 004 Medium1 ea",$11.98
886,"Sally HansenInsta-Dri Nail Polish, Pink Blink1 ea",$4.99
887,"RevlonNail Enamel, Clear1 ea",$3.98
888,"Sally HansenInsta-Dri Nail Polish, Clearly Quick1 ea",$4.99
889,"RevlonClassic Nail, Amethyst Smoke1 ea",$3.98
890,"EssieNail Lacquer, Eternal Optimist13.50 mL",$8.99
891,"EssieNail Lacquer, Lilcism13.50 mL",$8.99
892,Sally HansenMiracle Gel Coat Activator Nail Colour1 ea,$12.99
893,"EssieNail Color, Ladylike1 ea",$9.99
894,"EssieNail Color, Bikini So Teeny1 ea",$9.99
895,"Sally HansenInsta-Dri Nail Polish, Petal Pusher1 ea",$4.99
896,"EssieNail Lacquer, Ballet Slippers13.50 mL",$8.99
897,"Sally HansenComplete Salon Manicure Nail Polish, Clear'd for Takeoff14.70 mL",$9.99
898,EssieNail Color 00 Top Coat13.50 mL,$10.98
899,"EssieNail Lacquer, Blanc13.50 mL",$8.99
900,"RevlonColorstay Gel Envy Nail Enamel, Top Coat1 ea",$8.99
901,"Sinful ColoursSinfulColors, Clear Coat Nail Polish1 ea",$1.99
902,"Sally HansenInsta-Dri Nail Polish, Pink Blink1 ea",$4.99
903,"RevlonNail Enamel, Clear1 ea",$3.98
904,"Sally HansenInsta-Dri Nail Polish, Clearly Quick1 ea",$4.99
905,"RevlonClassic Nail, Amethyst Smoke1 ea",$3.98
906,"EssieNail Lacquer, Eternal Optimist13.50 mL",$8.99
907,"EssieNail Lacquer, Lilcism13.50 mL",$8.99
908,Sally HansenMiracle Gel Coat Activator Nail Colour1 ea,$12.99
909,"EssieNail Color, Ladylike1 ea",$9.99
910,"EssieNail Color, Bikini So Teeny1 ea",$9.99
911,"Sally HansenInsta-Dri Nail Polish, Petal Pusher1 ea",$4.99
912,"EssieNail Lacquer, Ballet Slippers13.50 mL",$8.99
913,"Sally HansenComplete Salon Manicure Nail Polish, Clear'd for Takeoff14.70 mL",$9.99
914,EssieNail Color 00 Top Coat13.50 mL,$10.98
915,"EssieNail Lacquer, Blanc13.50 mL",$8.99
916,"RevlonColorstay Gel Envy Nail Enamel, Top Coat1 ea",$8.99
917,"Sinful ColoursSinfulColors, Clear Coat Nail Polish1 ea",$1.99
918,"Sally HansenInsta-Dri Nail Polish, Pink Blink1 ea",$4.99
919,"RevlonNail Enamel, Clear1 ea",$3.98
920,"Sally HansenInsta-Dri Nail Polish, Clearly Quick1 ea",$4.99
921,"RevlonClassic Nail, Amethyst Smoke1 ea",$3.98
922,NiveaCrème Tin30 mL,$1.48
923,Crate 61 All Natural Lemongrass110 g,$3.98
924,NiveaExtra Nourishing Body Milk625 mL,$8.98
925,NiveaSOS Repair & Care Body Lotion625 mL,$8.98
926,"Johnson & JohnsonBaby Oil, Trial Size88 mL",$1.98
927,"OlayAge Defying ADVANCED Gel Moisturizer with Hyaluronic Acid, 50 mL50 mL",$17.98
928,VisineWorkplace15 mL,$5.78
929,Life BrandWomens 5 Blade Razor System1 ea,$4.98
930,DivaCupDivaCup Menstrual Cup1 ea,$31.98
931,BicSoleil Bella 4 Blade Disposable Razor for Women12 ea,$19.98
932,NeutrogenaDeep Clean Facial Cleanser    200 mL,$8.98
933,"It's SkinBrightening Mask, Fresh Carrot20 mL",$3.99
934,"NatracareCotton Tampons, Super Applicator16 ea",$10.98
935,"Oral BSuper Floss, Mint50 ea",$4.25
936,DoveMen+Care Body Wash Active+Fresh400 mL,$2.98
937,"Old SpiceAntiperspirant, High Endurance Pure Sport85 g",$3.18
938,Everyone Soap 3 in 1 Lavender + Aloe946 mL,$14.98
939,BicSoleil Razor8 ea,$10.98
940,"Life BrandMen 3 Blade Disposable Razor, Sensitive1 ea",$4.98
941,"SoftsoapLiquid Hand Soap Refill, Vanilla & Brown Sugar828 mL",$3.78
942,NiveaNIVEA MicellAir Skin Breathe Micellar Water Dry and Sensitive Skin400 mL,$8.99
943,Schmidt's Naturals Deodorant Stick Fragrance Free75 g,$8.98
944,Shea Body Butter Moroccan Rose198 g,$7.98
945,NiveaSensitive Care Cream200 mL,$10.48
946,"MitchumWomen Clinical, Powder Fresh45 g",$8.49
947,TonymolyBanana Hand Milk45 mL,$9.99
948,"ListerinePocketmist, Cool Mint7.70 mL",$4.25
949,GilletteFusion ProGlide Power Cartridge Refills8 ea,$39.78
950,NiveaEye Waterproof Make-Up Remover125 mL,$8.99
951,Tree Hut Shea Sugar Scrub Coconut Lime510 g,$7.98
952,"ColgateManual Toothbrush, Smiles Minions1 ea",$4.00
953,FuncareCrayola Bodystampers Bath Time Stick 'n' Squeeze 3+1 ea,$9.24
954,NeutrogenaHydro Boost 100% Hydrogel Mask Hydrating1 ea,$4.00
955,"NeutrogenaUltra Sheer Dry Touch Sunscreen, SPF 100+88 mL",$14.98
956,"PalmersCocoa Butter Formula, Skin Therapy Oil150 mL",$10.98
957,GilletteFoam Sensitive Mousse311 g,$2.68
958,Alba Botanica3-in-1 Biodegradable Towelettes Hawaiian30 ea,$9.98
959,NiveaOriginal Cr�me150 mL,$7.98
960,DoveMen +Care Extra Fresh Cooling Agent Body + Face Wash400 mL,$2.98
961,ListerineTotal Care For Sensitive Teeth Clean Mint Antiseptic Mouthwash1 L,$8.50
962,O'Keeffe'sWorking Hands Hand Cream96 g,$8.98
963,"CalgonBubble Bath, Ocean Breeze877 g",$5.99
964,"Alba BotanicaNatural Hawaiian Hand & Body Lotion, Cocoa Butter207 mL",$9.48
965,"GilletteProGlide Sensitive 2 In 1 Shave Gel + Skin Care, Alpine Clean170 g",$3.98
966,GilletteDisposable Razor Oceana Blue3 ea,$9.48
967,ConairProPersonal Trimmer with Tweezers1 ea,$12.98
968,"Fresh Goat Milk Foaming Milk Bath, Orchid Oil800 mL",$4.99
969,AveenoAbsolutely Ageless Moisturizing Cleanser154 mL,$10.98
970,Adult Glycerin48 ea,$11.28
971,FridaBaby Smile Frida Baby Bath Brush1 ea,$12.98
972,BetadineBetadine Antiseptic Cream15 g,$9.98
973,"ReactineExtra Strength, Non-Drowsy3 ea",$5.48
974,Band-AidPaw Patrol Theme20 ea,$4.78
975,"JamiesonMulti-Vitamins, 100% Complete, Men90 ea",$15.48
976,"CepacolSensations Sore Throat and Cough, Sore Throat Lozenges16 ea",$3.48
977,LifestylesAmuse His & Hers Massagers2 ea,$10.99
978,TherapearlContour Pack with Strap1 ea,$13.49
979,"Gas-XChewable, Extra Strength Cherry18 ea",$6.98
980,Motrin200 Mg Liquid Gels72 ea,$11.98
981,"GavisconSoothing Liquid, Icy Mint340 mL",$10.48
982,"ExactEpsom Salt, Eucalyptus2 kg",$9.98
983,MunchkinFishin' 2+ Years1 ea,$14.98
984,"Russell StoverHard Candies, Lemon150 g",$3.28
985,FridaBaby Derma Frida Baby Bath Brush1 ea,$14.98
986,TinactinChill Liquid Spray113 g,$11.98
987,"GavisconSoothing Liquid, Fruit600 mL",$14.78
988,"Russell StoverBites, Blueberry142 g",$4.54
989,"TrojanGroove Condom, Lubricated10 ea",$7.94
990,"RolaidsUltra Strength Tablets, Fruit72 ea",$3.48
991,CulturelleDigestive Health Probiotic50 ea,$46.98
992,KT TapePro Extreme Extra Strength Adhesive Tape Black 20 Strips20 ea,$19.98
993,NeilMedPremixed Packets70 ea,$18.48
994,NicoretteInhaler Pack42 ea,$35.98
995,Heel Care90 mL,$12.98
996,Dr SchollsCallous Removers1 ea,$5.98
997,"Hand, Elbow, Knee Therapy100 mL",$9.98
998,Fisherman's FriendCherry22 ea,$2.08
999,"GlucernaShake, Chocolate6x237mL",$10.98
1000,TrojanBareskin Condoms    10 ea,$10.48
1001,uMedPlan Pill Tote Key Ring1 ea,$4.48
1002,ExactAllergy Control10 ea,$9.98
1003,DurexCondoms Ultra Thin Avanti Bare12 ea,$12.28
1004,Dr SchollsAthletes Foot Spray100 g,$7.99
1005,"NicoretteGum, Cinnamon105 ea",$35.98
1006,Summer InfantRightHeight Bath Center 4-Stages 0 - 24 Months1 ea,$51.98
1007,"PoisePads, Regular Length48 ea",$14.97
1008,PlaytexCushy Comfy Safety Bath Mat1 ea,$14.98
1009,Dr SchollsCallus Cushions5 ea,$5.99
1010,"JamiesonMulti 100% Complete Adult, 50+90 ea",$15.48
1011,ExactEpsom Salt4 kg,$8.00
1012,NeilMedSinus Rinse Kit50 ea,$18.48
1013,Nature's BountyValue Size Lutein 20 mg 60 Liquid Softgels60 ea,$18.98
1014,Buckley'sCongestion & Cough150 mL,$12.48
1015,"DependsUnderwear For Women, Max Absorption Medium18 ea",$14.97
1016,Webber NaturalsDiabetex Multi Vitamin120 ea,$18.98
1017,NexcareMax Hold Waterproof Bandages 40 ea,$7.49
1018,Raw Organic Chocolate Protein Powder664 g,$57.48
1019,"AscentaNutraSea hp EPA Omega-3 Supplement, Zesty Lemon200 mL",$44.98
1020,"ExactFolic Acid, 1000mcg365 ea",$12.98
1021,QuantumLily of the Desert Inner Fillet Aloe Vera Gel946 mL,$15.98
1022,Bausch+LombAREDS 2 Formula120 ea,$28.98
1023,EarthriseSpirulina Natural Powder90 g,$21.98
1024,"VegaProtein & Greens Shake, Chocolate521 g",$24.98
1025,"JamiesonMulti-Vitamins, 100% Complete, Men90 ea",$15.48
1026,JamiesonCoQ10 500mg Gummies30 ea,$29.98
1027,"Six StarWhey Protein, French Vanilla Cream907 g",$25.88
1028,"IronKids EssentialsGummies, Vitamin D200 ea",$18.98
1029,"Genuine HealthOmega 3, Extra Strength Soft Gels60 ea",$24.48
1030,FlintstonesComplete Multi-Vitamins60 ea,$8.98
1031,StresstabsB-Complex Vitamins for Women100 ea,$14.48
1032,"CaltrateSoft Chews, Vanilla60 ea",$14.98
1033,"President's ChoiceHigh Protein Bars, Cookies & Cream (Case)12x78g",$26.98c
1034,"VegaSport Hydrator, Berry148 g",$27.48
1035,EnsureEnlive Formulated Liquid Diet Vanilla4x235mL,$7.98
1036,The Good BeanCheesy Nacho Bean Chips142 g,$2.98
1037,"QuantumProbiotic Whey Isolate, French Vanilla910 g",$59.98
1038,VitaluxOcular Multivitamin75 ea,$29.98
1039,JamiesonSiberian Ginseng100 ea,$15.98
1040,"One A DayMulti-Vitamins, Men's90 ea",$8.98
1041,"SimilacMom Beverage, Vanilla (Case)6x235mL",$10.98
1042,Webber NaturalsSuperCalm 60 Capsules60 ea,$22.98
1043,ExactEvening Primrose Oil180 ea,$12.98
1044,"ExactCoEnzyme Q10, 60mg60 ea",$11.98
1045,Nature's BountyValue Size Biotin 1000 mcg 200 Coated Tablets200 ea,$13.48
1046,"JamiesonCalcium + D3 Soft Chews, French Caramel Cream60 ea",$14.98
1047,"VegaProtein, Coconut Almond518 g",$24.98
1048,"SlimfastReady-To-Drink, Strawberry8x325mL",$14.48
1049,"QuestbarProtein Bar, Birthday Cake60 g",$3.98
1050,"ProgressiveMultiVitamins, Active Men120 ea",$39.98
1051,"VegaOne Nutritional Shake, Mocha836 g",$54.98
1052,PromensilDouble Strength Red Clover Isoflavones60 ea,$61.98
1053,JamiesonVitamin A 10000 IU100 ea,$6.98
1054,IronKids EssentialsOmega-3 Gummies120 ea,$15.98
1055,"Renew LifeUltimate Flora, Ultra Potent30 ea",$62.48
1056,AllmaxCreatine100 g,$13.98
1057,Nature's BountyAdult Multi-Vitamin Gummies with Fiber75 ea,$8.98
1058,Diesel New Zealand Whey Protein + Chocolate Obsession Flavour908 g,$31.98
1059,JamiesonOdourless Garlic100 ea,$11.48
1060,"MusclePharmProtein Bar, Combat Crunch Chocolate Chip Cookie Dough (Case)12x63g",$38.99c
1061,Genuine HealthFermented Organic Gut Superfoods+ Whole Food Powder229 g,$53.98
1062,MusclePharmCombat Crunch Chocolate Chip Cookie Dough 12 Bars63 g,$4.28
1063,Webber NaturalsWomen's Probiotic with Cranberry45 ea,$14.98
1064,CentrumForte Essentials250 ea,$32.48
1065,Bio K+Plus + Antibiofix 100% Probiotic Strong 15 Capsules15 ea,$32.98
1066,President's ChoiceCast Iron Wok with Lid1 ea,$21.88
1067,8 Building Blocks Loot Bags1 ea,$2.00
1068,"UniquePlastic Tablecover, Rectangular Yellow1 ea",$1.25
1069,Everyday EssentialsSteamer Basket1 ea,$7.48
1070,President's ChoiceDouble Old Fashioned Glass 4-Pack1 ea,$9.98
1071,"Paper Straws, Stripe Orange and White1 ea",$3.50
1072,Life at HomeLounger Cushion Cabana Stripe1 ea,$44.00
1073,President's ChoiceRotating Convection Oven1 ea,$84.98
1074,"Footless Tights, Purple1 ea",$8.00
1075,"Tera GearPush Up Umbrella, Red 8Ft1 ea",$45.00
1076,President's ChoiceCan Opener with Stainless Steel Blade1 ea,$11.98
1077,"Tablecover Border, 54 x102"" , Mermaid Friends1 ea",$3.00
1078,"18ct Forks, Gold1 ea",$1.25
1079,"3MCommand Hooks Value Pack, S1 ea",$8.78
1080,"Tera GearSling Stack Chair, Black1 ea",$25.00
1081,"Grey Crepe Streamer, 81 ft1 ea",$1.00
1082,Life at HomeRectangle Accent Patio Cushion Blue Geo1 ea,$10.00
1083,SylvaniaLED Night Light Circle Plug301 ea,$8.98
1084,"President's ChoiceJumbo Cooker, 12in1 ea",$23.98
1085,LEGODuplo Number Train1 ea,$24.98
1086,Everyday EssentialsCoil Notebook 8x101 ea,$2.99
1087,Spiderman Pinata1 ea,$22.50
1088,"No NameAll-Purpose Pan with Lid, Giant Size1 ea",$3.28
1089,"Everyday EssentialsCircles Tubmat, Clear1 ea",$5.98
1090,5 Sticky Ball Game Rings1 ea,$2.00
1091,"Tera GearHigh Cushion, Red Stripe1 ea",$15.00
1092,Tera GearWoven Bistro Set3x1ea,$129.00
1093,Unique4 Disney Frozen Tattoo Sheets4x1ea,$3.00
1094,PyrexSimply Storage Set1 ea,$24.98
1095,President's ChoiceGrand Demitasse Spoons1 ea,$5.48
1096,UniqueNumber 5 Deluxe Candle1 ea,$1.00
1097,Boa Blue1 ea,$10.00
1098,Anchor HockingHeritage 2qt Glass Jar1 ea,$9.48
1099,Fashion AngelsFashion Angels Unicorn Yoga Game Portfolio1 ea,$13.98
1100,"Air HogsHero Pup, Cowboy Chase1 ea",$11.98
1101,"UniqueYellow Round 7""  Plates,1 ea",$1.25
1102,ThermosStainless Steel Bottle 1L1 ea,$26.98
1103,8 Stretch Frog Slingshot Shooter1 ea,$2.00
1104,Everyday EssentialsPlug In ST38 String Light 20count1 ea,$24.00
1105,"No NamePie Plates, 8""6x1ea",$3.48
1106,CanonAS-8 Calculator1 ea,$6.98
1107,Frozen Sticker Sheets1 ea,$2.00
1108,"ContigoCourt Ox Bottle, Black 20 oz1 ea",$17.98
1109,No NameInstant Start Charcoal3.27 kg,$8.48
1110,Projection Soother1 ea,$44.98
1111,President's ChoiceMini Wisdom Rice Cooker1 ea,$52.98
1112,Allway Plastic Putty Knife 37mmÂ 1 ea,$1.98
1113,8 Frogs1 ea,$3.00
1114,PC OrganicsHass Avocados3 Pack,$5.98
1115,Hass Avocado1 ea,$1.68
1116,Cilantro1 ea,$0.98
1117,Farmer's MarketFM English Cucumber 3Ct3 Pack,$3.98
1118,Farmer's MarketFM Grape Tomato 907g908 g,$5.00
1119,President's ChoicePlumcots,$0.72
1120,Yellow Potatoes,$0.98
1121,English Cucumber1 ea,$1.68
1122,Yellow Peaches,$1.31
1123,Organic Strawberries454 g,$5.98
1124,No NameNaturally Imperfect Peppers1.11 kg,$5.98
1125,DoleChop Chop Chipotle & Cheddar Salad Kit366 g,$3.98
1126,Farmer's MarketFM CarrotsMini 2LB2 lb bag,$3.98
1127,Yellow Asian Pears,$1.40
1128,Villagio Marzano Tomatoes681 g,$6.98
1129,Green Onion1 bunch,$1.48
1130,Envy Apples,$1.09
1131,Fuji Apples,$1.31
1132,Farmer's MarketMini Cucumbers6 Pack,$3.98
1133,Farmer's MarketMcIntosh Apples4 lb bag,$5.98
1134,Sweet Onion,$2.01
1135,Strawberries1 ea,$3.98
1136,Farmer's MarketMini Cucumbers1 kg,$5.00
1137,DoleCaesar Salad Kit216 g,$3.98
1138,Red Seedless Grapes,$3.23
1139,Peaches,$1.05
1140,Organic English Cucumber1 ea,$2.48
1141,White Potatoes,$1.57
1142,Red Seedless Watermelon1 ea,$9.98
1143,Honeydew Melon1 ea,$3.98
1144,Black Plums,$0.55
1145,President's ChoiceMandarin Oranges2 lb bag,$4.98
1146,Spanish Onion,$1.44
1147,Spaghetti Squash,$4.11
1148,Farmer's MarketSweet Baby Peppers4 Pack,$3.98
1149,Lemon1 ea,$0.98
1150,Honeycrisp Apples,$1.58
1151,PC OrganicsCarrots2 lb bag,$2.48
1152,Limes1 ea,$0.68
1153,Cantaloupe1 ea,$1.98
1154,Red Delicious Apples,$0.92
1155,Organic Gala Apples,$1.20
1156,PC OrganicsGrape Tomatoes255 g,$3.48
1157,"Eat SmartVegetable Salad Kit, Sweet Kale680 g",$7.98
1158,DoleSouthwest Salad Kit298 g,$4.98
1159,Romaine Lettuce1 ea,$2.98
1160,President's ChoiceStrawberries 12OZ340 g,$5.98
1161,Anjou Pears,$1.05
1162,"President's ChoiceCremini Mushrooms, Whole454 g",$3.28
1163,Ambrosia Apples,$1.20
1164,Tomato on the Vine Red,$3.88
1165,Blackberries 1/2 Pint0.50 pint,$3.98
1166,Dragon Fruit1 ea,$1.98
1167,"Navel Orange, Medium",$1.49
1168,President's ChoiceBlood Oranges907 g,$4.98
1169,Organic Red Tomato on the Vine,$7.91
1170,Farmer's MarketYellow Onions3 lb bag,$2.48
1171,Sweet Potato,$2.33
1172,Yellow Nectarines,$0.92
1173,Blackberries1 pint,$4.98
1174,"President's ChoiceWhite Mushrooms, Sliced227 g",$2.48
1175,PC OrganicsBaby Spinach312 g,$5.98
1176,Blueberries0.50 pint,$4.98
1177,Granny Smith Apples4 lb bag,$5.98
1178,Green Beans,$0.27
1179,Broccoli1 ea,$1.98
1180,Farmer's MarketLemons2 g,$4.98
1181,DoleChop Chop BBQ Ranch Salad Kit408 g,$3.98
1182,Organic Kiwis454 g,$2.48
1183,Eat SmartSweet Kale Salad Kit340 g,$5.48
1184,Green Leaf Lettuce1 ea,$2.98
1185,Purple Eggplants,$3.12
1186,Farmer's MarketAmbrosia Apples4 lb bag,$3.00
1187,"Pineapple, Large1 ea",$2.99
1188,President's ChoiceButton Mushrooms227 g,$2.98
1189,Mini Seedless Watermelon1 ea,$2.98
1190,Avocado1 ea,$1.98
1191,"President's ChoiceWhite Mushrooms, Whole227 g",$2.28
1192,"Grapefruit, Ruby Red1.36 kg",$3.00
1193,Royal Gala Apples,$0.92
1194,"President's ChoiceCremini Mushrooms, Whole227 g",$2.28
1195,No NameNaturaly Imperfect White Mushrooms680 g,$4.98
1196,PC OrganicsHoneycrisp Apples,$1.66
1197,Farmer's MarketMini Carrots340 g,$1.98
1198,Brussels Sprouts,$0.44
1199,President's ChoiceWhite Mushrooms454 g,$3.28
1200,Farmer's MarketFM Carrots  3LB3 lb bag,$2.98
1201,Green Cabbage,$2.52
1202,Kiwis1 ea,$0.78
1203,Farmer's MarketGala Apples4 lb Bag,$5.98
1204,PC OrganicsSweet Potatoes3 lb bag,$6.98
1205,Baking Potato,$1.40
1206,PC OrganicsGala Apples3 lb bag,$4.98
1207,Granny Smith Apples,$1.09
1208,No NameAvocados (Bag)1.36 kg,$6.98
1209,No NameImperfect Apples6 lb,$5.98
1210,President's ChoiceEasy To Peel Orri Mandarin Oranges907 g,$4.98
1211,President's ChoiceNavel Oranges Cara Cara3 lb bag,$5.98
1212,Navel Orange,$1.53
1213,PC OrganicsBaby Spinach142 g,$4.48
1214,PC OrganicsHass Avocados3 Pack,$5.98
1215,Hass Avocado1 ea,$1.68
1216,Cilantro1 ea,$0.98
1217,Farmer's MarketFM English Cucumber 3Ct3 Pack,$3.98
1218,Farmer's MarketFM Grape Tomato 907g908 g,$5.00
1219,President's ChoicePlumcots,$0.72
1220,Yellow Potatoes,$0.98
1221,English Cucumber1 ea,$1.68
1222,Yellow Peaches,$1.31
1223,Organic Strawberries454 g,$5.98
1224,No NameNaturally Imperfect Peppers1.11 kg,$5.98
1225,DoleChop Chop Chipotle & Cheddar Salad Kit366 g,$3.98
1226,Farmer's MarketFM CarrotsMini 2LB2 lb bag,$3.98
1227,Yellow Asian Pears,$1.40
1228,Villagio Marzano Tomatoes681 g,$6.98
1229,Green Onion1 bunch,$1.48
1230,Envy Apples,$1.09
1231,Fuji Apples,$1.31
1232,Farmer's MarketMini Cucumbers6 Pack,$3.98
1233,Farmer's MarketMcIntosh Apples4 lb bag,$5.98
1234,Sweet Onion,$2.01
1235,Strawberries1 ea,$3.98
1236,Farmer's MarketMini Cucumbers1 kg,$5.00
1237,DoleCaesar Salad Kit216 g,$3.98
1238,Red Seedless Grapes,$3.23
1239,Peaches,$1.05
1240,Organic English Cucumber1 ea,$2.48
1241,White Potatoes,$1.57
1242,Red Seedless Watermelon1 ea,$9.98
1243,Honeydew Melon1 ea,$3.98
1244,Black Plums,$0.55
1245,President's ChoiceMandarin Oranges2 lb bag,$4.98
1246,Spanish Onion,$1.44
1247,Spaghetti Squash,$4.11
1248,Farmer's MarketSweet Baby Peppers4 Pack,$3.98
1249,Lemon1 ea,$0.98
1250,Honeycrisp Apples,$1.58
1251,PC OrganicsCarrots2 lb bag,$2.48
1252,Limes1 ea,$0.68
1253,Cantaloupe1 ea,$1.98
1254,Red Delicious Apples,$0.92
1255,Organic Gala Apples,$1.20
1256,PC OrganicsGrape Tomatoes255 g,$3.48
1257,"Eat SmartVegetable Salad Kit, Sweet Kale680 g",$7.98
1258,DoleSouthwest Salad Kit298 g,$4.98
1259,Romaine Lettuce1 ea,$2.98
1260,President's ChoiceStrawberries 12OZ340 g,$5.98
1261,Anjou Pears,$1.05
1262,"President's ChoiceCremini Mushrooms, Whole454 g",$3.28
1263,Ambrosia Apples,$1.20
1264,Tomato on the Vine Red,$3.88
1265,Blackberries 1/2 Pint0.50 pint,$3.98
1266,Dragon Fruit1 ea,$1.98
1267,"Navel Orange, Medium",$1.49
1268,President's ChoiceBlood Oranges907 g,$4.98
1269,Organic Red Tomato on the Vine,$7.91
1270,Farmer's MarketYellow Onions3 lb bag,$2.48
1271,Sweet Potato,$2.33
1272,Yellow Nectarines,$0.92
1273,Blackberries1 pint,$4.98
1274,"President's ChoiceWhite Mushrooms, Sliced227 g",$2.48
1275,PC OrganicsBaby Spinach312 g,$5.98
1276,Blueberries0.50 pint,$4.98
1277,Granny Smith Apples4 lb bag,$5.98
1278,Green Beans,$0.27
1279,Broccoli1 ea,$1.98
1280,Farmer's MarketLemons2 g,$4.98
1281,DoleChop Chop BBQ Ranch Salad Kit408 g,$3.98
1282,Organic Kiwis454 g,$2.48
1283,Eat SmartSweet Kale Salad Kit340 g,$5.48
1284,Green Leaf Lettuce1 ea,$2.98
1285,Purple Eggplants,$3.12
1286,Farmer's MarketAmbrosia Apples4 lb bag,$3.00
1287,"Pineapple, Large1 ea",$2.99
1288,President's ChoiceButton Mushrooms227 g,$2.98
1289,Mini Seedless Watermelon1 ea,$2.98
1290,Avocado1 ea,$1.98
1291,"President's ChoiceWhite Mushrooms, Whole227 g",$2.28
1292,"Grapefruit, Ruby Red1.36 kg",$3.00
1293,Royal Gala Apples,$0.92
1294,"President's ChoiceCremini Mushrooms, Whole227 g",$2.28
1295,No NameNaturaly Imperfect White Mushrooms680 g,$4.98
1296,PC OrganicsHoneycrisp Apples,$1.66
1297,Farmer's MarketMini Carrots340 g,$1.98
1298,Brussels Sprouts,$0.44
1299,President's ChoiceWhite Mushrooms454 g,$3.28
1300,Farmer's MarketFM Carrots  3LB3 lb bag,$2.98
1301,Green Cabbage,$2.52
1302,Kiwis1 ea,$0.78
1303,Farmer's MarketGala Apples4 lb Bag,$5.98
1304,PC OrganicsSweet Potatoes3 lb bag,$6.98
1305,Baking Potato,$1.40
1306,PC OrganicsGala Apples3 lb bag,$4.98
1307,Granny Smith Apples,$1.09
1308,No NameAvocados (Bag)1.36 kg,$6.98
1309,No NameImperfect Apples6 lb,$5.98
1310,President's ChoiceEasy To Peel Orri Mandarin Oranges907 g,$4.98
1311,President's ChoiceNavel Oranges Cara Cara3 lb bag,$5.98
1312,Navel Orange,$1.53
1313,PC OrganicsBaby Spinach142 g,$4.48
1314,PC OrganicsHass Avocados3 Pack,$5.98
1315,Hass Avocado1 ea,$1.68
1316,Cilantro1 ea,$0.98
1317,Farmer's MarketFM English Cucumber 3Ct3 Pack,$3.98
1318,PampersBaby-Dry Diapers Size 3 104 Count104 ea,$26.98
1319,PampersBaby-Dry Diapers Size 4 92 Count92 ea,$26.98
1320,PampersBaby Wipes Sensitive 9X Pop-Top Packs 504 Count504 ea,$16.98
1321,PampersBaby-Dry Diapers Size 6 64 Count64 ea,$26.98
1322,PampersBaby Wipes Sensitive 3X Refill 192 Count192 ea,$7.38
1323,PampersBaby-Dry Diapers Size 5 78 Count78 ea,$26.98
1324,PampersPure Protection Diapers Size 2 68 Count68 ea,$19.94
1325,PampersBaby-Dry Diapers Size 3 104 Count104 ea,$26.98
1326,PampersBaby-Dry Diapers Size 4 92 Count92 ea,$26.98
1327,PampersBaby Wipes Sensitive 9X Pop-Top Packs 504 Count504 ea,$16.98
1328,PampersBaby-Dry Diapers Size 6 64 Count64 ea,$26.98
1329,PampersBaby Wipes Sensitive 3X Refill 192 Count192 ea,$7.38
1330,PampersBaby-Dry Diapers Size 5 78 Count78 ea,$26.98
1331,PampersPure Protection Diapers Size 2 68 Count68 ea,$19.94
1332,PampersBaby-Dry Diapers Size 3 104 Count104 ea,$26.98
1333,PampersBaby-Dry Diapers Size 4 92 Count92 ea,$26.98
1334,PampersBaby Wipes Sensitive 9X Pop-Top Packs 504 Count504 ea,$16.98
1335,PampersBaby-Dry Diapers Size 6 64 Count64 ea,$26.98
1336,PC OrganicsBroccoli And Spinach Whole Grain Puffs Puffed Cereal42 g,$2.78
1337,"PC OrganicsMini Cereal Bars, Berry Pomegranate160 g",$2.98
1338,PC OrganicsMashed Potatoes & Turkey185 g,$2.88
1339,"PC OrganicsOrange, Carrot & Cinnamon Fruit, Veggie And Oat Bars90 g",$3.48
1340,"PC OrganicsToddler Entrée, Fruity Chicken185 g",$2.88
1341,"PC OrganicsToddler Mini Pasta, Alphabet454 g",$2.98
1342,PC OrganicsSpaghetti in Turkey Meat Sauce185 g,$2.88
1343,"President's ChoiceYogurt Melt, Mixed Berry1 ea",$3.28
1344,PC OrganicsToddler Blue Fruit Twist60 g,$3.98
1345,PC OrganicsApple And Strawberry Whole Grain Puffs Puffed Cereal42 g,$2.78
1346,PC OrganicsAnimal Cookies For Toddlers 170 g,$2.78
1347,PC OrganicsMango And Carrot Whole Grain Puffs Puffed Cereal42 g,$2.78
1348,"PC OrganicsMini Cereal Bars, Apple, Acai160 g",$2.98
1349,PC OrganicsPurple Carrot And Blueberry Whole Grain Puffs Puffed Cereal42 g,$2.78
1350,President's ChoiceNaturally Flavoured Toddlers Strawberry Yogurt Snack1 ea,$3.28
1351,PC OrganicsStrawberry Mango Naturally Flavoured Fruit Snack60 g,$3.98
1352,PC OrganicsStars Pasta454 g,$2.98
1353,PC OrganicsToddler Apple Juice1 L,$1.88
1354,"PC OrganicsToddlers Mini Pasta, Bowties454 g",$2.98
1355,"PC OrganicsMini Cereal Bars, Blueberry160 g",$2.98
1356,"PC OrganicsFruit, Veggie, & Oat Bars, Raspberry Beet90 g",$3.48
1357,"PC OrganicsCereal, Multigrain Banana125 g",$3.48
1358,PC OrganicsOrganics Broccoli And Kale Baked Whole Grain Corn Puffs42 g,$2.78
1359,PC OrganicsCheddar Cheese Whole Grain Puffs42 g,$2.78
1360,"President's ChoiceTotal Pediatric Nutrition, Vanilla6x235mL",$9.98
1361,"PC OrganicsMini Cereal Bars, Banana Berry160 g",$2.98
1362,PC OrganicsBroccoli And Spinach Whole Grain Puffs Puffed Cereal42 g,$2.78
1363,"PC OrganicsMini Cereal Bars, Berry Pomegranate160 g",$2.98
1364,PC OrganicsMashed Potatoes & Turkey185 g,$2.88
1365,"PC OrganicsOrange, Carrot & Cinnamon Fruit, Veggie And Oat Bars90 g",$3.48
1366,"PC OrganicsToddler Entrée, Fruity Chicken185 g",$2.88
1367,"PC OrganicsToddler Mini Pasta, Alphabet454 g",$2.98
1368,PC OrganicsSpaghetti in Turkey Meat Sauce185 g,$2.88
1369,"President's ChoiceYogurt Melt, Mixed Berry1 ea",$3.28
1370,PC OrganicsToddler Blue Fruit Twist60 g,$3.98
1371,PC OrganicsApple And Strawberry Whole Grain Puffs Puffed Cereal42 g,$2.78
1372,PC OrganicsAnimal Cookies For Toddlers 170 g,$2.78
1373,PC OrganicsMango And Carrot Whole Grain Puffs Puffed Cereal42 g,$2.78
1374,"PC OrganicsMini Cereal Bars, Apple, Acai160 g",$2.98
1375,PC OrganicsPurple Carrot And Blueberry Whole Grain Puffs Puffed Cereal42 g,$2.78
1376,President's ChoiceNaturally Flavoured Toddlers Strawberry Yogurt Snack1 ea,$3.28
1377,PC OrganicsStrawberry Mango Naturally Flavoured Fruit Snack60 g,$3.98
1378,PC OrganicsStars Pasta454 g,$2.98
1379,PC OrganicsToddler Apple Juice1 L,$1.88
1380,"PC OrganicsToddlers Mini Pasta, Bowties454 g",$2.98
1381,"PC OrganicsMini Cereal Bars, Blueberry160 g",$2.98
1382,"PC OrganicsFruit, Veggie, & Oat Bars, Raspberry Beet90 g",$3.48
1383,"PC OrganicsCereal, Multigrain Banana125 g",$3.48
1384,PC OrganicsOrganics Broccoli And Kale Baked Whole Grain Corn Puffs42 g,$2.78
1385,PC OrganicsCheddar Cheese Whole Grain Puffs42 g,$2.78
1386,"President's ChoiceTotal Pediatric Nutrition, Vanilla6x235mL",$9.98
1387,"PC OrganicsMini Cereal Bars, Banana Berry160 g",$2.98
1388,PC OrganicsBroccoli And Spinach Whole Grain Puffs Puffed Cereal42 g,$2.78
1389,"PC OrganicsMini Cereal Bars, Berry Pomegranate160 g",$2.98
1390,PC OrganicsMashed Potatoes & Turkey185 g,$2.88
1391,"PC OrganicsOrange, Carrot & Cinnamon Fruit, Veggie And Oat Bars90 g",$3.48
1392,Baby Brezza Formula Pro Advanced1 ea,$239.98
1393,LansinohNursing Pads100 ea,$9.98
1394,KushiesSilibeads Pacifier Clip1 ea,$11.98
1395,Snotsucker Nasal Aspirator1 ea,$21.98
1396,"MunchkinMiracle 360 Trainer Cup, 7oz1 ea",$7.98
1397,Baby Brezza Formula Pro Advanced1 ea,$239.98
1398,LansinohNursing Pads100 ea,$9.98
1399,KushiesSilibeads Pacifier Clip1 ea,$11.98
1400,Snotsucker Nasal Aspirator1 ea,$21.98
1401,"MunchkinMiracle 360 Trainer Cup, 7oz1 ea",$7.98
1402,Baby Brezza Formula Pro Advanced1 ea,$239.98
1403,LansinohNursing Pads100 ea,$9.98
1404,KushiesSilibeads Pacifier Clip1 ea,$11.98
1405,Snotsucker Nasal Aspirator1 ea,$21.98
1406,"Tim HortonsSingle Serve Coffee Pods, Original126 g",$10.48
1407,President's ChoiceWest Coast Dark Roast Gourmet Single Serve Coffee Pods30 ea,$11.98
1408,"KeurigK35 Classic Series Coffee Maker, Black1 ea",$98.00
1409,KeurigVan Houtte Original House Blend K-Cup Pods30 ea,$17.98
1410,KeurigPike Place K-Cup Coffee Pods10 ea,$10.98
1411,ThermosStainless Steel Bottle 1L1 ea,$26.98
1412,President's ChoiceMedium Roast Gourmet 100% Arabica Coffee Single Serve Coffee Pods30 ea,$11.98
1413,President's ChoiceTextured To-Go Mug1 ea,$4.98
1414,President's ChoiceBamboo Grip To-Go Mug1 ea,$11.98
1415,BubbaTravel Mug1 ea,$22.98
1416,KeurigVan Houtte Colombian Medium Roast30 ea,$17.98
1417,"President's ChoiceInsulated Vacuum Bottle, 465mL1 ea",$13.00
1418,KeurigLively Colombian K-Cup Coffee Pods30 ea,$17.48
1419,"ContigoStainless Steel Superior Grey Mug, 20 oz1 ea",$23.98
1420,FolgersMorning Café K-Cup Coffee Pods240 g,$17.48
1421,Everyday EssentialsStainless Steel Mug1 ea,$6.00
1422,ThermosStainless King Travel Mug 470ml1 ea,$32.98
1423,President's ChoiceStainless Steel Thermal Mug1 ea,$13.00
1424,President's ChoiceThe Great Canadian Light To Medium Roast 100% Arabica Coffee Single Serve Coffee Pods30 ea,$11.98
1425,"Tim HortonsSingle Serve Coffee Pods, Original126 g",$10.48
1426,President's ChoiceWest Coast Dark Roast Gourmet Single Serve Coffee Pods30 ea,$11.98
1427,"KeurigK35 Classic Series Coffee Maker, Black1 ea",$98.00
1428,KeurigVan Houtte Original House Blend K-Cup Pods30 ea,$17.98
1429,KeurigPike Place K-Cup Coffee Pods10 ea,$10.98
1430,ThermosStainless Steel Bottle 1L1 ea,$26.98
1431,President's ChoiceMedium Roast Gourmet 100% Arabica Coffee Single Serve Coffee Pods30 ea,$11.98
1432,President's ChoiceTextured To-Go Mug1 ea,$4.98
1433,President's ChoiceBamboo Grip To-Go Mug1 ea,$11.98
1434,BubbaTravel Mug1 ea,$22.98
1435,KeurigVan Houtte Colombian Medium Roast30 ea,$17.98
1436,"President's ChoiceInsulated Vacuum Bottle, 465mL1 ea",$13.00
1437,KeurigLively Colombian K-Cup Coffee Pods30 ea,$17.48
1438,"ContigoStainless Steel Superior Grey Mug, 20 oz1 ea",$23.98
1439,FolgersMorning Café K-Cup Coffee Pods240 g,$17.48
1440,Everyday EssentialsStainless Steel Mug1 ea,$6.00
1441,ThermosStainless King Travel Mug 470ml1 ea,$32.98
1442,President's ChoiceStainless Steel Thermal Mug1 ea,$13.00
1443,President's ChoiceThe Great Canadian Light To Medium Roast 100% Arabica Coffee Single Serve Coffee Pods30 ea,$11.98
1444,"Tim HortonsSingle Serve Coffee Pods, Original126 g",$10.48
1445,President's ChoiceWest Coast Dark Roast Gourmet Single Serve Coffee Pods30 ea,$11.98
1446,"KeurigK35 Classic Series Coffee Maker, Black1 ea",$98.00
1447,KeurigVan Houtte Original House Blend K-Cup Pods30 ea,$17.98
1448,"Everyday Essentials6-Cup Coffee Press, Red1 ea",$7.98
1449,Hamilton Beach1L Satainless Steel Kettle1 ea,$34.98
1450,Everyday EssentialsCoffee Grinder1 ea,$14.98
1451,Bialetti Moka Express 6 Cup6x1ea,$39.98
1452,NescafeRICH Instant Coffee475 g,$14.98
1453,President's ChoiceDouble Wall Latte Glass1 ea,$8.98
1454,President's ChoiceGourmet Medium Roast 100% Arabica Coffee930 g,$13.98
1455,President's ChoiceWest Coast Dark Roast Gourmet Whole Bean Coffee907 g,$14.98
1456,Tim HortonsOriginal Fine Grind Coffee930 g,$14.98
1457,NabobTraditional Fine Grind Ground Coffee930 g,$18.48
1458,President's ChoiceMedium Roast Gourmet Whole Bean Coffee907 g,$14.98
1459,KeurigDescaling Solution For Brewers1 ea,$12.98
1460,CuisinartEspresso Maker1 ea,$183.98
1461,"Bodum3-Cup Brazil French Coffee, Red1 ea",$27.98
1462,President's ChoiceGourmet Swiss Water** Process Decaffeinated Medium Roast 100% Arabica Coffee875 g,$13.98
1463,PC  Club PackGourmet Medium Roast 100% Arabica Coffee930 g,$13.98
1464,President's ChoiceDouble Wall Tapered Mug1 ea,$10.98
1465,CuisinartCuisinart Brew Central 12 Cup Coffee Maker1 ea,$99.98
1466,"Bodum3-Cup Brazil Coffee Press, Black1 ea",$27.98
1467,"Everyday Essentials6-Cup Coffee Press, Black1 ea",$10.98
1468,President's Choice5-Cup Digital Coffee Maker1 ea,$24.98
1469,FolgersClassic Roast Ground Coffee920 g,$9.98
1470,No NameMedium Roast Ground Coffee925 g,$6.98
1471,CuisinartCuisinart PerfecTemp Cordless Electric Programmable Kettle1 ea,$99.98
1472,Coffee Capsule Reusable Single Coffee Filter1 ea,$14.98
1473,"Tim HortonsCoffee, Dark Roast875 g",$14.98
1474,President's ChoiceCoffee Burr Grinder1 ea,$44.98
1475,Maxwell HouseOriginal Roast Ground Coffee925 g,$8.98
1476,"Everyday EssentialsJug Kettle, 1L Black1 ea",$12.98
1477,President's ChoiceGlass Kettle1 ea,$39.98
1478,President's ChoiceThe Great Canadian Coffee930 g,$13.98
1479,"Everyday EssentialsKettle, 1.7L Black1 ea",$19.98
1480,CuisinartCoffee Grinder1 ea,$39.98
1481,"Pride Of ArabiaPride of Arabia Coffee, Whole Bean907 g",$14.98
1482,President's ChoiceDark Roast West Coast Gourmet875 g,$13.98
1483,"Black & DeckerDigital Coffee Maker, 12 Cup Black1 ea",$29.98
1484,"BodumElectric Coffee Grinder, Black1 ea",$34.98
1485,"KeurigK35 Classic Series Coffee Maker, Black1 ea",$98.00
1486,"Everyday Essentials6-Cup Coffee Press, Red1 ea",$7.98
1487,Hamilton Beach1L Satainless Steel Kettle1 ea,$34.98
1488,Everyday EssentialsCoffee Grinder1 ea,$14.98
1489,Bialetti Moka Express 6 Cup6x1ea,$39.98
1490,NescafeRICH Instant Coffee475 g,$14.98
1491,President's ChoiceDouble Wall Latte Glass1 ea,$8.98
1492,President's ChoiceGourmet Medium Roast 100% Arabica Coffee930 g,$13.98
1493,President's ChoiceWest Coast Dark Roast Gourmet Whole Bean Coffee907 g,$14.98
1494,Tim HortonsOriginal Fine Grind Coffee930 g,$14.98
1495,NabobTraditional Fine Grind Ground Coffee930 g,$18.48
1496,President's ChoiceMedium Roast Gourmet Whole Bean Coffee907 g,$14.98
1497,KeurigDescaling Solution For Brewers1 ea,$12.98
1498,CuisinartEspresso Maker1 ea,$183.98
1499,"Bodum3-Cup Brazil French Coffee, Red1 ea",$27.98
1500,President's ChoiceGourmet Swiss Water** Process Decaffeinated Medium Roast 100% Arabica Coffee875 g,$13.98
1501,PC  Club PackGourmet Medium Roast 100% Arabica Coffee930 g,$13.98
1502,President's ChoiceDouble Wall Tapered Mug1 ea,$10.98
1503,CuisinartCuisinart Brew Central 12 Cup Coffee Maker1 ea,$99.98
1504,"Bodum3-Cup Brazil Coffee Press, Black1 ea",$27.98
1505,"Everyday Essentials6-Cup Coffee Press, Black1 ea",$10.98
1506,President's Choice5-Cup Digital Coffee Maker1 ea,$24.98
1507,FolgersClassic Roast Ground Coffee920 g,$9.98
1508,No NameMedium Roast Ground Coffee925 g,$6.98
1509,CuisinartCuisinart PerfecTemp Cordless Electric Programmable Kettle1 ea,$99.98
1510,Coffee Capsule Reusable Single Coffee Filter1 ea,$14.98
1511,"Tim HortonsCoffee, Dark Roast875 g",$14.98
1512,President's ChoiceCoffee Burr Grinder1 ea,$44.98
1513,Maxwell HouseOriginal Roast Ground Coffee925 g,$8.98
1514,"Everyday EssentialsJug Kettle, 1L Black1 ea",$12.98
1515,President's ChoiceGlass Kettle1 ea,$39.98
1516,President's ChoiceThe Great Canadian Coffee930 g,$13.98
1517,"Everyday EssentialsKettle, 1.7L Black1 ea",$19.98
1518,CuisinartCoffee Grinder1 ea,$39.98
1519,"Pride Of ArabiaPride of Arabia Coffee, Whole Bean907 g",$14.98
1520,President's ChoiceDark Roast West Coast Gourmet875 g,$13.98
1521,"Black & DeckerDigital Coffee Maker, 12 Cup Black1 ea",$29.98
1522,"BodumElectric Coffee Grinder, Black1 ea",$34.98
1523,"KeurigK35 Classic Series Coffee Maker, Black1 ea",$98.00
1524,"Everyday Essentials6-Cup Coffee Press, Red1 ea",$7.98
1525,Hamilton Beach1L Satainless Steel Kettle1 ea,$34.98
1526,Everyday EssentialsCoffee Grinder1 ea,$14.98
1527,Bialetti Moka Express 6 Cup6x1ea,$39.98
1528,President's ChoiceDark Roast West Coast Gourmet875 g,$13.98
1529,"BodumElectric Coffee Grinder, Black1 ea",$34.98
1530,Everyday EssentialsCoffee Grinder1 ea,$14.98
1531,Bialetti Moka Express 6 Cup6x1ea,$39.98
1532,Kicking HorseOrganic Dark Roast Kick Ass454 g,$11.98
1533,Kicking HorseDark Roast Grizzly Claw454 g,$11.98
1534,Ethical BeanBold Dark Roast Whole Bean Coffee340 g,$13.98
1535,President's ChoiceDark Roast West Coast Coffee330 g,$8.98
1536,CuisinartEspresso Maker1 ea,$183.98
1537,"Bodum3-Cup Brazil French Coffee, Red1 ea",$27.98
1538,"Bodum3-Cup Brazil Coffee Press, Black1 ea",$27.98
1539,PC OrganicsDark Roast Whole Bean Coffee454 g,$9.98
1540,PC OrganicsDark Roast Whole Bean Coffee907 g,$17.98
1541,Maxwell HouseRich Dark Roast Ground Coffee925 g,$8.98
1542,President's ChoiceCoffee Burr Grinder1 ea,$44.98
1543,"NescafeGOLD Cappuccino, Instant Coffee Sachets112 g",$7.98
1544,PC OrganicsDark Roast Ground Coffee284 g,$9.98
1545,CuisinartCoffee Grinder1 ea,$39.98
1546,President's ChoiceDark Roast West Coast Gourmet875 g,$13.98
1547,"BodumElectric Coffee Grinder, Black1 ea",$34.98
1548,Everyday EssentialsCoffee Grinder1 ea,$14.98
1549,Bialetti Moka Express 6 Cup6x1ea,$39.98
1550,Kicking HorseOrganic Dark Roast Kick Ass454 g,$11.98
1551,Kicking HorseDark Roast Grizzly Claw454 g,$11.98
1552,Ethical BeanBold Dark Roast Whole Bean Coffee340 g,$13.98
1553,President's ChoiceDark Roast West Coast Coffee330 g,$8.98
1554,CuisinartEspresso Maker1 ea,$183.98
1555,"Bodum3-Cup Brazil French Coffee, Red1 ea",$27.98
1556,"Bodum3-Cup Brazil Coffee Press, Black1 ea",$27.98
1557,PC OrganicsDark Roast Whole Bean Coffee454 g,$9.98
1558,PC OrganicsDark Roast Whole Bean Coffee907 g,$17.98
1559,Maxwell HouseRich Dark Roast Ground Coffee925 g,$8.98
1560,President's ChoiceCoffee Burr Grinder1 ea,$44.98
1561,"NescafeGOLD Cappuccino, Instant Coffee Sachets112 g",$7.98
1562,PC OrganicsDark Roast Ground Coffee284 g,$9.98
1563,CuisinartCoffee Grinder1 ea,$39.98
1564,President's ChoiceDark Roast West Coast Gourmet875 g,$13.98
1565,"BodumElectric Coffee Grinder, Black1 ea",$34.98
1566,Everyday EssentialsCoffee Grinder1 ea,$14.98
1567,Bialetti Moka Express 6 Cup6x1ea,$39.98
1568,President's ChoiceConcerto Dark Chocolate Cookie240 g,$2.47
1569,President's ChoiceMilk Chocolate Covered Digestive Biscuits300 g,$2.78
1570,President's ChoiceOriginal Oatmeal Cookies350 g,$3.00
1571,President's ChoiceOatmeal Raisin Cookies350 g,$3.00
1572,President's ChoiceDark Chocolate Covered Digestive Biscuits300 g,$2.78
1573,"PC OrganicsBiscuits, Digestives200 g",$4.98
1574,President's ChoiceCentrefulls Chocolatey Filling Double Chocolate Cookies280 g,$3.00
1575,President's ChoiceConcerto Dark Chocolate Cookie240 g,$2.47
1576,President's ChoiceMilk Chocolate Covered Digestive Biscuits300 g,$2.78
1577,President's ChoiceOriginal Oatmeal Cookies350 g,$3.00
1578,President's ChoiceOatmeal Raisin Cookies350 g,$3.00
1579,President's ChoiceDark Chocolate Covered Digestive Biscuits300 g,$2.78
1580,"PC OrganicsBiscuits, Digestives200 g",$4.98
1581,President's ChoiceCentrefulls Chocolatey Filling Double Chocolate Cookies280 g,$3.00
1582,President's ChoiceConcerto Dark Chocolate Cookie240 g,$2.47
1583,President's ChoiceMilk Chocolate Covered Digestive Biscuits300 g,$2.78
1584,President's ChoiceOriginal Oatmeal Cookies350 g,$3.00
1585,President's ChoiceOatmeal Raisin Cookies350 g,$3.00
1586,"No Name Club PackPeanut Butter, Smooth2 kg",$7.48
1587,Farmer's MarketFM Grape Tomato 907g908 g,$5.00
1588,"No Name Club PackPeanut Butter, Smooth Light 2 kg",$7.48
1589,"Blade Roast, Boneless Club Pack",$36.60
1590,No Name Club PackBudgie Seed Mix CP1 kg,$6.48
1591,"No NameIce Milk, Vanilla, Club Pack4 L",$5.28
1592,President's ChoiceGourmet Medium Roast 100% Arabica Coffee930 g,$13.98
1593,"President's ChoiceMedium Cheddar Cheese, Portions420 g",$12.00
1594,"No Name Club PackFudge Bars, Club Pack30x60mL",$7.48
1595,No NameNaturally Imperfect Peppers1.11 kg,$5.98
1596,"President's ChoicePistachios, Roasted620 g",$12.98
1597,"Farmer's MarketTwo-Bite Brownies, Club Pack600 g",$6.00
1598,PC Blue MenuMeat Lasagna2.27 kg,$12.00
1599,"President's ChoicePeaches, Strawberries, Pineapple And Mango 4-Fruit Blend2.75 kg",$12.98
1600,President's ChoiceCheddar Cheese Sliced Medium 33% M.F. Club Pack500 g,$12.48
1601,Maple LeafOriginal Wieners900 g,$7.98
1602,President's ChoicePC Goat Cheese Log300 g,$8.28
1603,No NamePlastic Wrap305 M,$10.98
1604,"Maple LeafNatural Selections Oven Roasted Turkey Breast, Family Size Club Pack375 g",$10.00
1605,OlymelMock Chicken Meat Loaf600 g,$5.00
1606,"No NameRoasted Peanuts, No Salt907 g",$5.00
1607,"Plain Italian Buns, 18 Pack1.20 kg",$5.00
1608,"Outside Round Marinating Steak, Club Pack",$19.38
1609,"Butcher's ChoiceBeef Burgers, Club Pack2.27 kg",$20.98
1610,SurajAged Basmati Rice18 kg,$26.98
1611,"Eye Of Round Roast, Club Pack",$36.54
1612,PC OrganicsField Greens312 g,$4.98
1613,"No NameBurgers, Club Pack2.27 kg",$15.98
1614,President's ChoiceThe Great Canadian Coffee930 g,$13.98
1615,Kiwis1 kg,$3.98
1616,Farmer's MarketWhite Chocolate Chip Cookies798 g,$6.00
1617,President's ChoiceMedium Cheddar Cheese500 g,$9.00
1618,Roma Tomatoes1 ea,$6.98
1619,Balderson1-Year Old Champion White Cheddar500 g,$14.00
1620,No NameExtra Virgin Olive Oil Tin3 L,$18.98
1621,"No NameSalad Dressing, Ranch950 mL",$2.98
1622,"No NameSnack Crackers, Original900 g",$5.00
1623,"No Name Club PackJam with Pectin, Strawberry1 L",$4.68
1624,"Old MillLoaf Cakes, Club Pack1170 g",$6.00
1625,No NameOrange Juice2.63 L,$3.48
1626,The Laughing CowOriginal535 g,$12.00
1627,"No Name Club PackAssorted Cream Bars, Club Pack30x60mL",$7.48
1628,No Name Club PackSimulated Bacon Bits490 g,$5.98
1629,"No Name Club PackBlack Pepper, Ground540 g",$12.48
1630,PC OrganicsBaby Spinach312 g,$5.98
1631,SurajNaan Garlic 10 Flatbreads1 kg,$3.88
1632,"No NameShredded Cheese, Cheddar Monterey Jack900 g",$11.00
1633,"Ziggy'sHavarti, Sliced Club Pack500 g",$11.00
1634,"KinniTOOS, Chocolate Sandwich Crème220 g",$4.48
1635,"Earths OwnAlmond Fresh, Unsweetened Vanilla1.89 L",$3.98
1636,Earths OwnOat Chocolate Prisma250 mL,$3.98
1637,"KinniTOOS, Vanilla Sandwich Crème220 g",$4.48
1638,"CaminoBaking Chocolate, 100% Cacao Unsweetened200 g",$7.48
1639,Enjoy LifeRicemilk Crunch Chocolate Bars32 g,$2.28
1640,"KinnikinnickS'moreables, Graham Style Crackers220 g",$4.48
1641,"Kinninritters, Animal Cookies220 g",$4.48
1642,"Earths OwnAlmond Fresh, Coconut1.89 L",$3.98
1643,Cashew Fresh Original1.89 L,$3.98
1644,Enjoy LifeBoom Choco Boom Candy Bar Chocolateriz32 g,$2.28
1645,"Earths OwnAlmond Fresh, Chocolate1.89 L",$3.98
1646,"Earths OwnAlmond On The Go!, Original3x250mL",$3.98
1647,"So NiceOrganic Almond Milk, Unsweetened1.75 L",$4.28
1648,"Earths OwnAlmond Beverage, Original946 mL",$2.98
1649,CaminoOrganic Whole Brown Sugar1 kg,$7.98
1650,SoFresh Fortified Cashew Beverage Original946 mL,$2.98
1651,"KinnikinnickMontana's Cookies, Chocolate Chip220 g",$4.48
1652,"So NiceOrganic Almond Milk, Original1.75 L",$4.28
1653,"Earths OwnAlmond Fresh, Vanilla1.89 L",$3.98
1654,Cocoa CaminoSemi-Sweet Chocolate Chips225 g,$6.28
1655,CaminoSemi-Sweet Baking Chocolate200 g,$7.48
1656,"Fresh Cashews, Unsweetened1.89 L",$3.98
1657,"Earths OwnAlmond Beverage, Unsweetened946 mL",$2.98
1658,"Earths OwnAlmond Fresh, Original1.89 L",$3.98
1659,Earths OwnAlmond On The Go! Chocolate3x250mL,$3.98
1660,Cocoa CaminoOrganic Cocoa Powder224 g,$6.48
1661,"Earths OwnAlmond Fresh, Unsweetened1.89 L",$3.98
1662,So NiceBarista Blend Soy Milk 946 mL,$2.48
1663,CaminoOrganic Unsweetened Shredded Coconut200 g,$3.78
1664,Enjoy LifeEnergy Bites Dipped Banana180 g,$6.98
1665,SoFresh Oat Fortified Oat Beverage Unsweetened Original946 mL,$2.98
1666,SoFresh Fortified Cashew Beverage Unsweetened Original946 mL,$2.98
1667,Cocoa CaminoBittersweet Chocolate Chips225 g,$6.28
1668,SoFresh Oat Fortified Oat Beverage Unsweetened Vanilla946 mL,$2.98
1669,So NiceSo Nice Fortified Almond Beverage Unsweetened Vanilla Organic Almond1.75 L,$4.28
1670,Earths OwnOat Barista Edition946 mL,$4.48
1671,Crofter'sJust Fruit Spread Organic Raspberry235 mL,$3.98
1672,"NaturPeanut Butter, Creamy500 g",$5.48
1673,"Love GrownHot Oats, Apple Cinnamon63 g",$2.78
1674,Simply ProteinKids Bar Chocolate Brownie 5 x (100 g)100 g,$5.98
1675,"Kinninritters, Animal Cookies220 g",$4.48
1676,"KinniTOOS, Vanilla Sandwich Crème220 g",$4.48
1677,"Simply ProteinProtein Bar, Whey Chocolate Mint40 g",$2.98
1678,"NaturPeanut Butter, Crunchy500 g",$5.48
1679,"KinnikinnickS'moreables, Graham Style Crackers220 g",$4.48
1680,"KinniTOOS, Chocolate Sandwich Crème220 g",$4.48
1681,"YosoCultured Coconut Yogurt, Unsweetened440 g",$4.98
1682,Crofter'sJust Fruit Spread Organic Strawberry235 mL,$3.98
1683,"Love GrownHot Oats, Blueberry Banana Walnut63 g",$2.78
1684,Stoked OatsStone Age Bag500 g,$9.98
1685,PC Organics100% Coconut Water1 L,$4.78
1686,"YosoSoygo Yogurt, Multipack6x125g",$5.28
1687,"YosoCultured Coconut Yogurt, Vanilla440 g",$4.98
1688,Chosen FoodsAvocado Oil Spray140 mL,$9.98
1689,NaturPeanut and Cocoa Spread500 g,$7.98
1690,"Simply ProteinKids Protein Bar, Strawberry Vanilla5x20g",$5.98
1691,Stoked OatsAphrodisi-Oats500 g,$9.98
1692,"Simply ProteinWhey Bar, Coconut40 g",$2.98
1693,Chosen FoodsAvocado Oil Mayonnaise355 mL,$15.98
1694,CapilanoManuka Honey Liquid375 g,$13.98
1695,Crofter'sOrganic Raspberry Spread383 mL,$4.98
1696,Farmer's MarketSweet Baby Peppers4 Pack,$3.98
1697,"President's ChoiceExtra Chunky Salsa, Mild 650 mL",$2.78
1698,PC OrganicsOrganic Peppers2 Pack,$3.98
1699,"No NameSalsa, Mild430 mL",$2.48
1700,"No NameSour Cream, Regular250 mL",$1.98
1701,"President's ChoiceSalsa, Hot650 mL",$2.78
1702,"No NameShredded Cheese, Medium Cheddar900 g",$11.00
1703,"PC OrganicsSalsa, Medium430 mL",$3.48
1704,President's ChoiceExtra Chunky Salsa - Hot650 mL,$2.78
1705,President's ChoiceExtra Chunky Medium Salsa1.85 L,$7.58
1706,"Old El PasoThick n' Chunky Salsa, Medium    650 mL",$3.48
1707,"Old El PasoTaco Sauce, Hot215 mL",$3.28
1708,"Gay LeaSour Cream, Regular 14%250 mL",$2.48
1709,Green Onion1 bunch,$1.48
1710,"No NameShredded Cheese, Mozzarella900 g",$11.00
1711,President's ChoiceExtra Chunky Hot Salsa2 L,$7.58
1712,"Gay LeaSour Cream, Regular 14%500 mL",$1.98
1713,"President's ChoiceTortillas, Original650 g",$3.38
1714,"President's ChoiceSoft Tortillas, Medium297 g",$2.98
1715,Club House25% Less Salt & Gluten Free Taco Seasoning Mix35 g,$1.48
1716,President's ChoiceWhite Mushrooms454 g,$3.28
1717,President's ChoiceMedium Salsa650 mL,$2.78
1718,"President's ChoiceTortillas, Large Flour334 g",$2.98
1719,White Onion,$1.62
1720,Sweet Onion,$2.01
1721,"President's ChoiceExtra Chunky Salsa, Medium 650 mL",$2.78
1722,President's ChoiceTaco Seasoning Mix30 g,$0.98
1723,Old El PasoStand N Stuff Taco Shells    133 g,$2.48
1724,"President's ChoiceSalsa, Mild650 mL",$2.78
1725,"Gay LeaSour Cream, Fat Free 1%500 mL",$1.98
1726,"Greenhouse Peppers, Orange",$1.58
1727,President's ChoiceSoft Taco Kit427 g,$3.88
1728,"President's ChoiceCremini Mushrooms, Sliced227 g",$2.48
1729,"Old El PasoSoft Tortillas, Medium297 g",$2.48
1730,Tomato Beefsteak  Red,$1.76
1731,"Old El PasoSoft Tortillas, Large334 g",$2.48
1732,"Old El PasoTaco Shells, Ranch153 g",$2.48
1733,Old El PasoTaco Shells125 g,$2.48
1734,"President's ChoicePickled, Sliced Jalapeño Peppers250 mL",$2.88
1735,"PC OrganicsSalsa, Mild430 mL",$3.48
1736,"President's ChoiceCheese, Greek Feta Shredded300 g",$6.28
1737,Hass Avocado1 ea,$1.68
1738,"President's ChoiceSalsa, Hot430 mL",$2.78
1739,"WesternSour Cream, Regular 14%500 mL",$3.78
1740,President's ChoiceHot Taco Seasoning Mix30 g,$0.98
1741,Red Peppers    ,$1.58
1742,President's ChoiceOriginal Tortillas340 g,$2.98
1743,Old El PasoStand 'N Stuff Taco Dinner Kit250 g,$4.28
1744,Cantaloupe1 ea,$1.98
1745,Blueberries340 g,$7.98
1746,"Greenhouse Peppers, Yellow",$1.64
1747,Broccoli1 ea,$1.98
1748,Green Leaf Lettuce1 ea,$2.98
1749,Purple Eggplants,$3.12
1750,Red Cabbage,$2.87
1751,Celery Stalks1 ea,$2.98
1752,Farmer's MarketSweet Baby Peppers4 Pack,$3.98
1753,Radishes1 bunch,$1.48
1754,Zucchini,$1.53
1755,"Spinach, Bunched1 ea",$2.48
1756,Kale1 ea,$2.48
1757,Broccoli Crowns,$1.66
1758,Green Onion1 bunch,$1.48
1759,Farmer's MarketMini Cucumbers6 Pack,$3.98
1760,Farmer's MarketFM English Cucumber 3Ct3 Pack,$3.98
1761,English Cucumber1 ea,$1.68
1762,Leeks1 bunch,$4.98
1763,Green Cabbage,$2.52
1764,Red Leaf Lettuce1 ea,$2.98
1765,Sweet Green Peppers,$1.84
1766,Red Swiss Chard1 ea,$3.98
1767,Cauliflower1 ea,$4.98
1768,"Greenhouse Peppers, Orange",$1.58
1769,"Carrots, Bunched1 bunch",$2.48
1770,Red Peppers    ,$1.58
1771,Kohlrabi,$2.14
1772,Romaine Lettuce1 ea,$2.98
1773,Lettuce Iceberg1 ea,$2.98
1774,Green Beans,$0.27
1775,"Greenhouse Peppers, Yellow",$1.64
1776,Broccoli1 ea,$1.98
1777,Green Leaf Lettuce1 ea,$2.98
1778,Purple Eggplants,$3.12
1779,Red Cabbage,$2.87
1780,Celery Stalks1 ea,$2.98
1781,Farmer's MarketSweet Baby Peppers4 Pack,$3.98
1782,Radishes1 bunch,$1.48
1783,Zucchini,$1.53
1784,"Spinach, Bunched1 ea",$2.48
1785,Kale1 ea,$2.48
1786,Broccoli Crowns,$1.66
1787,Green Onion1 bunch,$1.48
1788,Farmer's MarketMini Cucumbers6 Pack,$3.98
1789,Farmer's MarketFM English Cucumber 3Ct3 Pack,$3.98
1790,English Cucumber1 ea,$1.68
1791,Leeks1 bunch,$4.98
1792,Green Cabbage,$2.52
1793,Red Leaf Lettuce1 ea,$2.98
1794,Sweet Green Peppers,$1.84
1795,Red Swiss Chard1 ea,$3.98
1796,Cauliflower1 ea,$4.98
1797,"Greenhouse Peppers, Orange",$1.58
1798,"Carrots, Bunched1 bunch",$2.48
1799,Red Peppers    ,$1.58
1800,Kohlrabi,$2.14
1801,Romaine Lettuce1 ea,$2.98
1802,Lettuce Iceberg1 ea,$2.98
1803,Green Beans,$0.27
1804,"Greenhouse Peppers, Yellow",$1.64
1805,Broccoli1 ea,$1.98
1806,Green Leaf Lettuce1 ea,$2.98
1807,Purple Eggplants,$3.12
1808,Curly Parsley1 ea,$1.48
1809,Cilantro1 ea,$0.98
1810,"President's ChoiceWhite Mushrooms, Whole227 g",$2.28
1811,"President's ChoiceCremini Mushrooms, Whole227 g",$2.28
1812,Tomato on the Vine Red,$3.88
1813,White Mushrooms,$0.26
1814,Tomato Beefsteak  Red,$1.76
1815,President's ChoiceWhite Mushrooms454 g,$3.28
1816,Villagio Marzano Tomatoes681 g,$6.98
1817,Italian Parsley1 ea,$1.48
1818,Curly Parsley1 ea,$1.48
1819,Cilantro1 ea,$0.98
1820,"President's ChoiceWhite Mushrooms, Whole227 g",$2.28
1821,"President's ChoiceCremini Mushrooms, Whole227 g",$2.28
1822,Tomato on the Vine Red,$3.88
1823,White Mushrooms,$0.26
1824,Tomato Beefsteak  Red,$1.76
1825,President's ChoiceWhite Mushrooms454 g,$3.28
1826,Villagio Marzano Tomatoes681 g,$6.98
1827,Italian Parsley1 ea,$1.48
1828,Curly Parsley1 ea,$1.48
1829,Cilantro1 ea,$0.98
1830,"President's ChoiceWhite Mushrooms, Whole227 g",$2.28
1831,"President's ChoiceCremini Mushrooms, Whole227 g",$2.28
