,Item,Price
0,Yellow Peaches,$1.31
1,Happy PlanetExtreme Green Fruit Smoothie900 mL,$4.98
2,PC OrganicsGranny Smith Apples3 lb bag,$5.98
3,Bosc Pears,$1.20
4,Cilantro1 ea,$0.98
5,"Wonderful Pistachios, Shelled170 g",$7.98
6,"Snack Cup, Grapes & Cheese200 g",$3.00
7,White Mushrooms,$0.26
8,President's ChoiceSpring Mix0.31 kg,$4.98
9,Red Potatoes,$0.85
10,PC OrganicsBaby-Cut Carrots2 lb,$4.98
11,"President's ChoiceCremini Mushrooms, Sliced227 g",$2.48
12,"Wonderful Pistachios, Sweet Chili200 g",$5.98
13,Bard Valley Natural Delights Pitted Medjool Dates340 g,$8.98
14,Thai Green Peppers113 g,$3.98
15,President's ChoiceNavel Oranges Cara Cara3 lb bag,$5.98
16,Quinoa Salad1 ea,$14.00
17,Farmer's MarketRed Onions10 lb bag,$6.98
18,Rasberries 1/2 Pint0.50 pint,$4.98
19,Kiwis1 ea,$0.78
20,Red Peppers    ,$1.58
21,Ziggy'sOil & Vinegar Coleslaw1.25 kg,$4.48
22,"Avocado, 5/6-Count1 ea",$2.98
23,"Navel Orange, Medium",$1.49
24,Pink Lady Apples,$1.15
25,White Onion,$1.62
26,Black Seedless Grapes,$9.03
27,PC OrganicsOrganic Spring Spinach142 g,$4.48
28,"President's ChoiceCremini Mushrooms, Whole454 g",$3.28
29,President's ChoicePazazz Apples900 g,$2.98
30,AmiraPitted Dates454 g,$2.98
31,Chinese Bitter Melon,$1.44
32,Rapini1 ea,$2.48
33,Spanish Onion,$1.44
34,Red Hot Thai Chili Peppers75 g,$3.98
35,Blackberries 1/2 Pint0.50 pint,$3.98
36,Granadilla1 ea,$1.98
37,AuroraDried Turkish Figs200 g,$2.98
38,President's ChoiceCrumbled Cauliflower680 g,$6.48
39,Taiwanese Cabbage,$2.19
40,"Garden Salad with Cheese, Small",$4.92
41,President's ChoiceChopped Romaine0.91 kg,$4.98
42,Organic Iceberg Lettuce1 ea,$2.98
43,Reser'sPotato and Egg Salad454 g,$4.48
44,BolthouseBlue Goodness946 mL,$5.98
45,President's ChoiceCrumbled Cauliflower340 g,$3.98
46,"Spinach Salad with Goat Cheese, Small",$6.01
47,President's ChoiceBaby Arugula Spinach Blend0.14 kg,$3.98
48,Fresh Tilapia Fillets,$22.31
49,President's ChoiceMaple Flavoured Naturally Smoked Bacon500 g,$5.98
50,Cod Fillet,$20.80
51,President's ChoiceSouthern-Style Turkey Breast Strips0.91 kg,$13.98
52,Basa Fillets,$19.08
53,"Chicken Drumsticks, Service Case",$6.73
54,President's ChoiceBreaded Butterflied Shrimp400 g,$11.98
55,SeaquestShrimp Ring454 g,$11.00
56,President's ChoiceNashville Style Shrimp 340 g,$8.24
57,President's ChoicePC FREE FROM LEAN GROUND BEEF454 g,$7.00
58,"No NameChicken Wings, Honey Garlic908 g",$10.00
59,"Halal Lean Ground Beef, Club Pack",$12.64
60,"President's ChoiceChicken Wings, Medium Buffalo with Sauce907 g",$12.98
61,No NameMild Sugar-Cured Bacon500 g,$4.98
62,"President's ChoiceFree From Boneless Pork Center Chop, Tray Pack",$10.20
63,"Sirloin Tip Roast, Club Pack",$38.64
64,Outside Round Marinating Steak,$5.94
65,President's ChoiceLemon & Garlic Pacific White Shrimp With A Zesty Lemon And Garlic Sauce480 g,$12.98
66,Chicken Hearts,$9.90
67,"High LinerPan Sear Selects, Haddock Roasted Garlic500 g",$8.98
68,Breaded Popcorn Shrimp908 g,$10.00
69,"Halal Tandoori Chicken, Tikka",$10.93
70,No NameOriginal Smoked Sausages900 g,$8.98
71,"Eye Of Round Roast, Club Pack",$36.54
72,"Inside Round Marinating Steak, Club Pack",$16.79
73,"President's ChoiceFree From Boneless Pork Center & Rib Chops, Club Pack",$14.14
74,JanesUltimates Crunchy Breaded Whole Chicken Fillets1 kg,$16.98
75,President's ChoiceWild Atlantic Cod Fillets 280 g,$6.99
76,"Lean Ground Beef & Pork, Club Pack",$18.39
77,Whole Yellowtail Snapper,$4.49
78,"Chicken Breast, Boneless Skinless Club Pack",$23.03
79,"Cedar Plank Salmon, Applewood with Orange & Ginger685 g",$22.00
80,Anchor BayWhole Tilapia1.36 kg,$8.98
81,"Rib Steak, Cap off",$17.62
82,"No NameChicken Wings, Mild BBQ908 g",$10.00
83,Medium Ground Beef Club Pack,$10.98
84,"High LinerSignature English Style Battered Cod Fillets, Uncooked2 kg",$21.98
85,Swiss ChaletChalet BBQ Pork Ribs600 g,$11.98
86,Rainbow Trout Fillets,$10.02
87,"President's ChoiceShrimp, Cooked1.50 kg",$29.98
88,Anchovy Paste56 g,$2.98
89,Pork Whole Side Ribs,$13.52
90,"High LinerFish Sticks, Family Pack700 g",$4.48
91,"High LinerPan Sear Selects Sole, Lemon Pepper540 g",$8.98
92,Pork Tenderloin,$5.50
93,"No NameChicken Wings, Medium BBQ908 g",$10.00
94,"High LinerFish In Tempura Batter, Haddock350 g",$4.48
95,"Maple LeafBacon, Salt Reduced375 g",$6.98
96,KraftOriginal Slices410 g,$4.98
97,"No NameCheese, Light Old Cheddar400 g",$4.88
98,LactantiaProvencal Garlic Butter125 g,$3.08
99,Coffee MateBliss Almond Caramel473 mL,$2.98
100,PhiladelphiaWhipped Chives Cream Cheese227 g,$3.48
101,"President's ChoiceSmoked White Cheddar, Mild400 g",$4.88
102,"OikosGreek Yogurt -Limited Edition - Maple Flavour , 100g (Pack of 4)4x100g",$4.18
103,PhiladelphiaOnion Dip340 g,$4.00
104,"IOGOYogurt, Vanilla 1.5%650 g",$3.28
105,"Danone ActiviaYogurt with Probiotics, 0% M.F. Fat Free, Vanilla/Strawberry/Peach/Raspberry, 100g (Pack of 12)12x100g",$6.68
106,"PC OrganicsOrganic Fresh Churned Butter, Salted250 g",$5.28
107,"ArmstrongCheese, Marble Cheddar700 g",$7.98
108,"AstroSmooth 'N Fruity Yogurt, Strawberry650 g",$2.98
109,"IOGOI�GO CDN Harvest 650G Blueberry 3,2%650 g",$2.28
110,PhiladelphiaWhipped Original Cream Cheese227 g,$3.48
111,DanoneDanone Light 'N' Free Grilled Pineapple Tub 710g710 g,$6.48
112,ArmstrongExtra Old White Cheddar Cheese 31% M.F. Cracker Cut600 g,$7.98
113,NestleRolo Milkshake473 mL,$2.50
114,"YosoSoygo Yogurt, Multipack6x125g",$5.28
115,Cracker BarrelLight Old Cheddar Cheese400 g,$4.98
116,PillsburyChocolate Chunk Cookie Chub468 g,$3.18
117,"RivieraGoat Yogurt, Plain 4.9%500 g",$4.48
118,NeilsonLactose Free Skim Milk1 L,$3.98
119,BabybelMini Babybel Dairy Snack Light 13% M.F. 12 x 20 g (240 g)240 g,$8.28
120,"ParmalatHalal Yogurt, Plain 0%750 g",$2.48
121,"NeilsonFlavoured Milk, Strawberry1 L",$2.98
122,Coffee MateLiquid Creamer Caramel Macchiato946 mL,$3.98
123,KraftHabanero Cheese Shreds320 g,$4.98
124,"No NameCheese, Old Cheddar200 g",$3.28
125,"AstroOriginal Organic Yogurt, Plain650 g",$3.98
126,Skyr Strawberry Yogurt 0%150 g,$3.78
127,ArmstrongMozzarellissima 20% 690g 690 g,$11.99
128,"AstroOriginal Balkan Style Yogurt, Strawberry/Raspberry/Black Cherry/Nectarine12x100g",$5.48
129,"YoplaitYop Yogurt Drink, Vanilla6x200mL",$5.48
130,Neilson2% Milk473 mL,$2.08
131,NeilsonWhipping Cream473 mL,$4.08
132,Cracker BarrelMedium Cheddar Cheese Snacks168 g,$4.48
133,"ArzProbiotic Yogurt 0%, Plain750 g",$3.28
134,Cracker BarrelMarble Sliced Cheese240 g,$4.78
135,"Gray RidgeGrade A Premium White Eggs, Large12 Eggs",$3.68
136,"PCCreamy Yogurt, Strawberry Vanilla Blueberry Apple16x100g",$5.28
137,NeilsonLactose Free 2% Milk1 L,$3.98
138,Cracker BarrelSwiss Sliced Cheese220 g,$4.78
139,"No NameCottage Cheese, Fat Free500 g",$2.48
140,PillsburyGrands! Cinnabon Cinnamon Roll496 g,$4.28
141,Coffee MateCafe Mocha473 mL,$3.48
142,Earth's Own SoFresh Unsweetened Original Fortified Oat Beverage1.75 L,$3.98
143,"Danone DaninoDanino Paw Patrol Yogurt Drink for Kids, Stawberry Flavour, 93ml (Pack of 8)8x93mL",$4.78
144,"Farmer's MarketMuffins, Carrot660 g",$4.50
145,ACEOrganic Whole Wheat Bread Sliced454 g,$4.98
146,Old MillPoppy Seed Bagels510 g,$1.98
147,ACECiabatta Pezzetti Duo Rolls840 g,$5.00
148,WonderWrap Me White 10 Medium Flour Tortillas340 g,$2.98
149,No NameStrawberry Cheesecake510 g,$5.00
150,President's ChoiceSliced Cheesecake Selection12 Slices,$14.98
151,"Farmer's MarketMuffins, Chocolate Chip6x110g",$4.50
152,"Bagel, Plain113 g",$3.00
153,Old Mill100% Whole Wheat Bread675 g,$1.64
154,President's ChoiceApple Blossoms Desserts228 g,$3.48
155,School SafeTreasure Mills School Safe Snack Cakes Vanilla Chocolate Chip 8 Bars Individually Wrapped1 ea,$2.48
156,President's ChoiceDark Chocolate Enrobed Profiteroles490 g,$11.98
157,President's ChoiceGluten Free Oatmeal Raisin Cookies350 g,$5.98
158,ACEDinner Roll Clusters545 g,$3.00
159,VachonMay West Cakes324 g,$2.48
160,Flax Bread Sliced450 g,$3.00
161,Vachon1/2 Moon Chocolate 6 Cakes282 g,$2.48
162,Ready BakeBake at Home Garlic Bread325 g,$2.98
163,"President's ChoiceHot Dog Buns, Gluten-Free248 g",$5.18
164,Little DebbieOatmeal Creme Pies 12 Snack Cakes459 g,$2.48
165,"6"" Chocolate Truffle Cake600 g",$12.00
166,Farmer's MarketNanaimo Bars450 g,$4.00
167,"Farmer's MarketMuffins, Blueberry6x110g",$4.50
168,Country Harvest14 Grains Whole Wheat Bread600 g,$1.98
169,"Pull-Apart Chocolate Cupcakes, Package of 242000 g",$20.00
170,President's ChoiceTraditional Naan Rounds480 g,$2.48
171,President's ChoiceEnglish Muffins Original 6 Fork-Split Muffins342 g,$2.08
172,"Kaiser Buns, Regular900 g",$5.00
173,ACEBake Your Own White Demi-Baguettes400 g,$4.28
174,"ACEArtisan Crisps, Olive Oil & Sea Salt180 g",$4.98
175,President's ChoiceAppetizer Flatbreads220 g,$2.50
176,WestonWhole Wheat Dinner Rolls20x43g,$3.98
177,"Farmer's MarketLoaf Cake, Marble390 g",$4.00
178,ACESchiacciata Flatbread Herbes de Provence300 g,$4.98
179,DItalianoBake At Home Garlic Baguette284 g,$4.49
180,"Bagels, Everything 6 Pack108 g",$3.00
181,WonderBallpark Classics Limited Edition 6 Hotdog Buns432 g,$3.48
182,"ACECrostino, Roasted Garlic125 g",$3.98
183,"ACEPetit Pain, Sundried Tomato225 g",$2.68
184,PC Blue MenuBlue Menu 100% Whole Wheat Bagels 6 Bagels336 g,$3.98
185,"AnnettesOld Fashioned Mini Donuts, 40 pk Club Pack600 g",$4.00
186,"President's ChoiceThins Long White Buns, Whole Grain8x50g",$2.98
187,T&TBlueberry Tropical Cake180 g,$1.28
188,"President's ChoiceMini Muffins, Blueberry275 g",$4.00
189,RudolphsRye Bread907 g,$3.48
190,"Bagels, Poppy Seed 6 Pack108 g",$3.00
191,White Buns Dinner Rolls12x1ea,$3.28
192,SchneiderThuringer Sausage 4/Cs,$24.80
193,"San DanieleMortadella, Hot (Thin Sliced)",$2.28
194,No NameItalian Sub Variety Pack Sliced375 g,$3.98
195,PC OrganicsOrganic Hummus Garlic190 g,$3.28
196,Earth Island Cheddar Cheese Slices200 g,$6.98
197,MastroSan Daniele Panini Trio    150 g,$9.28
198,AncoSpiced Gouda170 g,$6.00
199,"President's ChoiceFeta Crumbles, Herb & Garlic175 g",$5.68
200,"MastroCalabrese Salami, Hot300 g",$8.28
201,President's ChoiceNatural Choice Hot Spanish-Style Chorizo <Br>Semi-Dry Cured Sausage250 g,$6.00
202,President's ChoiceMoroccan Chicken Breast,$38.80
203,President's ChoicePies Butter Chicken Mild 2 x (512 g)512 g,$7.98
204,KrinosGreek Feta Cheese1 kg,$25.00
205,SchneiderSCH LM PIZZA PEPPERONI KIT120 g,$3.48
206,ArlaHavarti Jalapeno FW200 g,$5.00
207,Ziggy'sMozzarella Ball340 g,$5.00
208,President's ChoicePico De Gallo Hot Salsa300 g,$3.98
209,Chicken Salad Wrap1 ea,$3.98
210,President's ChoiceNatural Choice Spicy Hungarian Salami150 g,$6.28
211,"PillersPepperseed Dry Salami, 1/2 Piece (Thin Sliced)",$3.68
212,SaputoPoutine Cheese Curds200 g,$5.18
213,"Maple LeafNatural Selections Italian Style Ham, Shaved175 g",$6.00
214,Quinoa Salad1 ea,$14.00
215,"PC Splendido4 Cheese Tortellini, Large600 g",$7.98
216,Ziggy'sOil & Vinegar Coleslaw1.25 kg,$4.48
217,President's ChoiceSpinach Dip227 g,$3.28
218,Ziggy'sGarlic Roast Beef,$1.78
219,PC Blue MenuPC Blue Menu Goat Cheese300 g,$8.28
220,PC Black LabelSaucisson Sec Traditionnel Dry-Cured Sausage250 g,$9.00
221,Summer FreshSnack 'N' Go Hummus83 g,$1.98
222,MastroSalami with Prosciutto (Thin Sliced),$2.28
223,Ziggy'sBeef Strips150 g,$5.00
224,"Tre StelleBocconcini, Mini200 g",$6.00
225,Vegetable Gyoza Dumplings240 g,$4.00
226,Gourmet Roast Beef Sandwich1 ea,$5.98
227,PC Black LabelTriangoli Pumpkin Filled Egg Pasta250 g,$5.48
228,"President's ChoiceCheese, Halloumi250 g",$6.98
229,"Ziggy'sCheese, Havarti 23%200 g",$5.00
230,"SabraHummus, Spinach & Artichoke283 g",$4.48
231,OlivieriNested Angel Hair300 g,$3.98
232,President's ChoiceArtichoke & Asiago Dip227 g,$3.28
233,Herb Chicken Veggie Quinoa Pilaf1 ea,$20.00
234,Pepperoni175 g,$2.48
235,Hot StuffsBlue Ribbon Bologna Thick Sliced500 g,$5.98
236,Halal Hot Salami450 g,$5.98
237,Ziggy'sBlack Forest Ham300 g,$5.00
238,KraftGrated Parmesan Cheese250 g,$7.48
239,"Garden Salad with Cheese, Small",$4.92
240,President's ChoiceSouthern-Style Turkey Breast Strips0.91 kg,$13.98
241,"Chicken Drumsticks, Service Case",$6.73
242,"T&TDumpling, Cabbage & Pork567 g",$5.48
243,President's ChoiceBreaded Butterflied Shrimp400 g,$11.98
244,"High LinerBreaded Haddock Bites, Roasted Garlic & Herb600 g",$8.98
245,NanakKaju Katli225 g,$6.98
246,"Stuffed Crust Pizza, Bacon and Pepperoni925 g",$6.98
247,CavendishOriginal Hash Brown Patties600 g,$3.68
248,"High LinerPan Sear Selects Sole, Lemon Pepper540 g",$8.98
249,"FermaMixed Vegetable, Portuguese Frozen750 g",$2.48
250,ChapmansNSA Vanilla Cone4x120mL,$4.88
251,"PillsburyPizza Pops, Three Cheese400 g",$2.98
252,ChapmansChocolate Fudge Brownie Bumpy Bar8x55mL,$4.98
253,No NameMixed Berries2 kg,$11.00
254,President's ChoiceHoney Garlic Seasoned Chicken Wings700 g,$13.98
255,Cavendish & HarveyCavendish Farms Simply Homestyle Straight Cut Fries (750 G)750 g,$3.48
256,"Whole Chicken Wings, Service Case",$12.45
257,MccainTasti Taters1.80 kg,$6.48
258,President's ChoiceChicken Divan 4 Pieces560 g,$13.98
259,President's ChoiceThick & Juicy Beef Burgers1.36 kg,$14.98
260,ChapmansChocolate Vanilla Checkerboard2 L,$3.98
261,No NameLasagna with Meat Sauce215 g,$1.48
262,Michelina's Lasagna Alfredo with Broccoli and Cheese255 g,$1.98
263,Haagen DazsSalted Caramel Brownie Ice Cream500 mL,$4.98
264,"AmysOrganic Burrito, Black Bean170 g",$3.98
265,President's ChoiceMeatless Burger568 g,$8.48
266,PopsicleRevello Ice Cream Bars12x60mL,$2.98
267,CavendishCavendish Farms Restaurant Style Crunchy Onion Rings (454G)454 g,$3.48
268,President's ChoiceDark Chocolate Enrobed Profiteroles490 g,$11.98
269,No NameTourtiere450 g,$4.98
270,"UDI'sGluten-Free Ancient Grains Bread, Omega-3 Flax & Fibre406 g",$6.98
271,MccainMeat Lovers Pizza Pocket 3 Pack300 g,$3.68
272,Dr OetkerGarlic and Cheese Fingers317 g,$3.98
273,"RistorantePizza, Spinach390 g",$3.98
274,"High LinerLemon Peppercorn Fillets, Breaded Seasoned Pollock500 g",$4.48
275,"No NameWaffles, Blueberry560 g",$3.28
276,KlondikeThe Original Bar540 mL,$6.28
277,CadburyCARAMILK Frozen Dessert Bars5x80mL,$4.98
278,High LinerPink Salmon400 g,$7.00
279,Green GiantPeaches N Cream Corn750 g,$3.18
280,President's ChoiceCannelloni Beef 6 Cannelloni1.13 kg,$9.98
281,Green GiantCauliflower & Sweet Potato Riced Veggies340 g,$3.98
282,ChapmansFrench Vanilla & Dark Chocolate Super Cone8x120mL,$6.18
283,"PC Blue MenuBlue Menu Greek Smoothie Bar, Mango6x80mL",$5.98
284,Chapmans3 Of a Kind Vanilla2 L,$5.78
285,"PillsburyPizza Pops, Pepperoni & Bacon400 g",$2.98
286,"Dr OetkerGiuseppe Pizza, Deluxe785 g",$4.48
287,SchneiderOktoberfest Sausages375 g,$6.98
288,President's Choice100% Apple Juice Not From Concentrate1.89 L,$2.68
289,"SilkAlmond Beverage, Unsweetened, Dairy-Free, 946ml (Pack of 6)6x946mL",$11.98
290,"OasisSmootie, Strawberry and Dragon Fruit1.36 L",$3.48
291,President's ChoiceRed De-Alcoholized Wine With Natural Flavour750 mL,$6.48
292,Twinings20ct Chai20 ea,$4.98
293,San PellegrinoCarbonated Mineral Water8x330mL,$6.98c
294,"Kicking HorseOrganic Smart Ass Ground Coffee, Medium Roast284 g",$10.98
295,Ocean SprayCocktail Cranberry Pink1.89 L,$3.68
296,PC OrganicsMango Lemonade946 mL,$3.28
297,"No NamePure Pineapple Juice, Unsweetened1.36 L",$2.68
298,"Fruit2OFruit 2O Sparkling Water, Raspberry Lemon502 mL",$1.38
299,Thirsty BuddhaSparkling Coconut Water with Lime330 mL,$1.98
300,Sunny DelightTangy1.89 L,$1.98
301,C'PlusC'Plus Orange Burst (Case)12x355mL,$5.48
302,KijuOrganic 100% Mango Orange Juice1 L,$2.00
303,President's ChoiceDiet Ginger Ale (Case)6x222mL,$1.98
304,Pepsi Sleek Soda (Case)15x222mL,$5.78
305,SimplySimply Lemonade with Raspberry3 L,$5.48
306,MuskokaHowling Wolf Pods220 g,$16.48
307,"President's ChoiceCylinder Mug, Flamingo1 ea",$3.98
308,TropicanaApple Juice1.75 L,$4.48
309,RubiconMango & Apple 100% Juice Blend4x200mL,$2.98
310,Fresca2 L,$1.98
311,"Tim HortonsInstant Coffee, Medium100 g",$4.98
312,PC OrganicsGreen Tea40 g,$3.98
313,"NaturaAlmond Beverage, Unsweetened946 mL",$2.28
314,President's ChoiceCranberry Cocktail1.89 L,$1.88
315,Grace100% Pure Coconut Water1 L,$4.98
316,The Great Jamaican Ginger BeerGinger Beer250 mL,$1.28
317,SurajOrange Pekoe Tea680 g,$9.78
318,KeurigTimothy's Breakfast Blend Light Roast12 ea,$9.48
319,"Dry Soda, Vanilla Bean     (Case)4x355mL",$8.48
320,"Marble PopMarble Pop, Original200 mL",$1.98
321,Philippine BrandFour Seasons Juice250 mL,$0.98
322,CarnationRich And Creamy Carnation Hot Chocolate450 g,$3.98
323,BestBest Guava Nectar1 L,$4.18
324,LiptonPure Green Tea200 g,$4.98
325,Edge Non-Alcoholic Beer with Natural Flavours Double Brewed (Case)6x355mL,$9.98c
326,Canada DryGinger Ale (Case)6x710mL,$3.98
327,Craft Cola355 mL,$1.88
328,"SilkAlmond Beverage, Unsweetened Original, Dairy-Free, 1.89L1.89 L",$3.98
329,Gold KiliInstant Ginger Drink10x18g,$2.78
330,Tea IndiaCardamom Chai Tea163 g,$6.98
331,Nestea Zero1.89 L,$2.98
332,TetleyWarmth Cinnamon Spice Herbal Cannister Pack20 ea,$2.98
333,"PerrierSparkling Water, Pink Grapefruit (Case)6x1L",$8.98
334,TetleyTetley Honey Lemon Ginseng Green Specialty Tea24 ea,$2.98
335,Tim HortonsDark Roast K-Cup Compatible30 ea,$19.98
336,President's ChoiceRefrigerated Apple Cider Vinaigrette350 mL,$3.98
337,"ChristieRitz Crisp & Thin Crackers, Barbecue115 g",$3.00
338,No NamePecan Pieces400 g,$11.98
339,"BuglesCorn Snacks, Original213 g",$1.98
340,ParleHide & Seek Fab! Orange Cookie112 g,$0.98
341,"Sun Butter Spread Sunflower Butter, No-Sugar454 g",$6.98
342,No NameArtificial Vanilla Extract250 mL,$3.48
343,"No NameCake Mix, Devil's Food468 g",$1.68
344,"Betty CrockerFruit Snacks, Animated Edition226 g",$2.98
345,"No NameCake Mix, Chocolate Deluxe468 g",$1.68
346,President's ChoiceRefrigerated Spring Herb Vinaigrette350 mL,$3.98
347,"Humpty DumptyParty Mix, Cheese280 g",$3.28
348,"ChristieTRISCUIT with Garlic, Onion & Poppy Seed200 g",$2.00
349,"No NameCake Mix, White468 g",$1.68
350,"Lapids ChoiceFried Pork Rinds, Garlic78 g",$2.18
351,MeijiYan Yan Chocolate57 g,$1.68
352,Betty CrockerDessert Mix & Frosting Peanut Butter204 g,$2.18
353,"ChristieRitz Crisp & Thin Crackers, Cheddar Cheese115 g",$3.00
354,Nando'sNando's Mayonnaise Style Dressing Perinaise Lemon & Herb Extra Mild255 mL,$4.48
355,RyvitaSnackbread Pepper Flavour125 g,$2.48
356,MeijiYan Yan Strawberry57 g,$1.68
357,MaggiTamarina Sauce340 mL,$2.38
358,HeinzDeep-Browned Beans with Pork & Tomato Sauce398 mL,$1.28
359,SurajHusked Split Desi Chick Peas1.80 kg,$4.48
360,"Six FortuneNoodles, Miso Udon200 g",$1.38
361,President's ChoicePure Vanilla Extract125 mL,$15.98
362,"No NamePumpkin Seeds Raw, Unsalted100 g",$2.48
363,RyvitaRye Crispbread Flaxseed & Nigella Seed200 g,$3.68
364,"DoritosTortilla Chips, Sweet Chili Heat!255 g",$2.98
365,Parle Cheeselings160 g,$2.58
366,Shalini Raita Boondi160 g,$1.28
367,Miss VickiesHarvest Cheddar & Herbs Potato Chips200 g,$3.78
368,PC Blue MenuBlue Menu Turkey Chunks142 g,$2.28
369,Koala's March Chocolate Cookies195 g,$4.98
370,KnorrVegetable Dry Soup Mix40 g,$1.00
371,"OrvillePopcorn, Extra Buttery10x82g",$5.98
372,LindtChocolate100 g,$2.64
373,GalloExtra Virgin Olive Oil750 mL,$7.28
374,No NameMalt Vinegar500 mL,$1.38
375,GraceDry Pigeon Peas540 mL,$1.58
376,"Mr NoodlesNoodle Soup, Chicken Kimchi86 g",$0.94
377,TRIDENTSpearmint3 ea,$2.98
378,President's ChoiceMemories Of Eggs Benedict Hollandaise Sauce350 mL,$3.28
379,LarabarMint Chocolate Bar45 g,$1.28
380,"Skinny Pop Popcorn, White Cheddar125 g",$3.48
381,"Uncle Ben'sBistro Express, Basmati250 g",$3.18
382,"VoortmanOatmeal Cookies, No Sugar Added225 g",$3.00
383,President's ChoiceGreen Goddess Dressing475 mL,$2.00
384,GardeinMeat - Free the Ultimate Beefless Ground390 g,$5.48
385,"SilkAlmond Beverage, Unsweetened, Dairy-Free, 946ml (Pack of 6)6x946mL",$11.98
386,"Love Child OrganicsOrganic Fruit Yogurt, Pears Bananas Blackberries & Raspberries128 mL",$1.68
387,LarabarProtein Bar Almond Butter52 g,$1.28
388,PC OrganicsMango Lemonade946 mL,$3.28
389,"RaincoastWild Sockeye Salmon, No Added Salt160 g",$5.98
390,San JGluten-Free Teriyaki Sauce296 mL,$5.48
391,"Kind barNuts & Spices Bar, Caramel Almond & Sea Salt40 g",$1.98
392,CasbahTabouli Garden Wheat Salad Mix170 g,$2.48
393,"KettleChips, Pepperoncini220 g",$3.28
394,PC OrganicsLemonade946 mL,$3.28
395,Made GoodCrispy Light Granola Cocoa Crunch284 g,$6.48
396,AmysMexican Casserole Bowls269 g,$4.98
397,"Simply ProteinBar, Chocolate Coconut40 g",$2.98
398,Earth Island Cheddar Cheese Slices200 g,$6.98
399,Happy PlanetExtreme Green Fruit Smoothie900 mL,$4.98
400,"YosoCultured Coconut Yogurt, Vanilla440 g",$4.48
401,YogiLemon Ginger Herbal Tea16 ea,$5.48
402,Nature's PathCrispy Rice Cereal750 g,$8.98
403,Wholesome SweetenersOrganic Demerara681 g,$6.98
404,YogiOrganic Ginger Tea32 g,$5.48
405,KijuOrganic 100% Mango Orange Juice1 L,$2.00
406,"ClifEnergy Bar, Cool Mint Chocolate68 g",$1.28
407,"Nuts to YouOrganic Peanut Butter, Crunchy500 g",$6.48
408,PC OrganicsOrganic Green Onions1 bunch,$1.68
409,RizopiaBrown Rice Spirals454 g,$1.98
410,Sensible PortionsVeggie Chips142 g,$2.48
411,"CENTRAL ROASTRoasted Almonds, Unsalted300 g",$8.98
412,"AnniesPasta, Bunny Shape With Cheese170 g",$1.98
413,PC OrganicsToddler Blue Fruit Twist60 g,$3.98
414,PC OrganicsChick Peas540 mL,$2.98
415,Sol CuisineOrganic Artisan Tofu Firm400 g,$3.98
416,BelsoyDark Chocolate Dessert4x125g,$4.28
417,"ClifBuilders Bar, Chocolate Mint (Case)12x68g",$22.48
418,Hemp ValleyHemp Harts800 g,$17.48
419,"AmysOrganic Burrito, Breakfast170 g",$3.98
420,Pizza Margherita330 g,$9.98
421,Marys CrackersReal Thin Crackers Garlic Rosemary142 g,$6.48
422,PC OrganicsOrganic Margherita Pizza341 g,$7.48
423,"Uncle LeesBody Balance Dieter Tea, Lemon Flavour30 ea",$7.48
424,Suzie's Good FatsSnack Bar Rich Chocolatey Almond (Case)12x39g,$33.98c
425,"KashiBar, Pistachio Fig & Lemon40 g",$1.28
426,CENTRAL ROASTGoji Energy150 g,$7.48
427,Nature's PathSunrise Crunchy Honey300 g,$4.98
428,"Genuine HealthProtein Bar, Fermented Greek Yogurt, Cherry, Almonds and Vanilla Flavour55 g",$2.98
429,President's ChoiceGluten-Free Yellow Loaf Cake Mix400 g,$6.48
430,"ClifWhey Protein Bar, Salted Cashew Chocolate (Case)8x56.13g",$18.98
431,Go Go QuinoaQuinoa Fusilli227 g,$3.98
432,PampersBaby-Dry Diapers Size 4 92 Count92 ea,$19.98
433,PampersPure Protection Diapers Size 2 68 Count68 ea,$19.94
434,PampersBaby-Dry Diapers Size 5 78 Count78 ea,$19.98
435,PampersBaby-Dry Diapers Size 3 104 Count104 ea,$19.98
436,PampersBaby Wipes Sensitive 3X Refill 192 Count192 ea,$8.38
437,PampersBaby Wipes Sensitive 9X Pop-Top504 ea,$19.98
438,PampersPure Protection Diapers Size 4 52 Count52 ea,$22.54
439,PampersBaby-Dry Diapers Size 4 92 Count92 ea,$19.98
440,PampersPure Protection Diapers Size 2 68 Count68 ea,$19.94
441,PampersBaby-Dry Diapers Size 5 78 Count78 ea,$19.98
442,PampersBaby-Dry Diapers Size 3 104 Count104 ea,$19.98
443,PampersBaby Wipes Sensitive 3X Refill 192 Count192 ea,$8.38
444,PampersBaby Wipes Sensitive 9X Pop-Top504 ea,$19.98
445,PampersPure Protection Diapers Size 4 52 Count52 ea,$22.54
446,PampersBaby-Dry Diapers Size 4 92 Count92 ea,$19.98
447,PampersPure Protection Diapers Size 2 68 Count68 ea,$19.94
448,PampersBaby-Dry Diapers Size 5 78 Count78 ea,$19.98
449,PampersBaby-Dry Diapers Size 3 104 Count104 ea,$19.98
450,PC OrganicsStrawberry Mango Naturally Flavoured Fruit Snack60 g,$3.98
451,PC OrganicsMashed Potatoes & Turkey185 g,$2.25
452,"PC OrganicsCereal, Multigrain Banana125 g",$2.25
453,"PC OrganicsOrange, Carrot & Cinnamon Fruit, Veggie And Oat Bars90 g",$2.25
454,PC OrganicsApple And Strawberry Whole Grain Puffs Puffed Cereal42 g,$2.25
455,PC OrganicsMango And Carrot Whole Grain Puffs Puffed Cereal42 g,$2.25
456,PC OrganicsPurple Carrot And Blueberry Whole Grain Puffs Puffed Cereal42 g,$2.25
457,PC OrganicsSpaghetti in Turkey Meat Sauce185 g,$2.25
458,"PC OrganicsToddler Mini Pasta, Alphabet454 g",$2.25
459,"PC OrganicsToddler Entrée, Fruity Chicken185 g",$2.25
460,PC OrganicsOrganics Broccoli And Kale Baked Whole Grain Corn Puffs42 g,$2.25
461,"PC OrganicsMini Cereal Bars, Banana Berry160 g",$2.25
462,"President's ChoiceTotal Pediatric Nutrition, Vanilla6x235mL",$9.98
463,"PC OrganicsMini Cereal Bars, Blueberry160 g",$2.25
464,"PC OrganicsToddlers Mini Pasta, Bowties454 g",$2.25
465,"PC OrganicsFruit, Veggie, & Oat Bars, Raspberry Beet90 g",$2.25
466,PC OrganicsCheddar Cheese Whole Grain Puffs42 g,$2.25
467,President's ChoiceNaturally Flavoured Toddlers Strawberry Yogurt Snack1 ea,$3.28
468,PC OrganicsAnimal Cookies For Toddlers 170 g,$2.25
469,PC OrganicsStars Pasta454 g,$2.25
470,"President's ChoiceYogurt Melt, Mixed Berry1 ea",$3.28
471,PC OrganicsToddler Blue Fruit Twist60 g,$3.98
472,"PC OrganicsMini Cereal Bars, Apple, Acai160 g",$2.25
473,PC OrganicsToddler Apple Juice1 L,$1.88
474,PC OrganicsBroccoli And Spinach Whole Grain Puffs Puffed Cereal42 g,$2.25
475,"PC OrganicsMini Cereal Bars, Berry Pomegranate160 g",$2.25
476,PC OrganicsStrawberry Mango Naturally Flavoured Fruit Snack60 g,$3.98
477,PC OrganicsMashed Potatoes & Turkey185 g,$2.25
478,"PC OrganicsCereal, Multigrain Banana125 g",$2.25
479,"PC OrganicsOrange, Carrot & Cinnamon Fruit, Veggie And Oat Bars90 g",$2.25
480,PC OrganicsApple And Strawberry Whole Grain Puffs Puffed Cereal42 g,$2.25
481,PC OrganicsMango And Carrot Whole Grain Puffs Puffed Cereal42 g,$2.25
482,PC OrganicsPurple Carrot And Blueberry Whole Grain Puffs Puffed Cereal42 g,$2.25
483,PC OrganicsSpaghetti in Turkey Meat Sauce185 g,$2.25
484,"PC OrganicsToddler Mini Pasta, Alphabet454 g",$2.25
485,"PC OrganicsToddler Entrée, Fruity Chicken185 g",$2.25
486,PC OrganicsOrganics Broccoli And Kale Baked Whole Grain Corn Puffs42 g,$2.25
487,"PC OrganicsMini Cereal Bars, Banana Berry160 g",$2.25
488,"President's ChoiceTotal Pediatric Nutrition, Vanilla6x235mL",$9.98
489,"PC OrganicsMini Cereal Bars, Blueberry160 g",$2.25
490,"PC OrganicsToddlers Mini Pasta, Bowties454 g",$2.25
491,"PC OrganicsFruit, Veggie, & Oat Bars, Raspberry Beet90 g",$2.25
492,PC OrganicsCheddar Cheese Whole Grain Puffs42 g,$2.25
493,President's ChoiceNaturally Flavoured Toddlers Strawberry Yogurt Snack1 ea,$3.28
494,PC OrganicsAnimal Cookies For Toddlers 170 g,$2.25
495,PC OrganicsStars Pasta454 g,$2.25
496,"President's ChoiceYogurt Melt, Mixed Berry1 ea",$3.28
497,PC OrganicsToddler Blue Fruit Twist60 g,$3.98
498,"PC OrganicsMini Cereal Bars, Apple, Acai160 g",$2.25
499,PC OrganicsToddler Apple Juice1 L,$1.88
500,PC OrganicsBroccoli And Spinach Whole Grain Puffs Puffed Cereal42 g,$2.25
501,"PC OrganicsMini Cereal Bars, Berry Pomegranate160 g",$2.25
502,PC OrganicsStrawberry Mango Naturally Flavoured Fruit Snack60 g,$3.98
503,PC OrganicsMashed Potatoes & Turkey185 g,$2.25
504,"PC OrganicsCereal, Multigrain Banana125 g",$2.25
505,"PC OrganicsOrange, Carrot & Cinnamon Fruit, Veggie And Oat Bars90 g",$2.25
506,Baby Brezza Formula Pro Advanced1 ea,$239.98
507,"MunchkinMiracle 360 Trainer Cup, 7oz1 ea",$7.98
508,KushiesSilibeads Pacifier Clip1 ea,$11.98
509,Snotsucker Nasal Aspirator1 ea,$21.98
510,LansinohNursing Pads100 ea,$12.98
511,Baby Brezza Formula Pro Advanced1 ea,$239.98
512,"MunchkinMiracle 360 Trainer Cup, 7oz1 ea",$7.98
513,KushiesSilibeads Pacifier Clip1 ea,$11.98
514,Snotsucker Nasal Aspirator1 ea,$21.98
515,LansinohNursing Pads100 ea,$12.98
516,Baby Brezza Formula Pro Advanced1 ea,$239.98
517,"MunchkinMiracle 360 Trainer Cup, 7oz1 ea",$7.98
518,KushiesSilibeads Pacifier Clip1 ea,$11.98
519,Snotsucker Nasal Aspirator1 ea,$21.98
520,"TideLiquid Pods, Original16 ea",$5.48
521,GainLaundry Detergent Liquid 2X High Suds Blissful Breeze Regular1.47 L,$5.98
522,GladSquare Plates 100 Set100x1ea,$16.48
523,"PapermateFelt Tip Pens, Flair Colours12 ea",$13.98
524,"CottonelleFlushable Cleansing Cloths, FreshCare Refills84 ea",$6.98
525,President's ChoiceLawn & Leaf Bags5 ea,$2.98
526,GainLaundry Detergent Liquid Pod Blissful Breeze14 ea,$4.98
527,"Post itNotes, Canary1 ea",$9.98
528,TideLaundry Detergent Liquid 2X High Suds Refreshing Breeze Simply With Oxi3.40 L,$10.98
529,GainLaundry Detergent Liquid 2X High Suds Blissful Breeze Regular2.95 L,$8.98
530,Rubbermaid1.0Gal/3.7L Take A Long Rectangular Storage Container2x1ea,$6.28
531,RubbermaidEasy Find Lids 14 Cups1 ea,$8.48
532,"TideLiquid Pods, Original Cold Water12 ea",$5.48
533,No NameLemon Fresh Dishwashing Liquid Club Pack5 L,$10.98
534,"Everyday EssentialsLocking Lid , 4Pc, 1.1L4x1ea",$6.28
535,Rubbermaid3.2C/757ML Take A Long Round Storage Container Pack4x1ea,$4.98
536,Air WickFreshmatic Air Freshener Automatic Spray Refills Beach Escapes Maui Sweet Mango175 g,$5.48
537,Sistema Set To Go16x1ea,$20.98
538,Sistema Quad Split To Go1 ea,$10.48
539,"PapermateFlair Felt Tip Pens, Medium Point, Limited Edition Candy Pop16x1ea",$19.98
540,"No NameDryer Sheets, Mountain200 ea",$8.48
541,"SnugglePlus Soft Fresh Sheets, Original2.80 L",$12.98
542,Sylvania15000 Hour LED 3.5W B102x1ea,$16.48
543,ViledaScrunge Dishwand with Refill1 ea,$3.98
544,"ThermosFUNtainer Food Jar, Pink1 ea",$15.98
545,"DownyUnstopable In-Wash Scent Booster Beads, SPRING422 g",$8.98
546,No NameBowl Brush with Holder1 ea,$4.98
547,SwifferDusters Extendable Handle Starter Kit1 ea,$13.98
548,"GladeUltra Aerosole, Clean Linen1 ea",$2.48
549,"GladEasy-tie Bags, Unscented, Tall, White30 ea",$6.48
550,"President's ChoiceFood Saver, 4.7L1 ea",$18.98
551,Energizer2025 Lithium Batteries2x1ea,$8.98
552,Scotch-BriteScour Pad4 ea,$3.98
553,"Mr. CleanLiquid All Purpose Cleaner With Febreze, Meadows and Rain2.40 L",$6.98
554,SharpieMetallic1 ea,$4.98
555,"FleecyLiquid Fabric Softener, Fresh Air1.47 L",$5.48
556,"Oven Bags, Large2 ea",$3.98
557,SunlightSunlight Lemon Fresh Detergent4.20 L,$14.98
558,"BounceBounce Outdoor Fresh Fabric Softener Dryer Sheets, 200 Count200 ea",$8.98
559,"No NameLatex Free Gloves, Medium1  pair",$4.98
560,Bissell2X Ultra Pet Stain and Odor Formula for Carpet & Upholstery1.77 L,$25.98
561,TideTo Go Stain Pen1 ea,$4.00
562,President's ChoiceAlkaline Battery D44x1ea,$7.48
563,CrayolaShort Coloured Pencils1 ea,$9.98
564,"EnergizerMAX Alkaline AA Batteries, 12 Pack12x1ea",$10.48
565,CrayolaPip-Squeaks Skinnies Fine Line Markers24x1ea,$6.98
566,President's ChoiceFree Detergent + Stain Fighter + Brightener Liquid Laundry Detergent Pouches31 ea,$8.98
567,"CanonPG-210X/CL-211XL Black/Colour Ink Cartridges, High Yield, Combo Pack1 ea",$70.98
568,"Sinful ColoursNail Colour, Spice1 ea",$3.99
569,"Cover GirlLashblast Mascara, Black13.10 mL",$6.98
570,"MaybellineGreat Lash Mascara, Very Black12.70 mL",$4.96
571,"LOreal ParisVoluminous Curved Brush Mascara, Black Brown8 mL",$6.00
572,"Cover GirlUltra Matte Lipstick, Real Thing1 ea",$7.98
573,"MaybellineUnstoppable Eyeliner, Waterproof & Smudge-Proof, Onyx1 ea",$7.98
574,"LOreal ParisVoluminous Original Waterproof Mascara, Carbon Black8 mL",$6.00
575,"MaybellineFit Me! Foundation, SPF 18, Classic Ivory30 mL",$5.98
576,"ElfStudio Face Primer, Poreless1 ea",$8.00
577,"LOreal ParisTelescopic Mascara, Blackest Black1 ea",$11.98
578,"MaybellineInstant Age Rewind Eraser, Neutralizer6 mL",$12.98
579,"Cover GirlLashblast Fusion Mascara, Very Black13.10 mL",$6.98
580,"MaybellineFit Me Concealer, Fair6.80 mL",$5.98
581,"LOreal ParisVoluminous Mascara, Carbon Black8 mL",$6.00
582,"RevlonSo Fierce Mascara, Blackest Black1 ea",$9.98
583,"MaybellineVolum' Express The Colossal Waterproof Mascara, Glam Black9.20 mL",$4.98
584,"LOreal ParisDouble Extend Beauty Tubes Mascara, Blackest Black6.20 mL",$11.98
585,"MaybellineEye Studio Brow Define + Fill Duo, Soft Brown0.10 mL",$8.98
586,LOreal ParisLash Volume Mascara 8 mL,$6.00
587,"MaybellineGreat Lash Mascara, Blackest Black12.70 mL",$4.96
588,LOreal ParisInfallible Pro-Spray & Makeup Extender Setting Spray1 ea,$17.98
589,"LOreal ParisInfallible Super Slim Liquid Eyeliner, Black1 mL",$11.98
590,"MaybellineVolum' Express The Colossal Washable Mascara, Classic Black9.20 mL",$4.98
591,"MaybellineInstant Age Rewind Eraser Concealer, Fair6 mL",$12.98
592,LOreal ParisVoluminous Original Bold Volume Building Mascara 305 Black8 mL,$6.00
593,"Cover GirlClean Oil Control, Pressed Powder, Puff Beige10 g",$6.98
594,"RevlonColorstay Eyeliner, Black-Brown1 ea",$9.98
595,"LOreal ParisVoluminous Waterproof Mascara, Brown8 mL",$6.00
596,LOreal ParisTrue Match Lumi Healthy Luminous Makeup1 ea,$10.98
597,MaybellineVolum' Express The Colossal Washable Mascara - Glam Black9.20 mL,$4.98
598,MaybellineSuperstay Matte Ink Lip Founder5 mL,$8.98
599,"LOreal ParisVoluminous Curved Brush Mascara, Black8 mL",$6.00
600,"Cover GirlPerfect Point Plus Eye Liner, Espresso0.23 g",$6.98
601,"MaybellineGreat Lash Waterproof Mascara, Very Black12.70 mL",$4.96
602,"LOreal ParisTelescopic Mascara, Carbon Black8 mL",$11.98
603,MaybellineInstant Age Rewind Concealer + Treatment 120 Light 6.0 ml6 mL,$12.98
604,"LOreal ParisInfallible Never Fail Eyeliner, Black1.14 g",$12.98
605,"Rimmel LondonLasting Finish Extreme Lipstick, Thirsty Bae1 ea",$8.98
606,LOreal ParisBrow Stylist Definer Ultra-Fine Tip Shaping Pencil 389 Brunette0.24 g,$8.98
607,LOreal ParisBrow Stylist Definer Ultra-Fine Tip Shaping Pencil 390 Dark Brunette0.24 g,$8.98
608,"MaybellineFit Me Matte Foundation, Classic Ivory1 ea",$5.98
609,"Cover GirlLashblast Volume Blasting Mascara, Very Black13.10 mL",$6.98
610,"RevlonPhotoReady Face Powder, Light Medium1 ea",$13.58
611,MaybellineLash Sensational Volumizing Mascara 253 Blackest Black1 ea,$6.98
612,"LOreal ParisTelescopic Mascara, Black1 ea",$11.98
613,MaybellineNew York Fit Me! Foundation 340 Cappuccino30 mL,$5.98
614,"Cover GirlUltra Matte Lipstick, High Roller1 ea",$7.98
615,"MaybellineLash Sensational Mascara, Very Black1 ea",$6.98
616,"Cover GirlLashblast Mascara, Very Black13.10 mL",$6.98
617,"MaybellineGreat Lash Waterproof Mascara, Brown Black12.70 mL",$4.96
618,"RevlonColorstay Eyeliner Pencil, Black1 ea",$9.98
619,"LOreal ParisVoluminous Waterproof Mascara, Black8 mL",$6.00
620,"Cover GirlPerfect Point Plus Eye Liner, Black Onyx0.23 g",$6.98
621,MaybellineNew York Fit Me! Concealer 20 Sand6.80 mL,$5.98
622,"MaybellineDream Fresh 8-In-1 Beauty Balm, Light Tint1 ea",$10.98
623,"RevlonSo Fierce Vinyl Eyeliner, Powerful Plum1 ea",$9.98
624,LOreal ParisVoluminous 300 White Primer7 mL,$6.00
625,"Sinful ColoursNail Colour, Spice1 ea",$3.99
626,"Cover GirlLashblast Mascara, Black13.10 mL",$6.98
627,"MaybellineGreat Lash Mascara, Very Black12.70 mL",$4.96
628,"LOreal ParisVoluminous Curved Brush Mascara, Black Brown8 mL",$6.00
629,"Cover GirlUltra Matte Lipstick, Real Thing1 ea",$7.98
630,"MaybellineUnstoppable Eyeliner, Waterproof & Smudge-Proof, Onyx1 ea",$7.98
631,"LOreal ParisVoluminous Original Waterproof Mascara, Carbon Black8 mL",$6.00
632,"MaybellineFit Me! Foundation, SPF 18, Classic Ivory30 mL",$5.98
633,"ElfStudio Face Primer, Poreless1 ea",$8.00
634,"LOreal ParisTelescopic Mascara, Blackest Black1 ea",$11.98
635,"MaybellineInstant Age Rewind Eraser, Neutralizer6 mL",$12.98
636,"Cover GirlLashblast Fusion Mascara, Very Black13.10 mL",$6.98
637,"MaybellineFit Me Concealer, Fair6.80 mL",$5.98
638,"LOreal ParisVoluminous Mascara, Carbon Black8 mL",$6.00
639,"RevlonSo Fierce Mascara, Blackest Black1 ea",$9.98
640,"MaybellineVolum' Express The Colossal Waterproof Mascara, Glam Black9.20 mL",$4.98
641,"LOreal ParisDouble Extend Beauty Tubes Mascara, Blackest Black6.20 mL",$11.98
642,"MaybellineEye Studio Brow Define + Fill Duo, Soft Brown0.10 mL",$8.98
643,LOreal ParisLash Volume Mascara 8 mL,$6.00
644,"MaybellineGreat Lash Mascara, Blackest Black12.70 mL",$4.96
645,LOreal ParisInfallible Pro-Spray & Makeup Extender Setting Spray1 ea,$17.98
646,"LOreal ParisInfallible Super Slim Liquid Eyeliner, Black1 mL",$11.98
647,"MaybellineVolum' Express The Colossal Washable Mascara, Classic Black9.20 mL",$4.98
648,"MaybellineInstant Age Rewind Eraser Concealer, Fair6 mL",$12.98
649,LOreal ParisVoluminous Original Bold Volume Building Mascara 305 Black8 mL,$6.00
650,"Cover GirlClean Oil Control, Pressed Powder, Puff Beige10 g",$6.98
651,"RevlonColorstay Eyeliner, Black-Brown1 ea",$9.98
652,"LOreal ParisVoluminous Waterproof Mascara, Brown8 mL",$6.00
653,LOreal ParisTrue Match Lumi Healthy Luminous Makeup1 ea,$10.98
654,MaybellineVolum' Express The Colossal Washable Mascara - Glam Black9.20 mL,$4.98
655,MaybellineSuperstay Matte Ink Lip Founder5 mL,$8.98
656,"LOreal ParisVoluminous Curved Brush Mascara, Black8 mL",$6.00
657,"Cover GirlPerfect Point Plus Eye Liner, Espresso0.23 g",$6.98
658,"MaybellineGreat Lash Waterproof Mascara, Very Black12.70 mL",$4.96
659,"LOreal ParisTelescopic Mascara, Carbon Black8 mL",$11.98
660,MaybellineInstant Age Rewind Concealer + Treatment 120 Light 6.0 ml6 mL,$12.98
661,"LOreal ParisInfallible Never Fail Eyeliner, Black1.14 g",$12.98
662,"Rimmel LondonLasting Finish Extreme Lipstick, Thirsty Bae1 ea",$8.98
663,LOreal ParisBrow Stylist Definer Ultra-Fine Tip Shaping Pencil 389 Brunette0.24 g,$8.98
664,LOreal ParisBrow Stylist Definer Ultra-Fine Tip Shaping Pencil 390 Dark Brunette0.24 g,$8.98
665,"MaybellineFit Me Matte Foundation, Classic Ivory1 ea",$5.98
666,"Cover GirlLashblast Volume Blasting Mascara, Very Black13.10 mL",$6.98
667,"RevlonPhotoReady Face Powder, Light Medium1 ea",$13.58
668,MaybellineLash Sensational Volumizing Mascara 253 Blackest Black1 ea,$6.98
669,"LOreal ParisTelescopic Mascara, Black1 ea",$11.98
670,MaybellineNew York Fit Me! Foundation 340 Cappuccino30 mL,$5.98
671,"Cover GirlUltra Matte Lipstick, High Roller1 ea",$7.98
672,"MaybellineLash Sensational Mascara, Very Black1 ea",$6.98
673,"Cover GirlLashblast Mascara, Very Black13.10 mL",$6.98
674,"MaybellineGreat Lash Waterproof Mascara, Brown Black12.70 mL",$4.96
675,"RevlonColorstay Eyeliner Pencil, Black1 ea",$9.98
676,"LOreal ParisVoluminous Waterproof Mascara, Black8 mL",$6.00
677,"Cover GirlPerfect Point Plus Eye Liner, Black Onyx0.23 g",$6.98
678,MaybellineNew York Fit Me! Concealer 20 Sand6.80 mL,$5.98
679,"MaybellineDream Fresh 8-In-1 Beauty Balm, Light Tint1 ea",$10.98
680,"RevlonSo Fierce Vinyl Eyeliner, Powerful Plum1 ea",$9.98
681,LOreal ParisVoluminous 300 White Primer7 mL,$6.00
682,"Sinful ColoursNail Colour, Spice1 ea",$3.99
683,"Cover GirlLashblast Mascara, Black13.10 mL",$6.98
684,"MaybellineGreat Lash Mascara, Very Black12.70 mL",$4.96
685,"LOreal ParisVoluminous Curved Brush Mascara, Black Brown8 mL",$6.00
686,"Joe Fresh StyleEyeshadow, Meteor1 ea",$2.94
687,"AnnabelleSatin Single Eyeshadow, Aura2 ea",$5.98
688,"AnnabelleSatin Single Eyeshadow, Cloud 1212 ea",$5.98
689,MaybellineThe Matte Bar Eye Shadow Palette1 ea,$14.98
690,"AnnabelleMatte Single Eyeshadow, Ivory 2252 ea",$5.98
691,Cover GirlLid Lock Up Eye Shadow Primer 100 Universal1 ea,$8.98
692,"Joe Fresh StyleEyeshadow, Chmpgne1 ea",$2.94
693,"AnnabelleSingle Eyeshadow, Metallic Turquoise1 ea",$5.98
694,"Joe Fresh StyleEyeshadow, Meteor1 ea",$2.94
695,"AnnabelleSatin Single Eyeshadow, Aura2 ea",$5.98
696,"AnnabelleSatin Single Eyeshadow, Cloud 1212 ea",$5.98
697,MaybellineThe Matte Bar Eye Shadow Palette1 ea,$14.98
698,"AnnabelleMatte Single Eyeshadow, Ivory 2252 ea",$5.98
699,Cover GirlLid Lock Up Eye Shadow Primer 100 Universal1 ea,$8.98
700,"Joe Fresh StyleEyeshadow, Chmpgne1 ea",$2.94
701,"AnnabelleSingle Eyeshadow, Metallic Turquoise1 ea",$5.98
702,"Joe Fresh StyleEyeshadow, Meteor1 ea",$2.94
703,"AnnabelleSatin Single Eyeshadow, Aura2 ea",$5.98
704,"AnnabelleSatin Single Eyeshadow, Cloud 1212 ea",$5.98
705,MaybellineThe Matte Bar Eye Shadow Palette1 ea,$14.98
706,"Cover GirlLashblast Mascara, Black13.10 mL",$6.98
707,"LOreal ParisVoluminous Superstar Waterproof Mascara, Blackest Black12.70 mL",$10.98
708,"Cover GirlLashblast Volume Blasting Mascara, Very Black13.10 mL",$6.98
709,"Cover GirlLashblast Fusion Mascara, Very Black13.10 mL",$6.98
710,"Cover GirlLashblast Mascara, Black/Brown13.10 mL",$6.98
711,Cover GirlCG EXH MASCARA NORTHERN BLACK1 ea,$9.98
712,"LOreal ParisTelescopic Mascara, Black1 ea",$11.98
713,LOreal ParisVoluminous Original Bold Volume Building Mascara 305 Black8 mL,$6.00
714,Rimmel LondonWonderluxe Mascara Black1 ea,$6.98
715,"Cover GirlLashblast Fusion Water Resistant Mascara, Black Brown13.10 mL",$6.98
716,"LOreal ParisVoluminous Superstar Waterproof Mascara, Blackest Black12.70 mL",$10.98
717,"Cover GirlLashblast Mascara, Black13.10 mL",$6.98
718,"LOreal ParisVoluminous Superstar Waterproof Mascara, Blackest Black12.70 mL",$10.98
719,"Cover GirlLashblast Volume Blasting Mascara, Very Black13.10 mL",$6.98
720,"Cover GirlLashblast Fusion Mascara, Very Black13.10 mL",$6.98
721,"Cover GirlLashblast Mascara, Black/Brown13.10 mL",$6.98
722,Cover GirlCG EXH MASCARA NORTHERN BLACK1 ea,$9.98
723,"LOreal ParisTelescopic Mascara, Black1 ea",$11.98
724,LOreal ParisVoluminous Original Bold Volume Building Mascara 305 Black8 mL,$6.00
725,Rimmel LondonWonderluxe Mascara Black1 ea,$6.98
726,"Cover GirlLashblast Fusion Water Resistant Mascara, Black Brown13.10 mL",$6.98
727,"LOreal ParisVoluminous Superstar Waterproof Mascara, Blackest Black12.70 mL",$10.98
728,"Cover GirlLashblast Mascara, Black13.10 mL",$6.98
729,"LOreal ParisVoluminous Superstar Waterproof Mascara, Blackest Black12.70 mL",$10.98
730,"Cover GirlLashblast Volume Blasting Mascara, Very Black13.10 mL",$6.98
731,"Cover GirlLashblast Fusion Mascara, Very Black13.10 mL",$6.98
732,LOreal ParisInfallible Never Fail Mechanical Eyeliner Original 541 Navy1.14 g,$12.98
733,"Cover GirlEyeliner Ink, Black1 ea",$9.98
734,"Cover GirlEyeliner Ink, Gray All Day1 ea",$9.98
735,Cover GirlEyeliner Amber Intensity1 ea,$9.98
736,Cover GirlGet In Line Liquid Liner 325 Black Vinyl1 ea,$9.98
737,LOreal ParisInfallible Never Fail Mechanical Eyeliner Original 521 Slate1.14 g,$12.98
738,LOreal ParisInfallible Never Fail Mechanical Eyeliner Original 541 Navy1.14 g,$12.98
739,"Cover GirlEyeliner Ink, Black1 ea",$9.98
740,"Cover GirlEyeliner Ink, Gray All Day1 ea",$9.98
741,Cover GirlEyeliner Amber Intensity1 ea,$9.98
742,Cover GirlGet In Line Liquid Liner 325 Black Vinyl1 ea,$9.98
743,LOreal ParisInfallible Never Fail Mechanical Eyeliner Original 521 Slate1.14 g,$12.98
744,LOreal ParisInfallible Never Fail Mechanical Eyeliner Original 541 Navy1.14 g,$12.98
745,"Cover GirlEyeliner Ink, Black1 ea",$9.98
746,"Cover GirlEyeliner Ink, Gray All Day1 ea",$9.98
747,Cover GirlEyeliner Amber Intensity1 ea,$9.98
748,"MilaniColor Statement Lipstick, Nude Crème1 ea",$5.58
749,RevlonSuper Lustrous Lipstick Pearl 457 Wild Orchid1 ea,$5.98
750,RevlonRevlonUltra HD Matte Lipcolor 660 HD Romance 5.9 ml1 ea,$7.98
751,RevlonSuper Lustrous Lipstick Pearl 420 Blushed1 ea,$5.98
752,RevlonSuper Lustrous Lipstick Crème 654 Ravish Me Red1 ea,$5.98
753,RevlonSuper Lustrous Lipstick Crème 463 Sassy Mauve1 ea,$5.98
754,RevlonUltra HD Matte Lipcolor 655 HD Kisses1 ea,$7.98
755,RevlonSuper Lustrous Lipstick Pearl 205 Champagne on Ice1 ea,$5.98
756,RevlonSuper Lustrous Lipstick Crème 535 Rum Raisin1 ea,$5.98
757,RevlonSuper Lustrous Lip Gloss 247 Desert Spice1 ea,$5.98
758,"RevlonUltra HD Matte LipColor, Forever1 ea",$7.98
759,"MilaniColor Statement Lipstick, Naturally Chic1 ea",$5.58
760,"Rimmel LondonKate Moss, Lipstick, 41 Nude1 ea",$6.98
761,RevlonSuper Lustrous Lipstick Crème 440 Cherries in the Snow1 ea,$5.98
762,"MilaniColor Statement Lipstick, Pink Frost1 ea",$5.58
763,RevlonSuper Lustrous Lipstick Pearl 657 Fuchsia Fusion1 ea,$5.98
764,RevlonSuper Lustrous Lip Gloss 243 Solar Coral1 ea,$5.98
765,RevlonSuper Lustrous Lip Gloss 207 Sky Pink1 ea,$5.98
766,RevlonSuper Lustrous Lipstick Pearl 103 Caramel Glace1 ea,$5.98
767,"Cover GirlColorlicious Lipstick, Caramel Kiss 2403.50 g",$7.98
768,RevlonSuper Lustrous Lip Gloss 255 Sandstorm1 ea,$5.98
769,"MilaniColor Statement Lipstick, Nude Crème1 ea",$5.58
770,RevlonSuper Lustrous Lipstick Pearl 457 Wild Orchid1 ea,$5.98
771,RevlonRevlonUltra HD Matte Lipcolor 660 HD Romance 5.9 ml1 ea,$7.98
772,RevlonSuper Lustrous Lipstick Pearl 420 Blushed1 ea,$5.98
773,RevlonSuper Lustrous Lipstick Crème 654 Ravish Me Red1 ea,$5.98
774,RevlonSuper Lustrous Lipstick Crème 463 Sassy Mauve1 ea,$5.98
775,RevlonUltra HD Matte Lipcolor 655 HD Kisses1 ea,$7.98
776,RevlonSuper Lustrous Lipstick Pearl 205 Champagne on Ice1 ea,$5.98
777,RevlonSuper Lustrous Lipstick Crème 535 Rum Raisin1 ea,$5.98
778,RevlonSuper Lustrous Lip Gloss 247 Desert Spice1 ea,$5.98
779,"RevlonUltra HD Matte LipColor, Forever1 ea",$7.98
780,"MilaniColor Statement Lipstick, Naturally Chic1 ea",$5.58
781,"Rimmel LondonKate Moss, Lipstick, 41 Nude1 ea",$6.98
782,RevlonSuper Lustrous Lipstick Crème 440 Cherries in the Snow1 ea,$5.98
783,"MilaniColor Statement Lipstick, Pink Frost1 ea",$5.58
784,RevlonSuper Lustrous Lipstick Pearl 657 Fuchsia Fusion1 ea,$5.98
785,RevlonSuper Lustrous Lip Gloss 243 Solar Coral1 ea,$5.98
786,RevlonSuper Lustrous Lip Gloss 207 Sky Pink1 ea,$5.98
787,RevlonSuper Lustrous Lipstick Pearl 103 Caramel Glace1 ea,$5.98
788,"Cover GirlColorlicious Lipstick, Caramel Kiss 2403.50 g",$7.98
789,RevlonSuper Lustrous Lip Gloss 255 Sandstorm1 ea,$5.98
790,"MilaniColor Statement Lipstick, Nude Crème1 ea",$5.58
791,RevlonSuper Lustrous Lipstick Pearl 457 Wild Orchid1 ea,$5.98
792,RevlonRevlonUltra HD Matte Lipcolor 660 HD Romance 5.9 ml1 ea,$7.98
793,RevlonSuper Lustrous Lipstick Pearl 420 Blushed1 ea,$5.98
794,"AnnabelleLipliner, Cherry1 ea",$5.98
795,LOreal ParisColour Riche Anti-Feathering Lip Liner 781 Nudes For Life1 ea,$6.98
796,"MilaniColor Statement Lip Liner, Nude1 ea",$3.18
797,"LOreal ParisColour Riche Lip Liner, Lasting Plum1 ea",$6.98
798,LOreal ParisColour Riche Anti-Feathering Lip Liner 780 au Naturale1 ea,$6.98
799,"MilaniColor Statement Lip Liner, Bordeaux1 ea",$3.18
800,"AnnabelleLipliner, Cherry1 ea",$5.98
801,LOreal ParisColour Riche Anti-Feathering Lip Liner 781 Nudes For Life1 ea,$6.98
802,"MilaniColor Statement Lip Liner, Nude1 ea",$3.18
803,"LOreal ParisColour Riche Lip Liner, Lasting Plum1 ea",$6.98
804,LOreal ParisColour Riche Anti-Feathering Lip Liner 780 au Naturale1 ea,$6.98
805,"MilaniColor Statement Lip Liner, Bordeaux1 ea",$3.18
806,"AnnabelleLipliner, Cherry1 ea",$5.98
807,LOreal ParisColour Riche Anti-Feathering Lip Liner 781 Nudes For Life1 ea,$6.98
808,"MilaniColor Statement Lip Liner, Nude1 ea",$3.18
809,"LOreal ParisColour Riche Lip Liner, Lasting Plum1 ea",$6.98
810,LOreal ParisTrue Match Super-Blendable Cool Blush C1-2 Baby Blossoms 6.0 g1 ea,$10.98
811,AnnabelleBlush #32 Pronto1 ea,$5.26
812,"MilaniBaked Blush, Luminoso1 ea",$7.98
813,"RevlonPowder Blush, Naughty Nude1 ea",$9.98
814,"Cover GirlCheekers Blush, Classic Pink3.40 g",$2.84
815,"LOreal ParisTrue Match Blush, Tender Rose1 ea",$10.98
816,"RevlonPowder Blush, Oh Baby Pink1 ea",$9.98
817,RevlonPowder Blush 003 Mauvelous 5.0 g1 ea,$9.98
818,"MilaniBaked Blush, Rose Doro1 ea",$7.98
819,"Cover GirlCheekers Blush, Soft Sable3.40 g",$2.84
820,"MilaniBaked Blush, Berry Amore1 ea",$7.99
821,"MilaniBaked Blush, Dolce Pink1 ea",$7.98
822,"ElfBlush Palette, Light1 ea",$5.94
823,LOreal ParisTrue Match Super-Blendable Warm Blush W3-4 Barely Blushing 6.0 g1 ea,$10.98
824,"MilaniRose Powder Blush, Romantic Rose1 ea",$7.98
825,LOreal ParisTrue Match Super-Blendable Cool Blush C1-2 Baby Blossoms 6.0 g1 ea,$10.98
826,AnnabelleBlush #32 Pronto1 ea,$5.26
827,"MilaniBaked Blush, Luminoso1 ea",$7.98
828,"RevlonPowder Blush, Naughty Nude1 ea",$9.98
829,"Cover GirlCheekers Blush, Classic Pink3.40 g",$2.84
830,"LOreal ParisTrue Match Blush, Tender Rose1 ea",$10.98
831,"RevlonPowder Blush, Oh Baby Pink1 ea",$9.98
832,RevlonPowder Blush 003 Mauvelous 5.0 g1 ea,$9.98
833,"MilaniBaked Blush, Rose Doro1 ea",$7.98
834,"Cover GirlCheekers Blush, Soft Sable3.40 g",$2.84
835,"MilaniBaked Blush, Berry Amore1 ea",$7.99
836,"MilaniBaked Blush, Dolce Pink1 ea",$7.98
837,"ElfBlush Palette, Light1 ea",$5.94
838,LOreal ParisTrue Match Super-Blendable Warm Blush W3-4 Barely Blushing 6.0 g1 ea,$10.98
839,"MilaniRose Powder Blush, Romantic Rose1 ea",$7.98
840,LOreal ParisTrue Match Super-Blendable Cool Blush C1-2 Baby Blossoms 6.0 g1 ea,$10.98
841,AnnabelleBlush #32 Pronto1 ea,$5.26
842,"MilaniBaked Blush, Luminoso1 ea",$7.98
843,"RevlonPowder Blush, Naughty Nude1 ea",$9.98
844,"ElfStudio Flawless Finish Foundation, Sand23 g",$8.00
845,"LOreal ParisInfallible Fresh Wear Foundation, Natural30 mL",$17.98
846,MaybellineMaybelline New York Dream Matte Mousse Nude Light 4 Foundation15 g,$12.98
847,MaybellineNew York Fit Me! Hydrate + Smooth Foundation 225 Medium Buff SPF 1830 mL,$5.98
848,"MaybellineFit Me! Foundation, SPF 18, Classic Ivory30 mL",$5.98
849,MaybellineFit Me! Hydrate+Smooth Foundation 210 Sandy Beige SPF 1830 mL,$5.98
850,"Joe Fresh StyleFoundation Stck, Sand1 ea",$6.94
851,MaybellineDream Matte Mousse Classic Ivory Light 2 Foundation15 g,$12.98
852,"MaybellineFit Me! Foundation, SPF 18, Nude Beige30 mL",$5.98
853,MaybellineDream Matte Mousse Porcelain Ivory Light 1 Foundation15 g,$12.98
854,"LOreal ParisInfallible Fresh Wear Foundation, Porcelain30 mL",$17.98
855,Cover GirlAqua CG Smoothers Makeup 750 Creamy Beige30 mL,$9.98
856,MaybellineDream Matte Mousse Pure Beige Medium 2 Foundation15 g,$12.98
857,MaybellineNew York Fit Me! Hydrate+Smooth Foundation 220 Natural Beige SPF 1830 mL,$5.98
858,"ElfStudio Flawless Finish Foundation, Sand23 g",$8.00
859,"LOreal ParisInfallible Fresh Wear Foundation, Natural30 mL",$17.98
860,MaybellineMaybelline New York Dream Matte Mousse Nude Light 4 Foundation15 g,$12.98
861,MaybellineNew York Fit Me! Hydrate + Smooth Foundation 225 Medium Buff SPF 1830 mL,$5.98
862,"MaybellineFit Me! Foundation, SPF 18, Classic Ivory30 mL",$5.98
863,MaybellineFit Me! Hydrate+Smooth Foundation 210 Sandy Beige SPF 1830 mL,$5.98
864,"Joe Fresh StyleFoundation Stck, Sand1 ea",$6.94
865,MaybellineDream Matte Mousse Classic Ivory Light 2 Foundation15 g,$12.98
866,"MaybellineFit Me! Foundation, SPF 18, Nude Beige30 mL",$5.98
867,MaybellineDream Matte Mousse Porcelain Ivory Light 1 Foundation15 g,$12.98
868,"LOreal ParisInfallible Fresh Wear Foundation, Porcelain30 mL",$17.98
869,Cover GirlAqua CG Smoothers Makeup 750 Creamy Beige30 mL,$9.98
870,MaybellineDream Matte Mousse Pure Beige Medium 2 Foundation15 g,$12.98
871,MaybellineNew York Fit Me! Hydrate+Smooth Foundation 220 Natural Beige SPF 1830 mL,$5.98
872,"ElfStudio Flawless Finish Foundation, Sand23 g",$8.00
873,"LOreal ParisInfallible Fresh Wear Foundation, Natural30 mL",$17.98
874,MaybellineMaybelline New York Dream Matte Mousse Nude Light 4 Foundation15 g,$12.98
875,MaybellineNew York Fit Me! Hydrate + Smooth Foundation 225 Medium Buff SPF 1830 mL,$5.98
876,MarcelleFlawless Concealer Light to Medium5.60 mL,$10.98
877,"RevlonPhotoready Concealer, 004 Medium1 ea",$9.98
878,"AlmaySmart Shade Concealer, Pale1 ea",$6.98
879,"AlmaySmart Shade Concealer, Light/Medium1 ea",$6.98
880,RevlonPhotoready Concealer Stick 001 Fair1 ea,$9.98
881,"Cover GirlInvisible Concealer, Fair1 ea",$8.98
882,MarcelleFlawless Concealer Light to Medium5.60 mL,$10.98
883,"RevlonPhotoready Concealer, 004 Medium1 ea",$9.98
884,"AlmaySmart Shade Concealer, Pale1 ea",$6.98
885,"AlmaySmart Shade Concealer, Light/Medium1 ea",$6.98
886,RevlonPhotoready Concealer Stick 001 Fair1 ea,$9.98
887,"Cover GirlInvisible Concealer, Fair1 ea",$8.98
888,MarcelleFlawless Concealer Light to Medium5.60 mL,$10.98
889,"RevlonPhotoready Concealer, 004 Medium1 ea",$9.98
890,"AlmaySmart Shade Concealer, Pale1 ea",$6.98
891,"AlmaySmart Shade Concealer, Light/Medium1 ea",$6.98
892,EssieNail Color 00 Top Coat13.50 mL,$10.98
893,"RevlonClassic Nail, Amethyst Smoke1 ea",$3.98
894,Sally HansenMiracle Gel Coat Activator Nail Colour1 ea,$8.98
895,"Sally HansenInsta-Dri Nail Polish, Pink Blink1 ea",$3.98
896,"EssieNail Lacquer, Blanc13.50 mL",$7.98
897,"Sally HansenInsta-Dri Nail Polish, Petal Pusher1 ea",$3.98
898,"Sally HansenComplete Salon Manicure Nail Polish, Clear'd for Takeoff14.70 mL",$8.98
899,"Sinful ColoursSinfulColors, Clear Coat Nail Polish1 ea",$1.99
900,"EssieNail Color, Ladylike1 ea",$9.99
901,"EssieNail Color, Bikini So Teeny1 ea",$9.99
902,"RevlonColorstay Gel Envy Nail Enamel, Top Coat1 ea",$8.99
903,"Sally HansenInsta-Dri Nail Polish, Clearly Quick1 ea",$3.98
904,"EssieNail Lacquer, Eternal Optimist13.50 mL",$7.98
905,"EssieNail Lacquer, Ballet Slippers13.50 mL",$7.98
906,"RevlonNail Enamel, Clear1 ea",$3.98
907,"EssieNail Lacquer, Lilcism13.50 mL",$7.98
908,EssieNail Color 00 Top Coat13.50 mL,$10.98
909,"RevlonClassic Nail, Amethyst Smoke1 ea",$3.98
910,Sally HansenMiracle Gel Coat Activator Nail Colour1 ea,$8.98
911,"Sally HansenInsta-Dri Nail Polish, Pink Blink1 ea",$3.98
912,"EssieNail Lacquer, Blanc13.50 mL",$7.98
913,"Sally HansenInsta-Dri Nail Polish, Petal Pusher1 ea",$3.98
914,"Sally HansenComplete Salon Manicure Nail Polish, Clear'd for Takeoff14.70 mL",$8.98
915,"Sinful ColoursSinfulColors, Clear Coat Nail Polish1 ea",$1.99
916,"EssieNail Color, Ladylike1 ea",$9.99
917,"EssieNail Color, Bikini So Teeny1 ea",$9.99
918,"RevlonColorstay Gel Envy Nail Enamel, Top Coat1 ea",$8.99
919,"Sally HansenInsta-Dri Nail Polish, Clearly Quick1 ea",$3.98
920,"EssieNail Lacquer, Eternal Optimist13.50 mL",$7.98
921,"EssieNail Lacquer, Ballet Slippers13.50 mL",$7.98
922,"RevlonNail Enamel, Clear1 ea",$3.98
923,"EssieNail Lacquer, Lilcism13.50 mL",$7.98
924,EssieNail Color 00 Top Coat13.50 mL,$10.98
925,"RevlonClassic Nail, Amethyst Smoke1 ea",$3.98
926,Sally HansenMiracle Gel Coat Activator Nail Colour1 ea,$8.98
927,"Sally HansenInsta-Dri Nail Polish, Pink Blink1 ea",$3.98
928,"Johnson & JohnsonBaby Oil, Trial Size88 mL",$1.98
929,Life BrandEye & Lip Makeup Remover Pads35 ea,$7.98
930,NiveaSOS Repair & Care Body Lotion625 mL,$8.98
931,"NiveaMen, Revitalizing Body Lotion625 mL",$8.98
932,NiveaCrème Tin30 mL,$1.48
933,CrestKids Fluoride Toothpaste85 mL,$2.88
934,Crate 61 All Natural Lemongrass110 g,$3.98
935,NiveaExtra Nourishing Body Milk625 mL,$8.98
936,ExactWart Remover10x10mL,$4.98
937,NiveaSoft Moisturising Cream25 mL,$1.48
938,"GarnierSkin Active Micellar Water, For Oily Skin400 mL",$8.98
939,U by KotexBarely There Everyday Liners Regular 100 Wrapped Everyday Liners100 ea,$11.48
940,"Burt's beesLip Balm, Assorted4.25 g",$8.98
941,Skintimate Coconut Delight198 g,$2.68
942,"MethodGel Hand Wash, Green Tea + Aloe354 mL",$4.78
943,AveenoUltra Calming Make Up Remover Wipes25 ea,$10.48
944,"PronamelProNamel Toothpaste, Strong &Bright, Mint65 mL",$5.98
945,DivaCupDivaCup Menstrual Cup1 ea,$39.98
946,"Dr. Teal'sEpsom Salt, Eucalyptus Spearmint1.36 kg",$8.99
947,VisineSeasonal Relief Allergy Eye Drops15 mL,$5.78
948,"DegreeWomen Body Responsive Antiperspirant, Sheer Powder107 g",$4.98
949,CetaphilMoisturizing Lotion500 mL,$12.00
950,It's SkinHave A Eggshell Foam Cleanser150 mL,$5.99
951,"Life BrandToothbrush Multi angle Clean, Soft4 ea",$4.00
952,"SecretAerosol Antiperspirant, Baby Powder175 mL",$3.28
953,Schmidt's Naturals Soap Bar Charcoal142 g,$8.98
954,Oral BProWhite Replacement Electric Toothbrush Head 3 Count3 ea,$21.98
955,GilletteSkinguard4 ea,$17.98
956,Alba Botanica3-in-1 Biodegradable Towelettes Hawaiian30 ea,$9.98
957,"Thursday PlantationEssential Oil, Tea Tree100 mL",$34.98
958,"AromaforceEssential Oil, Peppermint15 mL",$8.98
959,"OlayRegenerist Micro-Sculpting Pore Scrub Facial Cleanser, 150 mL150 mL",$12.98
960,"Old SpiceBody Spray, Krakengard73 g",$5.00
961,NeutrogenaBody Clear Body Wash Pink Grapefruit250 mL,$9.98
962,Clean & ClearLemon Juice Cleansing Wipes25 ea,$8.48
963,DoveGo Fresh Rebalance Body Wash Plum & Sakura Blossom Scent354 mL,$4.98
964,LOreal ParisAge Prefect Cell Renewal Night Cream50 mL,$34.99
965,"Life BrandLiner, Long 105 Units105 ea",$4.98
966,St IvesNaturally  Green Tea Cleanser200 mL,$6.00
967,"Oral BCrossAction Pro-Health Toothbrush, Soft1 ea",$5.50
968,ColgatePeroxyl Mouth Sore Rinse237 mL,$8.00
969,NiveaFor Men Sensitive Moisturizer75 mL,$8.48
970,Hyaluronan Hydrating Black Mask8 ea,$13.99
971,"OlayCleanse Gentle Foaming Cleanser, 200 mL200 mL",$6.98
972,"Desert EssenceHand & Body Lotion, Vanilla237 mL",$8.28
973,"U by KotexBarely There, Thin Pantiliners50 ea",$3.98
974,"NeutrogenaOil Free Moisture, Combination Skin118 mL",$14.98
975,Ultra GlowUltra Glow Cocoa Butter Moisturizing Oil369 g,$11.98
976,"ReactineExtra Strength, Non-Drowsy3 ea",$5.48
977,Novarnica Pain Relieving Spray120 mL,$22.98
978,ExactWart Remover10x10mL,$4.98
979,Adult Glycerin48 ea,$11.28
980,BetadineBetadine Antiseptic Cream15 g,$9.98
981,ExactCodulax Tablets100 ea,$15.98
982,FridaBaby Smile Frida Baby Bath Brush1 ea,$12.98
983,"TrojanCondoms, Large12 ea",$9.98
984,"ThriveComplete Nicotine Replacement Gum, Fresh Spearmint 2 mg36 ea",$14.48
985,SisuMelatonin90 ea,$13.98
986,Robax PlatinumCaplets18 ea,$13.98
987,ExactNatural Source Fibre Laxative Capsules160 ea,$14.98
988,Glaxal Base Cream450 g,$22.98
989,BoironArnicare Gel75 g,$15.98
990,"TylenolChildren's Suspension Liquid, Grape100 mL",$7.48
991,HallsHoney Lozenges with Menthol & Eucalyptus10 ea,$4.28
992,TylenolUltra Relief20 ea,$6.48
993,TylenolBack Pain Capsules60 ea,$26.48
994,"KiwiLeather Paste Polish, Neutral1 ea",$5.48
995,VicksDayQuil Cold & Flu Multi-Symptom Relief Non-Drowsy Liquid236 mL,$9.48
996,"Johnson & JohnsonFirst Aid Non Stick Healing Pads, Medium10 ea",$5.99
997,LindtRicola Cherry Honey Stick32 g,$1.48
998,AquaphorAquaphor Healing Ointment99 g,$14.98
999,"Icy Hot Back Patch, XL3 ea",$12.28
1000,HydrasenseHydrasense Sinus and Cold Relief25 ea,$9.98
1001,TylenolMuscle Aches & Body Pain16 ea,$4.98
1002,BenylinExtra Strength Mucus & Phlegm Relief250 mL,$11.48
1003,PolysporinPain Relief Cream30 g,$11.98
1004,Teddy's ChoiceAllergy Formula100 mL,$6.98
1005,Himalayan Bee Propolis200 ea,$27.98
1006,TrojanExplore Water-based Lubricant113 g,$12.98
1007,ExactLatex Free Waterproof Patch Bandage10 ea,$3.98
1008,WetPlatinum Premiun Lubricant93 mL,$13.98
1009,"KiwiColour Shine, Brown75 mL",$7.48
1010,AquaphorHealing Ointment50 g,$9.48
1011,"Dr SchollsArch Pain Relief, Men's    1 ea",$15.98
1012,PoiseImpressa Bladder Supports Size 3 10 Count10 ea,$15.98
1013,Advil400 Mg Liqui-Gels24 ea,$9.28
1014,Fisherman's FriendCherry22 ea,$1.98
1015,BenylinExtra Strength Cough and Chest Congestion Syrup100 mL,$8.28
1016,"Lax-ASenna, 8.6 mg Tabs110 ea",$11.98
1017,"GlucernaShake, Chocolate6x237mL",$10.98
1018,ExactMoleskin Foam Padding1 ea,$1.98
1019,Band-AidWater Block Plus Bandages10 ea,$4.98
1020,JamiesonHerbal Complex Menopause Relief30 ea,$18.98
1021,"ExactDairy Digest, Extra Strength80 ea",$19.98
1022,ImodiumQuick Dissolve20 ea,$21.98
1023,"ExactNasal Strips, Extra Clear8 ea",$6.48
1024,Natures PlusOrganic Animal Parade Kids Immune Booster90 ea,$11.98
1025,"AscentaNutraSea hp EPA Omega-3 Supplement, Zesty Lemon200 mL",$44.98
1026,Raw Organic Chocolate Protein Powder664 g,$57.48
1027,"HomeocanHomeopathic Medicine, Calm100 mL",$10.98
1028,"ExactFolic Acid, 1000mcg365 ea",$12.98
1029,Natural CalmPlus Magnesium-Calcium Powder Calcium Original Unflavoured452 g,$51.48
1030,ExactCalcium Carbonate120 ea,$5.98
1031,"ProgressiveHarmonized Protein, Vanilla840 g",$64.98
1032,"VegaOne Nutritional Shake, Chocolate876 g",$49.98
1033,"JamiesonCalcium + D3 Soft Chews, Swiss Chocolate60 ea",$14.98
1034,Nature's BountyCalcium with Vitamin D200 ea,$19.48
1035,JamiesonOmega Complete30 ea,$27.99
1036,"Genuine HealthOmega 3, Extra Strength Soft Gels60 ea",$24.48
1037,JamiesonVitamin D 400 IU90 ea,$4.98
1038,SisuSuper B Complex Capsules90 ea,$21.98
1039,"FlintstonesGummies, Immunity Support50 ea",$10.48
1040,"ClifEnergy Bar, Cool Mint Chocolate68 g",$1.28
1041,JamiesonOmega 3-6-9 Complex180 ea,$22.48
1042,Ester CEster C 500mg90 ea,$15.98
1043,ProgressiveProbiotic Powder 15 Billion CFU per Scoop Kids Formula Unflavoured45 g,$36.98
1044,Mulberry Zuccarin Max60 ea,$32.98
1045,"MetaSlimWeight Management, Conjugated Linoleic Acid80 ea",$22.97
1046,Webber NaturalsVitamin B6 & B12 with Folic Acid120 ea,$10.48
1047,"PrecisionAll Natural Whey Protein, French Vanilla Creme850 g",$44.48
1048,JamiesonWomen's Multi Gummies130 ea,$17.99
1049,Webber NaturalsMelatoninMagnesium Maximum Strength 10/150 mg 60 Tablets60 ea,$13.28
1050,JamiesonFresh Youthful Hydrating Gel-Cream60 mL,$20.99
1051,Emergen CImmune Plus Vitamin & Mineral Supplement Super Orange45 ea,$10.98
1052,St Francis Herb FarmMilk Thistle50 mL,$16.98
1053,FlintstonesComplete Multi-Vitamins60 ea,$10.48
1054,VitaluxAdvanced Ocular Multivitamin120 ea,$27.98
1055,"VegaProtein Smoothie, Bodacious Berry262 g",$17.98
1056,"DisneyPrincess, Multi-Vitamin Gummies60 ea",$8.98
1057,JamiesonProbiotic Acidophilus 1 Billion100 ea,$14.98
1058,QuantumLily of the Desert Inner Fillet Aloe Vera Juice946 mL,$13.98
1059,JamiesonVitamin D 1000 IU100 ea,$6.98
1060,"CentrumSelect Essentials, Adults 50+60 ea",$12.98
1061,A VogelEchinacea Lozenges30 g,$3.98
1062,"LeanfitWhey Protein Blend, Vanilla1 kg",$34.98
1063,"Webber NaturalsComplete Probiotic, Multi Strain60 ea",$14.98
1064,Omega AlphaVitamin D3 Drops 1000 IU120 mL,$16.98
1065,First ResponsePrenatal Multivitamin with Folic Acid 90 Gummy Vitamins90 ea,$13.98
1066,IronKids EssentialsOmega-3 Gummies120 ea,$15.98
1067,"Leanfit100% Whey Protein Isolate, Chocolate908 g",$44.98
1068,"JamiesonVitamin D3 Spray, 1000 iu58 mL",$14.98
1069,"Nature's WayVeg Caps HDS Probiotics, 50 Billion30 ea",$27.98
1070,BoironCocyntal Baby Colic Homeopathic Medicine 1 - 6 Months30 mL,$12.48
1071,St Francis Herb FarmSt.Francis Ashwagandha Tincture50 mL,$16.98
1072,Glass Mixing Bowl1 ea,$5.28
1073,"Life at HomeDrylon Bath Rug, White1 ea",$17.98
1074,"PapermateFelt Tip Pens, Flair Colours12 ea",$13.98
1075,Moj Moj Plush1 ea,$18.98
1076,Better LivingBetter Living Nickel Toilet Caddy1 ea,$29.98
1077,"Post itNotes, Canary1 ea",$9.98
1078,"Better LivingTrickle Tray, White1 ea",$8.98
1079,"Gold Crepe Streamer, 81 ft1 ea",$1.00
1080,Gorilla Glue Clear 51Ml51 mL,$9.98
1081,Polka Dot Candle 51 ea,$1.50
1082,"RubbermaidJumbo Hinged Tote, 151L1 ea",$35.98
1083,"Life at HomeDrylon Bath Rug, Java1 ea",$17.98
1084,"Better LivingFoam Dispenser, Black1 ea",$14.98
1085,Gorilla Epoxy25 mL,$8.98
1086,President's ChoiceMulti-Purpose Blender Set1 ea,$42.98
1087,"Lunch Napkin, Red Foil Stamp16x1ea",$2.25
1088,"Tutu, Red1 ea",$20.00
1089,President's ChoiceOxford 6-Piece Demitasse Spoon Set1 ea,$7.48
1090,"ThermosFUNtainer Food Jar, Pink1 ea",$15.98
1091,President's ChoiceShot Glass 6-Pack1 ea,$7.98
1092,"UniquePlastic Tablecover Paw Patrol, Rectangular1 ea",$3.00
1093,"Black Tray 16 x16""1 ea",$4.00
1094,DanescoMa Maison Mini Silicone Tipped Turner1 ea,$1.98
1095,"Everyday EssentialsFabric Liner, Grey1 ea",$13.98
1096,"Everyday EssentialsClear Modular Latch Box, 25L1 ea",$7.48
1097,SylvaniaLED Night Light Trad Plug301 ea,$12.98
1098,"Paper Straws, Stripe Orange and White1 ea",$3.50
1099,"Everyday EssentialsEZ Up Shower Rod, Chrome 72""1 ea",$14.98
1100,EnergizerWearable Light1 ea,$13.98
1101,Kitchen AidMixing Bowls Set of 21 ea,$19.98
1102,"Tablecover All Over Print, 54 x102"", Sprinkles1 ea",$3.00
1103,Tera GearTER 18'' RND FOLDNG TRAY TABLE1 ea,$22.00
1104,CuisinartCuisinart 5-in-1 Griddler1 ea,$139.98
1105,"Mini Puff Decor, White1 ea",$3.00
1106,Play-Doh Kitchen Creations Popcorn Party1 ea,$19.98
1107,Kubota16oz Hammer1 ea,$13.98
1108,Wine Glass 16 pack1 ea,$8.00
1109,SharpieMetallic1 ea,$4.98
1110,"President's ChoiceAcacia Silicone Spoonula, White1 ea",$7.98
1111,Life at Home10 Shelf Shoe Organizer1 ea,$29.98
1112,Everyday EssentialsSolar LED Brown Owl Light1 ea,$7.00
1113,"Boa, Pink1 ea",$10.00
1114,"Plates, 9"", Circus Party1 ea",$2.25
1115,President's ChoiceEvenheat Family Sized Slow Cooker1 ea,$34.98
1116,"Paper Straws, Stripe Cobalt1 ea",$3.50
1117,"President's ChoiceHammered Metal Bowl, Small1 ea",$2.48
1118,"18ct Assorted Cutlery , Purple1 ea",$1.25
1119,Black & Decker12 Speed Blender1 ea,$32.98
1120,DoleChop Chop Chipotle & Cheddar Salad Kit366 g,$4.98
1121,Green Seedless Grapes,$3.33
1122,Green Leaf Lettuce1 ea,$2.98
1123,Tomato on the Vine Red,$5.45
1124,"President's ChoiceCremini Mushrooms, Whole227 g",$2.28
1125,Brussels Sprouts,$0.44
1126,Farmer's MarketFM Carrots  3LB3 lb bag,$2.48
1127,McIntosh Apples,$0.87
1128,Organic Gala Apples,$1.20
1129,"Greenhouse Peppers, Orange",$1.58
1130,Lettuce Iceberg1 ea,$2.98
1131,No NameAvocados (Bag)1.36 kg,$6.98
1132,Organic Raspberries0.50 pint,$4.98
1133,Farmer's MarketYellow Onions3 lb bag,$2.48
1134,PC OrganicsGrape Tomatoes255 g,$3.48
1135,President's ChoiceWhite Mushrooms454 g,$3.28
1136,Romaine Lettuce1 ea,$2.98
1137,"Greenhouse Peppers, Yellow",$1.64
1138,Granny Smith Apples4 lb bag,$5.98
1139,"Bi-Colour Corn, Corn on the Cob1 ea",$0.48
1140,President's ChoiceVariety Pack Tomatoes680 g,$5.98
1141,PC OrganicsGala Apples3 lb bag,$5.98
1142,Farmer's MarketLemons2 g,$3.98
1143,Ataulfo Mango1 ea,$1.28
1144,Strawberries1 ea,$3.98
1145,Sweet Onion,$2.01
1146,Strawberries 1 LB454 g,$3.98
1147,PC OrganicsField Greens Salad Mix142 g,$4.48
1148,Royal Gala Apples,$1.15
1149,Farmer's MarketHoneycrisp Apples4 lb bag,$7.98
1150,Yellow Peaches,$1.31
1151,"President's ChoiceCremini Mushrooms, Whole454 g",$3.28
1152,PC OrganicsGranny Smith Apples3 lb bag,$5.98
1153,Bosc Pears,$1.20
1154,Spanish Onion,$1.44
1155,Cilantro1 ea,$0.98
1156,Blackberries 1/2 Pint0.50 pint,$3.98
1157,PC OrganicsBaby-Cut Carrots2 lb,$4.98
1158,"President's ChoiceCremini Mushrooms, Sliced227 g",$2.48
1159,Rasberries 1/2 Pint0.50 pint,$4.98
1160,Kiwis1 ea,$0.78
1161,Red Peppers    ,$1.58
1162,"Avocado, 5/6-Count1 ea",$2.98
1163,"Navel Orange, Medium",$1.49
1164,Farmer's MarketSweet Baby Peppers4 Pack,$3.98
1165,Red Leaf Lettuce1 ea,$2.98
1166,Butternut Squash,$7.04
1167,Organic Strawberries454 g,$5.98
1168,Broccoli Crowns,$2.50
1169,Red Seedless Grapes,$3.23
1170,Strawberries2 ea,$5.98
1171,Zucchini,$1.53
1172,PC OrganicsCarrots2 lb bag,$2.98
1173,Organic Blackberries0.50 pint,$4.98
1174,Villagio Marzano Tomatoes681 g,$6.98
1175,Mini Seedless Watermelon1 ea,$3.98
1176,Farmer's MarketWhite Potatoes/Russet 10LB10 lb bag,$4.98
1177,Celery Hearts2 Pack,$3.48
1178,Romaine Heart 3 pk3 Pack,$3.98
1179,PC OrganicsOrganic Clementines2 lb bag,$5.98
1180,White Potatoes,$1.57
1181,Peaches,$1.05
1182,DoleCaesar Salad Kit216 g,$3.98
1183,Lemon1 ea,$0.98
1184,Yellow Nectarines,$0.92
1185,Tomato Beefsteak  Red,$1.76
1186,"Bananas, Bunch",$1.45
1187,"President's ChoiceWhite Mushrooms, Sliced227 g",$2.48
1188,Yellow Asian Pears,$1.75
1189,President's ChoiceEasy To Peel Orri Mandarin Oranges907 g,$4.98
1190,Granny Smith Apples,$1.09
1191,Navel Orange,$1.53
1192,Avocado1 ea,$1.98
1193,PC OrganicsOrganic Peppers2 Pack,$3.98
1194,Red Grapefruit1 ea,$1.98
1195,Farmer's MarketMini Carrots340 g,$1.98
1196,"Eat SmartVegetable Salad Kit, Sweet Kale680 g",$7.98
1197,Blueberries0.50 pint,$4.98
1198,Yellow Potatoes,$0.98
1199,Bartlett Pears,$1.15
1200,Red Mango850 g,$3.98
1201,Ambrosia Apples,$1.20
1202,Raspberries1 ea,$6.98
1203,Honeycrisp Apples,$1.58
1204,Celery Stalks1 ea,$2.98
1205,Cauliflower1 ea,$3.98
1206,President's ChoiceBlood Oranges907 g,$4.98
1207,"Pineapple, Large1 ea",$2.99
1208,No NameNaturally Imperfect Peppers1.11 kg,$5.98
1209,SunRidge FarmsRomaine Hearts6 Pack,$4.98
1210,Farmer's MarketGala Apples4 lb Bag,$5.98
1211,English Cucumber1 ea,$1.68
1212,Sweet Potato,$2.05
1213,Limes1 ea,$0.68
1214,Green Cabbage,$2.52
1215,Roma Tomatoes1 ea,$6.98
1216,PC OrganicsField Greens312 g,$5.98
1217,Fuji Apples,$1.31
1218,Red Delicious Apples,$0.92
1219,Organic Kiwis454 g,$2.98
1220,DoleChop Chop Chipotle & Cheddar Salad Kit366 g,$4.98
1221,Green Seedless Grapes,$3.33
1222,Green Leaf Lettuce1 ea,$2.98
1223,Tomato on the Vine Red,$5.45
1224,"President's ChoiceCremini Mushrooms, Whole227 g",$2.28
1225,Brussels Sprouts,$0.44
1226,Farmer's MarketFM Carrots  3LB3 lb bag,$2.48
1227,McIntosh Apples,$0.87
1228,Organic Gala Apples,$1.20
1229,"Greenhouse Peppers, Orange",$1.58
1230,Lettuce Iceberg1 ea,$2.98
1231,No NameAvocados (Bag)1.36 kg,$6.98
1232,Organic Raspberries0.50 pint,$4.98
1233,Farmer's MarketYellow Onions3 lb bag,$2.48
1234,PC OrganicsGrape Tomatoes255 g,$3.48
1235,President's ChoiceWhite Mushrooms454 g,$3.28
1236,Romaine Lettuce1 ea,$2.98
1237,"Greenhouse Peppers, Yellow",$1.64
1238,Granny Smith Apples4 lb bag,$5.98
1239,"Bi-Colour Corn, Corn on the Cob1 ea",$0.48
1240,President's ChoiceVariety Pack Tomatoes680 g,$5.98
1241,PC OrganicsGala Apples3 lb bag,$5.98
1242,Farmer's MarketLemons2 g,$3.98
1243,Ataulfo Mango1 ea,$1.28
1244,Strawberries1 ea,$3.98
1245,Sweet Onion,$2.01
1246,Strawberries 1 LB454 g,$3.98
1247,PC OrganicsField Greens Salad Mix142 g,$4.48
1248,Royal Gala Apples,$1.15
1249,Farmer's MarketHoneycrisp Apples4 lb bag,$7.98
1250,Yellow Peaches,$1.31
1251,"President's ChoiceCremini Mushrooms, Whole454 g",$3.28
1252,PC OrganicsGranny Smith Apples3 lb bag,$5.98
1253,Bosc Pears,$1.20
1254,Spanish Onion,$1.44
1255,Cilantro1 ea,$0.98
1256,Blackberries 1/2 Pint0.50 pint,$3.98
1257,PC OrganicsBaby-Cut Carrots2 lb,$4.98
1258,"President's ChoiceCremini Mushrooms, Sliced227 g",$2.48
1259,Rasberries 1/2 Pint0.50 pint,$4.98
1260,Kiwis1 ea,$0.78
1261,Red Peppers    ,$1.58
1262,"Avocado, 5/6-Count1 ea",$2.98
1263,"Navel Orange, Medium",$1.49
1264,Farmer's MarketSweet Baby Peppers4 Pack,$3.98
1265,Red Leaf Lettuce1 ea,$2.98
1266,Butternut Squash,$7.04
1267,Organic Strawberries454 g,$5.98
1268,Broccoli Crowns,$2.50
1269,Red Seedless Grapes,$3.23
1270,Strawberries2 ea,$5.98
1271,Zucchini,$1.53
1272,PC OrganicsCarrots2 lb bag,$2.98
1273,Organic Blackberries0.50 pint,$4.98
1274,Villagio Marzano Tomatoes681 g,$6.98
1275,Mini Seedless Watermelon1 ea,$3.98
1276,Farmer's MarketWhite Potatoes/Russet 10LB10 lb bag,$4.98
1277,Celery Hearts2 Pack,$3.48
1278,Romaine Heart 3 pk3 Pack,$3.98
1279,PC OrganicsOrganic Clementines2 lb bag,$5.98
1280,White Potatoes,$1.57
1281,Peaches,$1.05
1282,DoleCaesar Salad Kit216 g,$3.98
1283,Lemon1 ea,$0.98
1284,Yellow Nectarines,$0.92
1285,Tomato Beefsteak  Red,$1.76
1286,"Bananas, Bunch",$1.45
1287,"President's ChoiceWhite Mushrooms, Sliced227 g",$2.48
1288,Yellow Asian Pears,$1.75
1289,President's ChoiceEasy To Peel Orri Mandarin Oranges907 g,$4.98
1290,Granny Smith Apples,$1.09
1291,Navel Orange,$1.53
1292,Avocado1 ea,$1.98
1293,PC OrganicsOrganic Peppers2 Pack,$3.98
1294,Red Grapefruit1 ea,$1.98
1295,Farmer's MarketMini Carrots340 g,$1.98
1296,"Eat SmartVegetable Salad Kit, Sweet Kale680 g",$7.98
1297,Blueberries0.50 pint,$4.98
1298,Yellow Potatoes,$0.98
1299,Bartlett Pears,$1.15
1300,Red Mango850 g,$3.98
1301,Ambrosia Apples,$1.20
1302,Raspberries1 ea,$6.98
1303,Honeycrisp Apples,$1.58
1304,Celery Stalks1 ea,$2.98
1305,Cauliflower1 ea,$3.98
1306,President's ChoiceBlood Oranges907 g,$4.98
1307,"Pineapple, Large1 ea",$2.99
1308,No NameNaturally Imperfect Peppers1.11 kg,$5.98
1309,SunRidge FarmsRomaine Hearts6 Pack,$4.98
1310,Farmer's MarketGala Apples4 lb Bag,$5.98
1311,English Cucumber1 ea,$1.68
1312,Sweet Potato,$2.05
1313,Limes1 ea,$0.68
1314,Green Cabbage,$2.52
1315,Roma Tomatoes1 ea,$6.98
1316,PC OrganicsField Greens312 g,$5.98
1317,Fuji Apples,$1.31
1318,Red Delicious Apples,$0.92
1319,Organic Kiwis454 g,$2.98
1320,DoleChop Chop Chipotle & Cheddar Salad Kit366 g,$4.98
1321,Green Seedless Grapes,$3.33
1322,Green Leaf Lettuce1 ea,$2.98
1323,Tomato on the Vine Red,$5.45
1324,PampersBaby Wipes Sensitive 9X Pop-Top504 ea,$19.98
1325,PampersBaby-Dry Diapers Size 5 78 Count78 ea,$19.98
1326,PampersPure Protection Diapers Size 2 68 Count68 ea,$19.94
1327,PampersBaby-Dry Diapers Size 3 104 Count104 ea,$19.98
1328,PampersPure Protection Diapers Size 4 52 Count52 ea,$22.54
1329,PampersBaby-Dry Diapers Size 4 92 Count92 ea,$19.98
1330,PampersBaby Wipes Sensitive 3X Refill 192 Count192 ea,$8.38
1331,PampersBaby Wipes Sensitive 9X Pop-Top504 ea,$19.98
1332,PampersBaby-Dry Diapers Size 5 78 Count78 ea,$19.98
1333,PampersPure Protection Diapers Size 2 68 Count68 ea,$19.94
1334,PampersBaby-Dry Diapers Size 3 104 Count104 ea,$19.98
1335,PampersPure Protection Diapers Size 4 52 Count52 ea,$22.54
1336,PampersBaby-Dry Diapers Size 4 92 Count92 ea,$19.98
1337,PampersBaby Wipes Sensitive 3X Refill 192 Count192 ea,$8.38
1338,PampersBaby Wipes Sensitive 9X Pop-Top504 ea,$19.98
1339,PampersBaby-Dry Diapers Size 5 78 Count78 ea,$19.98
1340,PampersPure Protection Diapers Size 2 68 Count68 ea,$19.94
1341,PampersBaby-Dry Diapers Size 3 104 Count104 ea,$19.98
1342,"PC OrganicsCereal, Multigrain Banana125 g",$2.25
1343,PC OrganicsToddler Apple Juice1 L,$1.88
1344,PC OrganicsMashed Potatoes & Turkey185 g,$2.25
1345,"PC OrganicsOrange, Carrot & Cinnamon Fruit, Veggie And Oat Bars90 g",$2.25
1346,PC OrganicsMango And Carrot Whole Grain Puffs Puffed Cereal42 g,$2.25
1347,PC OrganicsSpaghetti in Turkey Meat Sauce185 g,$2.25
1348,"PC OrganicsToddler Entrée, Fruity Chicken185 g",$2.25
1349,"PC OrganicsMini Cereal Bars, Blueberry160 g",$2.25
1350,PC OrganicsOrganics Broccoli And Kale Baked Whole Grain Corn Puffs42 g,$2.25
1351,PC OrganicsStrawberry Mango Naturally Flavoured Fruit Snack60 g,$3.98
1352,"PC OrganicsToddlers Mini Pasta, Bowties454 g",$2.25
1353,PC OrganicsStars Pasta454 g,$2.25
1354,"President's ChoiceYogurt Melt, Mixed Berry1 ea",$3.28
1355,PC OrganicsApple And Strawberry Whole Grain Puffs Puffed Cereal42 g,$2.25
1356,PC OrganicsPurple Carrot And Blueberry Whole Grain Puffs Puffed Cereal42 g,$2.25
1357,PC OrganicsBroccoli And Spinach Whole Grain Puffs Puffed Cereal42 g,$2.25
1358,"PC OrganicsMini Cereal Bars, Banana Berry160 g",$2.25
1359,"PC OrganicsMini Cereal Bars, Apple, Acai160 g",$2.25
1360,PC OrganicsAnimal Cookies For Toddlers 170 g,$2.25
1361,"PC OrganicsFruit, Veggie, & Oat Bars, Raspberry Beet90 g",$2.25
1362,PC OrganicsCheddar Cheese Whole Grain Puffs42 g,$2.25
1363,President's ChoiceNaturally Flavoured Toddlers Strawberry Yogurt Snack1 ea,$3.28
1364,PC OrganicsToddler Blue Fruit Twist60 g,$3.98
1365,"PC OrganicsMini Cereal Bars, Berry Pomegranate160 g",$2.25
1366,"President's ChoiceTotal Pediatric Nutrition, Vanilla6x235mL",$9.98
1367,"PC OrganicsToddler Mini Pasta, Alphabet454 g",$2.25
1368,"PC OrganicsCereal, Multigrain Banana125 g",$2.25
1369,PC OrganicsToddler Apple Juice1 L,$1.88
1370,PC OrganicsMashed Potatoes & Turkey185 g,$2.25
1371,"PC OrganicsOrange, Carrot & Cinnamon Fruit, Veggie And Oat Bars90 g",$2.25
1372,PC OrganicsMango And Carrot Whole Grain Puffs Puffed Cereal42 g,$2.25
1373,PC OrganicsSpaghetti in Turkey Meat Sauce185 g,$2.25
1374,"PC OrganicsToddler Entrée, Fruity Chicken185 g",$2.25
1375,"PC OrganicsMini Cereal Bars, Blueberry160 g",$2.25
1376,PC OrganicsOrganics Broccoli And Kale Baked Whole Grain Corn Puffs42 g,$2.25
1377,PC OrganicsStrawberry Mango Naturally Flavoured Fruit Snack60 g,$3.98
1378,"PC OrganicsToddlers Mini Pasta, Bowties454 g",$2.25
1379,PC OrganicsStars Pasta454 g,$2.25
1380,"President's ChoiceYogurt Melt, Mixed Berry1 ea",$3.28
1381,PC OrganicsApple And Strawberry Whole Grain Puffs Puffed Cereal42 g,$2.25
1382,PC OrganicsPurple Carrot And Blueberry Whole Grain Puffs Puffed Cereal42 g,$2.25
1383,PC OrganicsBroccoli And Spinach Whole Grain Puffs Puffed Cereal42 g,$2.25
1384,"PC OrganicsMini Cereal Bars, Banana Berry160 g",$2.25
1385,"PC OrganicsMini Cereal Bars, Apple, Acai160 g",$2.25
1386,PC OrganicsAnimal Cookies For Toddlers 170 g,$2.25
1387,"PC OrganicsFruit, Veggie, & Oat Bars, Raspberry Beet90 g",$2.25
1388,PC OrganicsCheddar Cheese Whole Grain Puffs42 g,$2.25
1389,President's ChoiceNaturally Flavoured Toddlers Strawberry Yogurt Snack1 ea,$3.28
1390,PC OrganicsToddler Blue Fruit Twist60 g,$3.98
1391,"PC OrganicsMini Cereal Bars, Berry Pomegranate160 g",$2.25
1392,"President's ChoiceTotal Pediatric Nutrition, Vanilla6x235mL",$9.98
1393,"PC OrganicsToddler Mini Pasta, Alphabet454 g",$2.25
1394,"PC OrganicsCereal, Multigrain Banana125 g",$2.25
1395,PC OrganicsToddler Apple Juice1 L,$1.88
1396,PC OrganicsMashed Potatoes & Turkey185 g,$2.25
1397,"PC OrganicsOrange, Carrot & Cinnamon Fruit, Veggie And Oat Bars90 g",$2.25
1398,LansinohNursing Pads100 ea,$12.98
1399,Baby Brezza Formula Pro Advanced1 ea,$239.98
1400,KushiesSilibeads Pacifier Clip1 ea,$11.98
1401,Snotsucker Nasal Aspirator1 ea,$21.98
1402,"MunchkinMiracle 360 Trainer Cup, 7oz1 ea",$7.98
1403,LansinohNursing Pads100 ea,$12.98
1404,Baby Brezza Formula Pro Advanced1 ea,$239.98
1405,KushiesSilibeads Pacifier Clip1 ea,$11.98
1406,Snotsucker Nasal Aspirator1 ea,$21.98
1407,"MunchkinMiracle 360 Trainer Cup, 7oz1 ea",$7.98
1408,LansinohNursing Pads100 ea,$12.98
1409,Baby Brezza Formula Pro Advanced1 ea,$239.98
1410,KushiesSilibeads Pacifier Clip1 ea,$11.98
1411,Snotsucker Nasal Aspirator1 ea,$21.98
1412,KeurigLively Colombian K-Cup Coffee Pods30 ea,$17.48
1413,KeurigVan Houtte Original House Blend K-Cup Pods30 ea,$15.98
1414,President's ChoiceStainless Steel Thermal Mug1 ea,$16.98
1415,President's ChoiceThe Great Canadian Light To Medium Roast 100% Arabica Coffee Single Serve Coffee Pods30 ea,$16.98
1416,KeurigPike Place K-Cup Coffee Pods10 ea,$7.98
1417,President's ChoiceTextured To-Go Mug1 ea,$4.98
1418,President's ChoiceMedium Roast Gourmet 100% Arabica Coffee Single Serve Coffee Pods30 ea,$16.98
1419,President's ChoiceBamboo Grip To-Go Mug1 ea,$9.48
1420,"KeurigK35 Classic Series Coffee Maker, Black1 ea",$98.00
1421,KeurigVan Houtte Colombian Medium Roast30 ea,$15.98
1422,"President's ChoiceInsulated Vacuum Bottle, 465mL1 ea",$16.98
1423,ThermosStainless Steel Bottle 1L1 ea,$20.98
1424,Everyday EssentialsStainless Steel Mug1 ea,$8.48
1425,KeurigKeurig Timothy's Breakfast Blend K-Cup Pods30 ea,$16.98
1426,"Tim HortonsSingle Serve Coffee Pods, Original126 g",$10.48
1427,President's ChoiceWest Coast Dark Roast Gourmet Single Serve Coffee Pods30 ea,$16.98
1428,FolgersMorning Café K-Cup Coffee Pods240 g,$17.48
1429,ThermosStainless King Travel Mug 470ml1 ea,$25.98
1430,"ContigoStainless Steel Superior Grey Mug, 20 oz1 ea",$23.98
1431,BubbaTravel Mug1 ea,$22.98
1432,KeurigLively Colombian K-Cup Coffee Pods30 ea,$17.48
1433,KeurigVan Houtte Original House Blend K-Cup Pods30 ea,$15.98
1434,President's ChoiceStainless Steel Thermal Mug1 ea,$16.98
1435,President's ChoiceThe Great Canadian Light To Medium Roast 100% Arabica Coffee Single Serve Coffee Pods30 ea,$16.98
1436,KeurigPike Place K-Cup Coffee Pods10 ea,$7.98
1437,President's ChoiceTextured To-Go Mug1 ea,$4.98
1438,President's ChoiceMedium Roast Gourmet 100% Arabica Coffee Single Serve Coffee Pods30 ea,$16.98
1439,President's ChoiceBamboo Grip To-Go Mug1 ea,$9.48
1440,"KeurigK35 Classic Series Coffee Maker, Black1 ea",$98.00
1441,KeurigVan Houtte Colombian Medium Roast30 ea,$15.98
1442,"President's ChoiceInsulated Vacuum Bottle, 465mL1 ea",$16.98
1443,ThermosStainless Steel Bottle 1L1 ea,$20.98
1444,Everyday EssentialsStainless Steel Mug1 ea,$8.48
1445,KeurigKeurig Timothy's Breakfast Blend K-Cup Pods30 ea,$16.98
1446,"Tim HortonsSingle Serve Coffee Pods, Original126 g",$10.48
1447,President's ChoiceWest Coast Dark Roast Gourmet Single Serve Coffee Pods30 ea,$16.98
1448,FolgersMorning Café K-Cup Coffee Pods240 g,$17.48
1449,ThermosStainless King Travel Mug 470ml1 ea,$25.98
1450,"ContigoStainless Steel Superior Grey Mug, 20 oz1 ea",$23.98
1451,BubbaTravel Mug1 ea,$22.98
1452,KeurigLively Colombian K-Cup Coffee Pods30 ea,$17.48
1453,KeurigVan Houtte Original House Blend K-Cup Pods30 ea,$15.98
1454,President's ChoiceStainless Steel Thermal Mug1 ea,$16.98
1455,President's ChoiceThe Great Canadian Light To Medium Roast 100% Arabica Coffee Single Serve Coffee Pods30 ea,$16.98
1456,FolgersClassic Roast Ground Coffee920 g,$6.98
1457,"Black & DeckerDigital Coffee Maker, 12 Cup Black1 ea",$31.98
1458,"Everyday Essentials6-Cup Coffee Press, Red1 ea",$7.98
1459,President's ChoiceDark Roast West Coast Gourmet875 g,$8.88
1460,Maxwell HouseOriginal Roast Ground Coffee925 g,$8.98
1461,President's ChoiceWest Coast Dark Roast Gourmet Whole Bean Coffee907 g,$14.98
1462,President's ChoiceDouble Wall Tapered Mug1 ea,$8.48
1463,KeurigDescaling Solution For Brewers1 ea,$12.98
1464,President's ChoiceThe Great Canadian Coffee930 g,$8.88
1465,President's ChoiceGourmet Swiss Water** Process Decaffeinated Medium Roast 100% Arabica Coffee875 g,$8.88
1466,NescafeRICH Instant Coffee475 g,$14.98
1467,"Everyday EssentialsJug Kettle, 1L Black1 ea",$12.98
1468,Coffee Capsule Reusable Single Coffee Filter1 ea,$14.98
1469,PC  Club PackGourmet Medium Roast 100% Arabica Coffee930 g,$8.88
1470,Everyday EssentialsCoffee Grinder1 ea,$14.98
1471,President's Choice5-Cup Digital Coffee Maker1 ea,$24.98
1472,"KeurigK35 Classic Series Coffee Maker, Black1 ea",$98.00
1473,President's ChoiceCoffee Burr Grinder1 ea,$44.98
1474,President's ChoiceDouble Wall Latte Glass1 ea,$6.98
1475,"Everyday Essentials6-Cup Coffee Press, Black1 ea",$8.48
1476,President's ChoiceGourmet Medium Roast 100% Arabica Coffee930 g,$8.88
1477,NabobTraditional Fine Grind Ground Coffee930 g,$18.48
1478,"Tim HortonsCoffee, Dark Roast875 g",$17.98
1479,"Bodum3-Cup Brazil Coffee Press, Black1 ea",$22.98
1480,"BodumElectric Coffee Grinder, Black1 ea",$28.98
1481,"Bodum3-Cup Brazil French Coffee, Red1 ea",$22.98
1482,CuisinartEspresso Maker1 ea,$183.98
1483,"Pride Of ArabiaPride of Arabia Coffee, Whole Bean907 g",$14.98
1484,Tim HortonsOriginal Fine Grind Coffee930 g,$17.98
1485,CuisinartCuisinart PerfecTemp Cordless Electric Programmable Kettle1 ea,$99.98
1486,Hamilton Beach1L Satainless Steel Kettle1 ea,$39.98
1487,CuisinartCoffee Grinder1 ea,$49.98
1488,No NameMedium Roast Ground Coffee925 g,$6.98
1489,CuisinartCuisinart Brew Central 12 Cup Coffee Maker1 ea,$99.98
1490,President's ChoiceGlass Kettle1 ea,$34.98
1491,Bialetti Moka Express 6 Cup6x1ea,$31.98
1492,"Everyday EssentialsKettle, 1.7L Black1 ea",$19.98
1493,FolgersClassic Roast Ground Coffee920 g,$6.98
1494,"Black & DeckerDigital Coffee Maker, 12 Cup Black1 ea",$31.98
1495,"Everyday Essentials6-Cup Coffee Press, Red1 ea",$7.98
1496,President's ChoiceDark Roast West Coast Gourmet875 g,$8.88
1497,Maxwell HouseOriginal Roast Ground Coffee925 g,$8.98
1498,President's ChoiceWest Coast Dark Roast Gourmet Whole Bean Coffee907 g,$14.98
1499,President's ChoiceDouble Wall Tapered Mug1 ea,$8.48
1500,KeurigDescaling Solution For Brewers1 ea,$12.98
1501,President's ChoiceThe Great Canadian Coffee930 g,$8.88
1502,President's ChoiceGourmet Swiss Water** Process Decaffeinated Medium Roast 100% Arabica Coffee875 g,$8.88
1503,NescafeRICH Instant Coffee475 g,$14.98
1504,"Everyday EssentialsJug Kettle, 1L Black1 ea",$12.98
1505,Coffee Capsule Reusable Single Coffee Filter1 ea,$14.98
1506,PC  Club PackGourmet Medium Roast 100% Arabica Coffee930 g,$8.88
1507,Everyday EssentialsCoffee Grinder1 ea,$14.98
1508,President's Choice5-Cup Digital Coffee Maker1 ea,$24.98
1509,"KeurigK35 Classic Series Coffee Maker, Black1 ea",$98.00
1510,President's ChoiceCoffee Burr Grinder1 ea,$44.98
1511,President's ChoiceDouble Wall Latte Glass1 ea,$6.98
1512,"Everyday Essentials6-Cup Coffee Press, Black1 ea",$8.48
1513,President's ChoiceGourmet Medium Roast 100% Arabica Coffee930 g,$8.88
1514,NabobTraditional Fine Grind Ground Coffee930 g,$18.48
1515,"Tim HortonsCoffee, Dark Roast875 g",$17.98
1516,"Bodum3-Cup Brazil Coffee Press, Black1 ea",$22.98
1517,"BodumElectric Coffee Grinder, Black1 ea",$28.98
1518,"Bodum3-Cup Brazil French Coffee, Red1 ea",$22.98
1519,CuisinartEspresso Maker1 ea,$183.98
1520,"Pride Of ArabiaPride of Arabia Coffee, Whole Bean907 g",$14.98
1521,Tim HortonsOriginal Fine Grind Coffee930 g,$17.98
1522,CuisinartCuisinart PerfecTemp Cordless Electric Programmable Kettle1 ea,$99.98
1523,Hamilton Beach1L Satainless Steel Kettle1 ea,$39.98
1524,CuisinartCoffee Grinder1 ea,$49.98
1525,No NameMedium Roast Ground Coffee925 g,$6.98
1526,CuisinartCuisinart Brew Central 12 Cup Coffee Maker1 ea,$99.98
1527,President's ChoiceGlass Kettle1 ea,$34.98
1528,Bialetti Moka Express 6 Cup6x1ea,$31.98
1529,"Everyday EssentialsKettle, 1.7L Black1 ea",$19.98
1530,FolgersClassic Roast Ground Coffee920 g,$6.98
1531,"Black & DeckerDigital Coffee Maker, 12 Cup Black1 ea",$31.98
1532,"Everyday Essentials6-Cup Coffee Press, Red1 ea",$7.98
1533,President's ChoiceDark Roast West Coast Gourmet875 g,$8.88
1534,CuisinartCoffee Grinder1 ea,$49.98
1535,Kicking HorseOrganic Dark Roast Kick Ass454 g,$11.98
1536,Bialetti Moka Express 6 Cup6x1ea,$31.98
1537,President's ChoiceDark Roast West Coast Gourmet875 g,$8.88
1538,Ethical BeanBold Dark Roast Whole Bean Coffee340 g,$11.98
1539,"BodumElectric Coffee Grinder, Black1 ea",$28.98
1540,"Bodum3-Cup Brazil French Coffee, Red1 ea",$22.98
1541,"NescafeGOLD Cappuccino, Instant Coffee Sachets112 g",$4.98
1542,CuisinartEspresso Maker1 ea,$183.98
1543,"Bodum3-Cup Brazil Coffee Press, Black1 ea",$22.98
1544,President's ChoiceCoffee Burr Grinder1 ea,$44.98
1545,Maxwell HouseRich Dark Roast Ground Coffee925 g,$8.98
1546,PC OrganicsDark Roast Whole Bean Coffee454 g,$10.98
1547,Kicking HorseDark Roast Grizzly Claw454 g,$11.98
1548,Everyday EssentialsCoffee Grinder1 ea,$14.98
1549,PC OrganicsDark Roast Ground Coffee284 g,$9.98
1550,PC OrganicsDark Roast Whole Bean Coffee907 g,$17.98
1551,President's ChoiceDark Roast West Coast Coffee330 g,$8.98
1552,CuisinartCoffee Grinder1 ea,$49.98
1553,Kicking HorseOrganic Dark Roast Kick Ass454 g,$11.98
1554,Bialetti Moka Express 6 Cup6x1ea,$31.98
1555,President's ChoiceDark Roast West Coast Gourmet875 g,$8.88
1556,Ethical BeanBold Dark Roast Whole Bean Coffee340 g,$11.98
1557,"BodumElectric Coffee Grinder, Black1 ea",$28.98
1558,"Bodum3-Cup Brazil French Coffee, Red1 ea",$22.98
1559,"NescafeGOLD Cappuccino, Instant Coffee Sachets112 g",$4.98
1560,CuisinartEspresso Maker1 ea,$183.98
1561,"Bodum3-Cup Brazil Coffee Press, Black1 ea",$22.98
1562,President's ChoiceCoffee Burr Grinder1 ea,$44.98
1563,Maxwell HouseRich Dark Roast Ground Coffee925 g,$8.98
1564,PC OrganicsDark Roast Whole Bean Coffee454 g,$10.98
1565,Kicking HorseDark Roast Grizzly Claw454 g,$11.98
1566,Everyday EssentialsCoffee Grinder1 ea,$14.98
1567,PC OrganicsDark Roast Ground Coffee284 g,$9.98
1568,PC OrganicsDark Roast Whole Bean Coffee907 g,$17.98
1569,President's ChoiceDark Roast West Coast Coffee330 g,$8.98
1570,CuisinartCoffee Grinder1 ea,$49.98
1571,Kicking HorseOrganic Dark Roast Kick Ass454 g,$11.98
1572,Bialetti Moka Express 6 Cup6x1ea,$31.98
1573,President's ChoiceDark Roast West Coast Gourmet875 g,$8.88
1574,President's ChoiceCentrefulls Chocolatey Filling Double Chocolate Cookies280 g,$3.00
1575,President's ChoiceConcerto Dark Chocolate Cookie240 g,$2.78
1576,President's ChoiceOatmeal Raisin Cookies350 g,$2.47
1577,President's ChoiceOriginal Oatmeal Cookies350 g,$2.47
1578,"PC OrganicsBiscuits, Digestives200 g",$4.98
1579,President's ChoiceArrowroot Cookies350 g,$3.28
1580,President's ChoiceMilk Chocolate Covered Digestive Biscuits300 g,$2.78
1581,President's ChoiceDark Chocolate Covered Digestive Biscuits300 g,$2.78
1582,President's ChoiceCentrefulls Chocolatey Filling Double Chocolate Cookies280 g,$3.00
1583,President's ChoiceConcerto Dark Chocolate Cookie240 g,$2.78
1584,President's ChoiceOatmeal Raisin Cookies350 g,$2.47
1585,President's ChoiceOriginal Oatmeal Cookies350 g,$2.47
1586,"PC OrganicsBiscuits, Digestives200 g",$4.98
1587,President's ChoiceArrowroot Cookies350 g,$3.28
1588,President's ChoiceMilk Chocolate Covered Digestive Biscuits300 g,$2.78
1589,President's ChoiceDark Chocolate Covered Digestive Biscuits300 g,$2.78
1590,President's ChoiceCentrefulls Chocolatey Filling Double Chocolate Cookies280 g,$3.00
1591,President's ChoiceConcerto Dark Chocolate Cookie240 g,$2.78
1592,President's ChoiceOatmeal Raisin Cookies350 g,$2.47
1593,President's ChoiceOriginal Oatmeal Cookies350 g,$2.47
1594,Fresh Tilapia Fillets,$22.31
1595,Cod Fillet,$20.80
1596,Basa Fillets,$19.08
1597,"President's ChoiceCheese, Marble Block Club Pack500 g",$12.48
1598,"President's ChoiceExtra Chunky Mild Salsa, Club Pack1.85 L",$5.68
1599,ACECiabatta Piccola800 g,$5.00
1600,Farmer's MarketOatmeal Raisin Cookies798 g,$6.00
1601,"President's ChoiceCheese, Marble Mini Club Pack420 g",$10.00
1602,"Sirloin Tip Roast, Club Pack",$38.64
1603,Strawberries2 ea,$5.98
1604,ACEBocata Ronda Buns800 g,$5.00
1605,Family Size Garden Salad1 kg,$12.00
1606,"No Name Club PackFudge Bars, Club Pack30x60mL",$7.48
1607,"Eye Of Round Roast, Club Pack",$36.54
1608,"Inside Round Marinating Steak, Club Pack",$16.79
1609,"two-biteCinnamon Rolls, Large Tub510 g",$6.98
1610,"No Name Club PackPeanut Butter, Smooth2 kg",$6.48
1611,"No NameParsley Flakes, Dehydrated85 g",$3.98
1612,"Chicken Breast, Boneless Skinless Club Pack",$23.03
1613,ArlaHavarti Creamy800 g,$15.98
1614,Farmer's MarketWhite Chocolate Chip Cookies798 g,$6.00
1615,PC  Club PackArrowroot Cookies1.40 kg,$9.98
1616,"Maple LeafNatural Selections Smoked Black Forest Ham, Club Pack400 g",$10.00
1617,ACECiabatta Pezzetti Duo Rolls840 g,$5.00
1618,"President's ChoiceCremini Mushrooms, Whole454 g",$3.28
1619,"No NameIce Pops, Club Pack30x75mL",$5.00
1620,President's ChoiceCranberry Cocktail3.78 L,$4.48
1621,"No NameSnack Crackers, Original900 g",$5.00
1622,Quinoa Salad1 ea,$14.00
1623,"Avocado, 5/6-Count1 ea",$2.98
1624,"No NameMarshmallows, Large Club Pack1 kg",$5.48
1625,President's ChoiceMeat Lasagna2.27 kg,$12.00
1626,Farmer's MarketFM CarrotsMini 2LB2 lb bag,$3.98
1627,"No Name Club PackDrawstring Garbage Bags, Large60 ea",$15.98
1628,"PC  Club PackPasta Sauce, Roasted Portobello Mushroom1.80 L",$5.18
1629,President's ChoiceExtra Chunky Medium Salsa1.85 L,$5.68
1630,"No NameShredded Cheese, Medium Cheddar900 g",$11.00
1631,"No NameFried Potatoes, Crinkle Cut2 kg",$3.98
1632,San DanieleSan Daniele Family Pack Prosciutto Slice250 g,$10.00
1633,"Ready BakeMini Sugar Donuts, Club Pack40x15g",$4.00
1634,"No NameScoopable Clumping Cat Litter for Multiple Cats, Extra Scented18 kg",$8.48
1635,"No NameIce Milk, Vanilla, Club Pack4 L",$5.28
1636,"No NameShredded Cheese, Nacho 3 Cheese900 g",$11.00
1637,Hass Avocados Bag1 ea,$2.98
1638,President's ChoiceChicago Mix Popcorn737 g,$6.98
1639,ACERosemary Focaccia Triangle Buns960 g,$5.00
1640,ExactMulti-Purpose Solution2x355mL,$9.98
1641,"Sirloin Tip Steak, Club Pack",$22.55
1642,"KinnikinnickS'moreables, Graham Style Crackers220 g",$4.48
1643,"So NiceOrganic Almond Milk, Unsweetened1.75 L",$3.48
1644,"KinniTOOS, Vanilla Sandwich Crème220 g",$4.48
1645,"KinniTOOS, Chocolate Sandwich Crème220 g",$4.48
1646,"Earths OwnAlmond Fresh, Unsweetened Vanilla1.89 L",$3.48
1647,"Earths OwnAlmond On The Go!, Original3x250mL",$3.48
1648,So NiceBarista Blend Soy Milk 946 mL,$2.48
1649,Enjoy LifeRicemilk Crunch Chocolate Bars32 g,$1.88
1650,"KinnikinnickMontana's Cookies, Chocolate Chip220 g",$4.48
1651,Earths OwnAlmond On The Go! Chocolate3x250mL,$3.48
1652,Earths OwnOat Unsweetened Vanilla Prisma250 mL,$3.48
1653,CaminoSemi-Sweet Baking Chocolate200 g,$7.48
1654,"Earths OwnAlmond Fresh, Original1.89 L",$3.48
1655,"CaminoBaking Chocolate, 100% Cacao Unsweetened200 g",$7.48
1656,"Earths OwnAlmond Fresh, Chocolate1.89 L",$3.48
1657,"Kinninritters, Animal Cookies220 g",$4.48
1658,"So NiceOrganic Almond Milk, Original1.75 L",$3.48
1659,Earths OwnOat Chocolate Prisma250 mL,$3.48
1660,"Earths OwnAlmond Fresh, Vanilla1.89 L",$3.48
1661,CaminoOrganic Unsweetened Shredded Coconut200 g,$3.78
1662,Fortified Almond Beverage Unsweetened Vanilla946 mL,$2.98
1663,Cashew Fresh Original1.89 L,$3.48
1664,SoFresh Oat Fortified Oat Beverage Unsweetened Original946 mL,$2.98
1665,Enjoy LifeBoom Choco Boom Candy Bar Chocolateriz32 g,$1.88
1666,SoFresh Fortified Cashew Beverage Unsweetened Original946 mL,$2.98
1667,CaminoOrganic Whole Brown Sugar1 kg,$7.98
1668,SoFresh Fortified Cashew Beverage Original946 mL,$2.98
1669,"Earths OwnAlmond Fresh, Unsweetened1.89 L",$3.48
1670,"Earths OwnAlmond Fresh, Coconut1.89 L",$3.48
1671,"Earths OwnAlmond Beverage, Unsweetened946 mL",$2.98
1672,Enjoy LifeEnergy Bites Dipped Banana180 g,$6.98
1673,Cocoa CaminoBittersweet Chocolate Chips225 g,$6.28
1674,Cocoa CaminoOrganic Cocoa Powder224 g,$6.48
1675,So NiceSo Nice Fortified Almond Beverage Unsweetened Vanilla Organic Almond1.75 L,$3.48
1676,"YosoCultured Coconut Yogurt, Vanilla440 g",$4.48
1677,"NaturPeanut Butter, Crunchy500 g",$5.48
1678,Chosen FoodsAvocado Oil Mayonnaise355 mL,$15.98
1679,"Kinninritters, Animal Cookies220 g",$4.48
1680,"YosoCultured Coconut Yogurt, Unsweetened440 g",$4.48
1681,"Simply ProteinProtein Bar, Whey Chocolate Mint40 g",$2.98
1682,CapilanoManuka Honey Liquid375 g,$14.98
1683,Crofter'sJust Fruit Spread Organic Raspberry235 mL,$3.98
1684,Chosen FoodsAvocado Oil Spray140 mL,$9.98
1685,"YosoSoygo Yogurt, Multipack6x125g",$5.28
1686,"KinnikinnickS'moreables, Graham Style Crackers220 g",$4.48
1687,Simply ProteinKids Bar Chocolate Brownie 5 x (100 g)100 g,$5.98
1688,"KinniTOOS, Vanilla Sandwich Crème220 g",$4.48
1689,"Crofter'sPremium Spread, Strawberry383 mL",$4.48
1690,Crofter'sOrganic Raspberry Spread383 mL,$4.48
1691,"NaturPeanut Butter, Creamy500 g",$5.48
1692,"Love GrownHot Oats, Blueberry Banana Walnut63 g",$2.28
1693,"KinniTOOS, Chocolate Sandwich Crème220 g",$4.48
1694,"Love GrownHot Oats, Apple Cinnamon63 g",$2.28
1695,Crofter'sJust Fruit Spread Organic Strawberry235 mL,$3.98
1696,Stoked OatsStone Age Bag500 g,$9.98
1697,"Simply ProteinKids Protein Bar, Strawberry Vanilla5x20g",$5.98
1698,Stoked OatsAphrodisi-Oats500 g,$9.98
1699,PC Organics100% Coconut Water1 L,$4.78
1700,NaturPeanut and Cocoa Spread500 g,$7.48
1701,"Simply ProteinWhey Bar, Coconut40 g",$2.98
1702,Chosen FoodsAvocado Oil750 mL,$15.98
1703,"President's ChoiceTortillas, Large Flour334 g",$2.98
1704,"President's ChoiceSalsa, Mild430 mL",$1.98
1705,"President's ChoiceCremini Mushrooms, Sliced227 g",$2.48
1706,"No NameSalsa, Mild430 mL",$2.48
1707,"President's ChoiceSalsa, Hot430 mL",$1.98
1708,Old El PasoTaco Shells191 g,$3.28
1709,"Lean Ground Beef, Club Pack",$25.82
1710,Red Peppers    ,$1.58
1711,White Onion,$1.62
1712,Old El PasoSmart Fiesta Tortillas311 g,$3.28
1713,Spanish Onion,$1.44
1714,"Old El PasoTaco Sauce, Mild215 mL",$3.28
1715,"No NameSour Cream, Light 5%250 mL",$1.25
1716,"Gay LeaSour Cream, Regular 14%250 mL",$2.48
1717,"President's ChoiceExtra Chunky Salsa, Medium 650 mL",$1.98
1718,"No NameSour Cream, Regular 14%500 mL",$1.98
1719,President's ChoiceTaco Shells156 g,$2.68
1720,"No NameSour Cream, Light 5%500 mL",$1.98
1721,Old El PasoSoft Taco Dinner Kit400 g,$3.48
1722,President's ChoiceTaco Kit286 g,$3.88
1723,"No NameSour Cream, Fat Free 1%500 mL",$1.98
1724,President's ChoiceSweet Corn Medium Salsa300 mL,$1.98
1725,"President's ChoiceSour Cream, Lactose Free500 mL",$2.98
1726,President's ChoiceOriginal Tortillas340 g,$2.98
1727,Hass Avocado1 ea,$1.68
1728,"President's ChoiceWhite Corn & Black Beans Salsa, Mild650 mL",$1.98
1729,"No NameShredded Cheese, Medium Cheddar900 g",$11.00
1730,"Old El PasoThick n' Chunky Salsa, Mild650 mL",$3.48
1731,President's ChoiceWhite Mushrooms454 g,$3.28
1732,"Old El PasoTaco Sauce, Hot215 mL",$3.28
1733,"Gay LeaSour Cream, Fat Free 1%500 mL",$2.98
1734,Romaine Lettuce1 ea,$2.98
1735,"Greenhouse Peppers, Orange",$1.58
1736,"Greenhouse Peppers, Yellow",$1.64
1737,Lettuce Iceberg1 ea,$2.98
1738,President's ChoiceExtra Chunky Hot Salsa2 L,$7.58
1739,"Old El PasoHard Taco Dinner Kit, Extra Mild330 g",$3.48
1740,"Old El PasoThick n' Chunky Salsa, Medium    650 mL",$3.48
1741,"President's ChoiceSalsa, Mild650 mL",$1.98
1742,PC Black LabelOriginal Salsa430 mL,$1.98
1743,Club House25% Less Salt & Gluten Free Taco Seasoning Mix35 g,$1.48
1744,President's ChoiceSoft Taco Kit427 g,$3.88
1745,Tomato Beefsteak  Red,$1.76
1746,"Gay LeaSour Cream, Regular 14%500 mL",$2.98
1747,Sweet Onion,$2.01
1748,"President's ChoiceSoft Tortillas, Medium297 g",$2.98
1749,"President's ChoiceWhite Mushrooms, Sliced227 g",$2.48
1750,"No NameShredded Cheese, Nacho 3 Cheese900 g",$11.00
1751,Cantaloupe1 ea,$1.98
1752,Blueberries340 g,$4.98
1753,Savoy Cabbage,$2.70
1754,Celery Stalks1 ea,$2.98
1755,Cauliflower1 ea,$3.98
1756,Purple Eggplants,$2.49
1757,Broccoli Crowns,$2.50
1758,"Carrots, Bunched1 bunch",$2.48
1759,Zucchini,$1.53
1760,Red Peppers    ,$1.58
1761,Red Leaf Lettuce1 ea,$2.98
1762,Red Cabbage,$2.87
1763,Romaine Lettuce1 ea,$2.98
1764,"Greenhouse Peppers, Orange",$1.58
1765,"Greenhouse Peppers, Yellow",$1.64
1766,Lettuce Iceberg1 ea,$2.98
1767,Farmer's MarketSweet Baby Peppers4 Pack,$3.98
1768,Kohlrabi,$2.14
1769,Farmer's MarketFM English Cucumber 3Ct3 Pack,$3.98
1770,Radishes1 bunch,$1.48
1771,Green Beans,$0.33
1772,Farmer's MarketMini Cucumbers6 Pack,$3.98
1773,Red Swiss Chard1 ea,$3.48
1774,Green Leaf Lettuce1 ea,$2.98
1775,English Cucumber1 ea,$1.68
1776,Green Cabbage,$2.52
1777,Sweet Green Peppers,$1.84
1778,Broccoli1 ea,$1.98
1779,Green Onion1 bunch,$1.48
1780,"Spinach, Bunched1 ea",$1.98
1781,Kale1 ea,$1.98
1782,Savoy Cabbage,$2.70
1783,Celery Stalks1 ea,$2.98
1784,Cauliflower1 ea,$3.98
1785,Purple Eggplants,$2.49
1786,Broccoli Crowns,$2.50
1787,"Carrots, Bunched1 bunch",$2.48
1788,Zucchini,$1.53
1789,Red Peppers    ,$1.58
1790,Red Leaf Lettuce1 ea,$2.98
1791,Red Cabbage,$2.87
1792,Romaine Lettuce1 ea,$2.98
1793,"Greenhouse Peppers, Orange",$1.58
1794,"Greenhouse Peppers, Yellow",$1.64
1795,Lettuce Iceberg1 ea,$2.98
1796,Farmer's MarketSweet Baby Peppers4 Pack,$3.98
1797,Kohlrabi,$2.14
1798,Farmer's MarketFM English Cucumber 3Ct3 Pack,$3.98
1799,Radishes1 bunch,$1.48
1800,Green Beans,$0.33
1801,Farmer's MarketMini Cucumbers6 Pack,$3.98
1802,Red Swiss Chard1 ea,$3.48
1803,Green Leaf Lettuce1 ea,$2.98
1804,English Cucumber1 ea,$1.68
1805,Green Cabbage,$2.52
1806,Sweet Green Peppers,$1.84
1807,Broccoli1 ea,$1.98
1808,Green Onion1 bunch,$1.48
1809,"Spinach, Bunched1 ea",$1.98
1810,Kale1 ea,$1.98
1811,Savoy Cabbage,$2.70
1812,Celery Stalks1 ea,$2.98
1813,Cauliflower1 ea,$3.98
1814,Purple Eggplants,$2.49
1815,White Mushrooms,$0.26
1816,Italian Parsley1 ea,$1.48
1817,Cilantro1 ea,$0.98
1818,"President's ChoiceWhite Mushrooms, Whole227 g",$2.28
1819,"President's ChoiceCremini Mushrooms, Whole227 g",$2.28
1820,Tomato Beefsteak  Red,$1.76
1821,President's ChoiceWhite Mushrooms454 g,$3.28
1822,Curly Parsley1 ea,$1.48
1823,Villagio Marzano Tomatoes681 g,$6.98
1824,Tomato on the Vine Red,$5.45
1825,White Mushrooms,$0.26
1826,Italian Parsley1 ea,$1.48
1827,Cilantro1 ea,$0.98
1828,"President's ChoiceWhite Mushrooms, Whole227 g",$2.28
1829,"President's ChoiceCremini Mushrooms, Whole227 g",$2.28
1830,Tomato Beefsteak  Red,$1.76
1831,President's ChoiceWhite Mushrooms454 g,$3.28
1832,Curly Parsley1 ea,$1.48
1833,Villagio Marzano Tomatoes681 g,$6.98
1834,Tomato on the Vine Red,$5.45
1835,White Mushrooms,$0.26
1836,Italian Parsley1 ea,$1.48
1837,Cilantro1 ea,$0.98
1838,"President's ChoiceWhite Mushrooms, Whole227 g",$2.28
