,Item,Price
0,Yellow Peaches,$1.31
1,Mango1 case,$12.98
2,Tomato on the Vine Red,$3.88
3,Farmer's MarketYellow Potato 10LB10 lb bag,$6.97
4,Red Grapefruit1 ea,$1.98
5,Rutabaga,$4.48
6,PC OrganicsPortobello Mushrooms2 Pack,$3.98
7,Organic Blueberries0.50 pint,$5.98
8,"Pistachios, Roasted Salted450 g",$10.98
9,President's ChoiceRoasted Salted Peanuts454 g,$3.00
10,Organic English Cucumber1 ea,$2.48
11,Farmer's MarketMandarin Orange 1.5LBs681 g,$3.00
12,Romano Beans,$0.22
13,Organic Limes1 lb bag,$3.98
14,White Potatoes,$1.57
15,Deluxe Bean Salad,$4.27
16,No NameOnion4.54 kg,$3.98
17,"Plantains, Single",$0.57
18,Nectarines,$0.92
19,Rainbow Kale Coleslaw,$7.92
20,Farmer's MarketRed Onions3 lb bag,$3.98
21,President's ChoiceSweet Baby Lettuces0.14 kg,$3.98
22,Dried Turkish Apricots200 g,$2.98
23,Italian Eggplants,$1.58
24,Organic Green Zucchini1 ea,$4.48
25,Chinese Bitter Melons,$1.45
26,Drumstick1 ea,$0.78
27,Baby Bok Choy,$2.88
28,President's ChoiceLady Alice Apples,$1.09
29,PC OrganicsField Greens312 g,$5.00
30,President's ChoiceKent Mango1 ea,$1.98
31,Fenugreek1 ea,$1.48
32,Red Peppers    ,$2.10
33,Canary Melons,$2.12
34,Pummelos1 lb bag,$2.98
35,President's ChoiceFrench Bean400 g,$3.98
36,"Artichokes, Large (Pack)1 ea",$2.48
37,Jalapeno Peppers,$0.33
38,Avocado1 ea,$1.98
39,"Portobello Mushrooms, Bulk",$1.32
40,Roma Tomatoes1 ea,$6.98
41,"Salad, Multi Grain",$5.17
42,Summer FreshSeven Grain Salad264 g,$4.98
43,DoleRanch Salad Kit347 g,$3.98
44,Radicchio,$2.04
45,Chick Pea/Artichoke/Sundried Tomato Salad,$6.73
46,Tangerine,$1.97
47,Ataulfo Mango1 case,$24.99
48,Italian Eggplants,$1.58
49,Green Onion1 bunch,$1.48
50,Lettuce Trio350 g,$2.48
51,Peaches,$1.05
52,Creamy Rotini Salad1.10 kg,$10.00
53,President's ChoiceChopped Romaine0.91 kg,$4.48
54,AmiraDried Apricots454 g,$4.58
55,Kiwis1 kg,$3.98
56,BolthouseGreen Goodness1.54 L,$6.98
57,Naseberry.Chikoo,$5.47
58,No NameBrown Mushrooms680 g,$4.98
59,President's ChoiceButternut Squash Vegetable Noodles0.23 kg,$3.98
60,Green Swiss Chard1 ea,$3.98
61,Summer FreshPad Thai Salad300 g,$3.98
62,Blackberries1 pint,$4.98
63,Jicama,$3.96
64,"French, Yellow Beans400 g",$4.48
65,"Fruit Salad, Small",$6.90
66,Quinoa Salad1 ea,$14.00
67,DoleUltimate Caesar Kit252 g,$4.98
68,Romaine Heart 3 pk3 Pack,$4.98
69,Broccoli Cashew Crunch Salad,$4.95
70,Farmer's MarketMixed Mini Potatoes5 lb bag,$6.98
71,Pearl Onion250 g,$2.98
72,President's ChoiceEasy To Peel Orri Mandarin Oranges907 g,$4.98
73,No NameImperfect Apples6 lb,$5.98
74,Farmer's MarketYellow Potato 10LB10 lb bag,$6.97
75,Cilantro,$2.61
76,PC OrganicsGala Apples3 lb bag,$4.98
77,PC OrganicsOrganic Ginger160 g,$2.98
78,Santa Claus Melons,$7.03
79,BolthouseStrawberry Banana1.54 L,$6.98
80,Ambrosia Apples,$0.61
81,Spaghetti Squash,$4.11
82,Celery Stalks1 ea,$1.77
83,New StarSpinach Plus Baby Kale376 g,$4.98
84,PC OrganicsPink Lady Apples3 lb Bag,$4.98
85,Coconuts1 ea,$1.48
86,PC OrganicsHass Avocados3 Pack,$5.98
87,Mandarin Sumo,$1.84
88,DoleGreek Chopped Salad Kit293 g,$3.98
89,President's ChoiceZucchini Vegetable Noodles0.23 g,$3.48
90,"Gourmet GardenLightly Dried, Parsley Bowl10 g",$4.98
91,"Artichokes, Large (Pack)1 ea",$2.48
92,Bean Sprouts454 g,$1.98
93,Mandarin Oranges,$1.12
94,ReneesMighty Caesar Dressing42 g,$0.50
95,Parsnip,$1.37
96,PC OrganicsGrape Tomatoes280 g,$2.97
97,PC OrganicsBroccoli Florets284 g,$4.48
98,Red Peppers    ,$2.10
99,Hot Finger Peppers,$0.17
100,Vanilla Persimmons1 ea,$1.28
101,President's ChoiceButternut Squash Vegetable Noodles0.23 kg,$3.98
102,"Greenhouse Peppers, Orange",$2.10
103,Avalantino Tomato454 g,$2.98
104,President's ChoiceLady Alice Apples,$1.09
105,Green Peppers1 ea,$2.98
106,President's ChoiceAdora Seedless® black grapes,$12.02
107,President's ChoiceNavel Oranges Cara Cara3 lb bag,$5.98
108,Villagio Marzano Tomatoes681 g,$6.98
109,Coconuts1 ea,$1.48
110,Brussels Sprouts,$0.44
111,Taiwanese Cabbage,$4.43
112,"Avocado, 5/6-Count1 ea",$3.97
113,1/2 Melon,$8.87
114,PC OrganicsGranny Smith Apples,$1.04
115,Farmer's MarketRed Potatoes5 lb bag,$3.98
116,"Papaya, Ripe & Ready",$3.67
117,Organic English Cucumber1 ea,$3.54
118,"Fruit Salad, Small",$6.90
119,PC OrganicsOrganic Green Onions1 bunch,$1.68
120,Limes1 ea,$0.68
121,Honeydew Melon1 ea,$5.98
122,Gai Lan,$3.12
123,Baby Eggplants (1pack),$2.75
124,Ambrosia Apples,$0.61
125,Farmer's MarketYellow Potato 10LB10 lb bag,$6.97
126,Navel Orange,$1.53
127,Yu Choy,$3.81
128,Red Delicious Apples,$0.92
129,"Fresh Fruit, Strawberry Kiwi Large",$10.93
130,President's ChoiceEasy To Peel Orri Mandarin Oranges907 g,$4.98
131,President's ChoiceSun-Dried Tomatoes85 g,$1.98
132,Organic Blueberries0.50 pint,$5.98
133,SunRidge FarmsRomaine Hearts6 Pack,$4.98
134,Fresno Peppers113 g,$3.98
135,PC OrganicsField Greens & Baby Spinach312 g,$5.00
136,Chayote Squash1 ea,$0.88
137,Red Cabbage,$2.85
138,Yellow Onion1 case,$7.49
139,CUTECUMBER POPPERS 454GR454 g,$4.48
140,Ziggy'sPasta Salad Mediterranean Style340 g,$2.48
141,Dill Baby Bunched1 ea,$2.98
142,Jalapeno Peppers,$0.33
143,Red Swiss Chard1 ea,$3.98
144,Mango1 case,$12.98
145,Asparagus,$2.55
146,Chinese Okra,$0.99
147,Santa Claus Melons,$7.03
148,Celery Stalks1 ea,$1.77
149,Blackberries 1/2 Pint0.50 pint,$3.98
150,PC OrganicsRed Potatoes3 lb bag,$3.98
151,President's ChoiceSun-Dried Tomatoes85 g,$1.98
152,Hass Avocados Bag1 ea,$3.97
153,Turnips,$1.66
154,Red Seedless Grapes,$2.75
155,President's ChoiceBlood Oranges907 g,$4.98
156,Red Grapefruit1 ea,$1.98
157,"Spinach, Bunched1 ea",$1.48
158,Green Seedless Grapes,$8.95
159,President's ChoiceGarden Salaad1.36 kg,$5.97
160,Happy PlanetFraser Valley Mushroom 500 mL,$5.30
161,President's ChoiceStrawberries 12OZ340 g,$3.98
162,PC OrganicsGrape Tomatoes255 g,$3.97
163,Farmer's MarketFM Grape Tomato Pint1 pint,$3.98
164,Sweet Potato5 lb,$6.97
165,Organic Broccoli Crowns,$2.75
166,Green Swiss Chard1 ea,$3.98
167,Radishes1 bunch,$1.48
168,PC OrganicsRusset Potatoes3 lb bag,$3.98
169,"Navel Orange, Medium",$0.73
170,Farmer's MarketFM Grape Tomato 907g908 g,$6.98
171,Cilantro1 ea,$0.68
172,Farmer's MarketAmbrosia Apples5 lb bag,$4.98
173,PC OrganicsGranny Smith Apples3 lb bag,$5.98
174,Avocado,$3.24
175,Sweet Potato,$2.33
176,DoleAsian Island Crunch303 g,$4.98
177,Deluxe Neptune Salad,$4.82
178,Mandarin Oranges3 lb bag,$4.98
179,Gourmet GardenLightly Dried Basil12 g,$4.98
180,Blueberries0.50 pint,$4.98
181,"Onions, Medium22.68 kg",$19.98
182,Farmer's MarketRed Potatoes5 lb bag,$3.98
183,Romaine Lettuce1 ea,$2.98
184,PINEAPPLE HONEYGLOW1 ea,$5.98
185,PC OrganicsSweet Potatoes3 lb bag,$5.98
186,Ziggy'sCreamy Green Coleslaw454 g,$2.48
187,Jalapeno Peppers,$0.33
188,"President's ChoiceCremini Mushrooms, Sliced454 g",$3.98
189,PC OrganicsOrganic Clementines2 lb bag,$6.98
190,Solo Papaya1 ea,$5.98
191,"PC Blue MenuBlue Menu Pistachios, No Salt280 g",$5.00
192,Farmer's MarketWhite Potatoes10 lb bag,$4.98
193,Red Grapefruit1 ea,$1.28
194,Organic Green Cabbage,$6.48
195,Shallots350 g,$2.98
196,Organic Grape Tomatoes680 g,$7.98
197,Brussels Sprouts,$0.44
198,TOMATO SAVOURA ORG SALADIO500 g,$3.98
199,President's ChoiceWhite Mushrooms454 g,$3.28
200,Red Onion,$1.62
201,Organic Beet Bunch699 g,$3.98
202,BolthouseAmazing Mango1.54 L,$6.98
203,Radishes454 g,$2.48
204,Farmer's MarketFM Carrots  3LB3 lb bag,$2.98
205,Chick Pea Artichoke Sundried Tomato1100 g,$14.00
206,Green Cabbage,$2.52
207,Orangic Asparagus340 g,$3.98
208,"President's ChoiceCremini Mushrooms, Sliced227 g",$2.48
209,"Bi-Colour Corn, Corn on the Cob1 ea",$0.58
210,Farmer's MarketGala Apples4 lb Bag,$5.98
211,Bard Valley Natural Delights Pitted Medjool Dates340 g,$8.98
212,PC OrganicsField Greens Salad Mix142 g,$4.98
213,Raspberry Banana Parfait290 g,$3.00
214,Okra,$0.44
215,Ginger,$0.92
216,"Fruit Salad, Small",$6.90
217,Chinese Cabbage,$2.42
218,President's ChoiceEasy To Peel Orri Mandarin Oranges907 g,$4.98
219,Original Greek Salad,$4.95
220,President's ChoiceNavel Oranges Cara Cara3 lb bag,$5.98
221,Gourmet GardenCilantro Stir-In Paste115 g,$4.98
222,Ziggy'sCreamy Green Coleslaw454 g,$2.48
223,No NameSweet Potato4540 g,$4.98
224,Navel Orange,$1.53
225,Organic Green Kale1 ea,$2.98
226,Yellow Peaches907 g,$4.98
227,PC OrganicsField Greens & Baby Spinach312 g,$5.00
228,Farmer's MarketFM CarrotsMini 2LB2 lb bag,$3.98
229,"Green House Tomato, Beef Red454 g",$2.98
230,BNDL ASIAN STYLE BOWL 184G184 g,$3.48
231,Villagio Marzano Tomatoes681 g,$6.98
232,Green Onion1 bunch,$1.48
233,President's ChoiceRomaine Salad0.26 kg,$2.98
234,Envy Apples,$1.09
235,Vietnamese Basil,$1.94
236,Fuji Apples,$1.31
237,Italian Parsley1 ea,$1.48
238,Pearl Onion250 g,$2.98
239,Blackberries 1/2 Pint0.50 pint,$3.98
240,Kiwi907 g,$3.99
241,Pineapple1 ea,$2.98
242,"Bananas, Bunch",$1.45
243,President's ChoiceVariety Pack Tomatoes680 g,$5.00
244,Chayote Squash1 ea,$0.88
245,Chinese Bitter Melon,$1.44
246,President's ChoiceBaby Spinach0.14 kg,$3.98
247,"Caesar Salad, Small No Bacon",$15.62
248,President's ChoiceThai Noodle with Chicken Salad,$5.35
249,Palmer Mango1 ea,$3.98
250,Long Eggplants,$0.54
251,Farmer's MarketNavel Oranges3 lb bag,$4.98
252,PC OrganicsPCO Rosemary 20G20 g,$2.48
253,"Harvest Salad, Small",$6.70
254,BolthouseGreen Goodness1.54 L,$6.98
255,PC OrganicsBaby Spinach142 g,$4.48
256,BolthouseBerry Boost946 mL,$5.98
257,DoleSesame Ginger Chopped Salad381 g,$3.97
258,President's ChoiceBrussel Sprouts907 g,$6.98
259,ReneesMighty Caesar Dressing42 g,$0.50
260,Black Plums,$0.55
261,Kohlrabi,$2.14
262,Yellow Nectarine907 g,$4.98
263,Fresh Fruit Snack Cup220 g,$3.00
264,Baby Bok Choy Jr,$2.93
265,Caesar Salad with Chicken and Bacon174 g,$3.48
266,PC OrganicsHass Avocados3 Pack,$5.98
267,Breadfruit,$5.11
268,Almonds,$15.39
269,Thai Banana,$3.26
270,Acorn Squash,$2.74
271,Taylor FarmsSweet Kale Chopped Salad Kit0.34 kg,$4.98
272,"Chinese Carrots, Jumbo",$1.44
273,Hass Avocado1 ea,$1.98
274,Red Seedless Grapes907 g,$5.98
275,Jamaican Thyme,$2.31
276,Ziggy'sMacaroni Salad1.25 kg,$4.98
277,Farmer's MarketFM English Cucumber 3Ct3 Pack,$3.98
278,Bartlett Pears,$0.92
279,Eat SmartEat Smart Wild Greens & Quinoa Salad Kit 255 g,$5.98
280,Farmer's MarketWhite Potatoes/Russet 10LB10 lb bag,$4.98
281,PC OrganicsRusset Potatoes3 lb bag,$3.98
282,President's ChoiceArugula0.14 kg,$3.98
283,Indian Okra,$2.92
284,Farmer's MarketSweet Baby Peppers4 Pack,$3.98
285,Radishes1 bunch,$1.48
286,PC OrganicsRed Potatoes3 lb bag,$3.98
287,Potato Baking Tray1 ea,$3.98
288,Organic Gala Apples,$1.20
289,English Cucumber1 ea,$1.48
290,Avalantino Tomato454 g,$2.98
291,"Grapes, Red Globe",$5.36
292,Fresno Peppers113 g,$3.98
293,Taylor FarmsGinger Garlic Saute Kit0.71 kg,$6.98
294,Fresh AttitudeFresh Attitude Caesar Blend175 g,$4.98
295,Organic Honeydew Melon1 ea,$4.98
296,PC OrganicsPortobello Mushrooms2 Pack,$3.98
297,Eat SmartStrawberry Harvest Vegetable Salad Kit283 g,$5.98
298,Blackberries1 pint,$4.98
299,"Caesar Salad, Small",$3.79
300,PC OrganicsCremini Mushrooms227 g,$2.48
301,"President's ChoiceWhite Mushrooms, Sliced454 g",$3.98
302,Raspberry Banana Parfait290 g,$3.00
303,PC OrganicsPCO Rosemary 20G20 g,$2.48
304,"Bananas, Bunch1 Case",$29.98
305,Buttercup Squash,$6.67
306,PC OrganicsField Greens Salad Mix142 g,$4.98
307,"Green House Tomato, Beef Red454 g",$2.98
308,Thai Green Peppers113 g,$3.98
309,Farmer's MarketMini Cucumbers6 Pack,$3.98
310,Shanghai Bok Choy,$2.80
311,Sweet Potato5 lb,$6.97
312,Farmer's MarketGreenhouse Peppers1 ea,$3.98
313,Rapini1 ea,$3.47
314,Lemon1 ea,$0.77
315,Lo Bok,$2.01
316,PC OrganicsCooking Onions907 g,$2.97
317,Chinese Cabbage,$2.42
318,Bean Sprouts    340 g,$1.78
319,PC OrganicsArugula Spinach142 g,$4.98
320,Greek Pasta Salad1 ea,$14.00
321,Red Potatoes20 lb bag,$8.98
322,DoleSesame Ginger Chopped Salad381 g,$3.97
323,No NameLimes907 g,$4.98
324,Fennel1 ea,$3.98
325,Organic Blackberries0.50 pint,$5.98
326,Yellow Nectarine907 g,$4.98
327,President's ChoiceCauliflower Florets340 g,$4.97
328,President's ChoiceRoasted Pistachios280 g,$5.00
329,Organic Strawberries454 g,$4.98
330,Orange Cauliflower1 ea,$2.96
331,Cilantro1 ea,$0.68
332,"President's ChoicePistachios, Roasted620 g",$12.98
333,MannsSnap Peas425 g,$5.98
334,Fresh Fruit Snack Cup220 g,$3.00
335,Ziggy'sCreamy Potato Salad1.25 kg,$4.98
336,Farmer's MarketYellow Potato 10LB10 lb bag,$6.97
337,Red Leaf Lettuce1 ea,$2.98
338,Red Seeded Watermelon1 ea,$11.98
339,White Mushrooms,$0.26
340,Greek Pasta Salad1 ea,$14.00
341,PC OrganicsGrape Tomatoes255 g,$3.97
342,Farmer's MarketMini Cucumbers6 Pack,$3.98
343,President's ChoiceGarden Salad0.34 kg,$2.48
344,Earthbound Farms OrganicFresh Organic Caesar Chopped Salad Kit254 g,$4.98
345,"Eat SmartVegetable Salad Kit, Sweet Kale680 g",$5.96
346,"Date Rolls, Almond340 g",$6.98
347,Cauliflower Florets,$4.17
348,"Sweet Kale Salad, Family Size1 ea",$15.00
349,President's ChoiceWhole Cremini Mushrooms200 g,$2.28
350,"Medjool Cacao Dates, Pecan Roll340 g",$7.98
351,President's ChoiceGreen Beans340 g,$3.98
352,"California Salad, Small",$3.08
353,Gourmet GardenLemongrass Stir-In Paste115 g,$4.98
354,Lettuce Iceberg1 ea,$2.98
355,Family Size Greek Salad1 kg,$12.00
356,PC OrganicsPortobello Sliced Mushrooms170 g,$3.98
357,Bosc Pears,$1.11
358,Orange Cauliflower1 ea,$2.96
359,No NameNaturally Imperfect Apples3.60 kg,$6.98
360,Farmer's MarketNavel Oranges2.27 kg,$5.98
361,Organic Cauliflower1 ea,$4.98
362,Butternut Squash,$5.25
363,President's ChoiceCocktail Tomatoes340 g,$2.98
364,White Peaches,$0.99
365,Red Field Peppers1 ea,$3.98
366,"PC OrganicsKale, Chard, Spinach Salad Mix142 g",$4.98
367,White Potatoes,$1.57
368,"Cobb Salad, Small",$7.26
369,President's ChoiceBaby Spinach0.31 kg,$4.48
370,Reser'sCrunchy Coleslaw425 g,$2.98
371,PC OrganicsPCO Thyme 20G20 g,$2.48
372,"President's ChoiceWhite Mushrooms, Sliced454 g",$3.98
373,Yellow Caribe Peppers226 g,$3.47
374,"Spinach, Bunched1 ea",$1.48
375,Bolthouse100% Carrot946 mL,$5.98
376,PC OrganicsBaby-Cut Carrots2 lb,$4.98
377,Cremini Mushrooms,$0.26
378,Farmer's MarketMcIntosh Apples5 lb bag,$6.98
379,"Caesar Salad, Small",$3.79
380,"Chicken BLT Salad, Small",$4.75
381,Organic Cantaloupe1 ea,$3.98
382,Strawberries2 ea,$6.98
383,Grey Zucchini,$1.31
384,Ginger,$0.92
385,"Greenhouse Peppers, Orange",$2.10
386,PC OrganicsField Greens312 g,$5.00
387,Guava650 g,$3.98
388,Black Plums,$0.55
389,Thai Green Chili Peppers,$1.28
390,Dill Weed for Pickling1 ea,$1.98
391,Thai Green Peppers113 g,$3.98
392,Pink Lady Apples5 lb bag,$6.98
393,Sweet Green Peppers,$1.84
394,PC OrganicsOrganic Clementines2 lb bag,$6.98
395,Anjou Pears,$1.21
396,Farmer's MarketFM Grape Tomato 907g908 g,$6.98
397,Roma Tomatoes1 ea,$6.98
398,Mission Figs227 g,$3.98
399,Red Peppers    ,$2.10
400,Yellow Caribe Peppers226 g,$3.47
401,Organic Bartlett Pears3 lb bag,$5.98
402,Green Swiss Chard1 ea,$3.98
403,Hass Avocado1 ea,$1.98
404,"Grapes, Red Globe",$5.36
405,Poblano Peppers226 g,$3.47
406,Deluxe Bean Salad,$4.27
407,White Sweet Potato,$2.19
408,"PC OrganicsOrganic Bananas, Bunch",$2.35
409,"Eggplant, Baby",$0.55
410,Baby Bok Choy,$2.88
411,Grey Zucchini,$1.31
412,Greek Mix with Toppings185 g,$4.98
413,White Onion,$1.62
414,President's ChoicePortobello Mushroom Caps4 Pack,$4.98
415,English Cucumber1 ea,$1.48
416,"Avocado, 5/6-Count1 ea",$3.97
417,Leeks1 bunch,$4.98
418,Bard Valley Natural Delights Pitted Medjool Dates340 g,$8.98
419,Small Sweet Kale Salad,$8.80
420,Envy Apples,$1.09
421,Reser'sPotato Salad1250 g,$5.98
422,Fresh Fruit Snack Cup220 g,$3.00
423,"Gourmet GardenLightly Dried, Ginger Bowl220 g",$4.98
424,PC OrganicsCremini Sliced Mushrooms227 g,$2.68
425,PEPPERS MINI SEEDLESS 227G227 g,$3.98
426,PC OrganicsField Greens & Baby Spinach312 g,$5.00
427,Canary Melons,$2.12
428,Organic Leeks1 bunch,$3.98
429,Anaheim Peppers170 g,$3.47
430,Yellow Asian Pears,$1.61
431,Romaine Heart 3 pk3 Pack,$4.98
432,President's ChoiceBrussel Sprouts907 g,$6.98
433,ReneesMighty Caesar Dressing42 g,$0.50
434,Black Plums,$0.55
435,Kohlrabi,$2.14
436,Yellow Nectarine907 g,$4.98
437,Baby Bok Choy Jr,$2.93
438,Farmer's MarketMixed Mini Potatoes5 lb bag,$6.98
439,"Grapes, Red Globe",$5.36
440,Soursop,$5.16
441,Mixed Melon,$2.63
442,Cubanelle Peppers,$1.49
443,PC OrganicsOrganic Green Onions1 bunch,$1.68
444,Cortland Apples,$0.78
445,Small Sweet Kale Salad,$8.80
446,Pineapple1 ea,$2.98
447,"Bananas, Bunch",$1.45
448,"Black Figs, Case (Case)1 ea",$10.98
449,White Peaches,$0.99
450,"French, Yellow Beans400 g",$4.48
451,Pink Lady Apples,$0.92
452,"Papaya, Ripe & Ready",$3.67
453,PC OrganicsGarlic115 g,$2.98
454,Organic Raspberries0.50 pint,$3.98
455,Kiwi907 g,$3.99
456,Sweet Potato,$2.33
457,Yellow Nectarines,$0.92
458,Earthbound Farms OrganicFresh Organic Chopped Salad Southwest Kit254 g,$4.98
459,DoleUltimate Caesar Kit252 g,$4.98
460,Fresh Pineapple & Strawberries,$6.86
461,Rutabaga2.27 kg,$2.98
462,Lettuce Iceberg1 ea,$2.98
463,"Happy PlanetFruit Smoothie, Extreme C900 mL",$4.98
464,Gourmet GardenGourmet Garden Chili Pepper Lightly Dried22 g,$0.94
465,PC OrganicsBaby-Cut Carrots1 lb Bag,$2.98
466,Bombay Chicken Salad,$5.35
467,Parsnips1 lb bag,$2.98
468,Organic Lemons2 lb bag,$3.98
469,PC OrganicsBaby Arugula142 g,$4.48
470,Ziggy'sCreamy Potato Salad454 g,$2.48
471,President's ChoiceShelled English Peas283 g,$5.48
472,Tuna Salad,$2.95
473,President's ChoicePCO Mint 20G20 g,$1.98
474,Blackberries1 pint,$4.98
475,PC OrganicsPink Lady Apples3 lb Bag,$4.98
476,PC OrganicsShiitake Mushrooms100 g,$3.98
477,DoleBountiful Triple Quinoa Kit0.24 kg,$4.98
478,"Cobb Salad, Small",$7.26
479,"President's ChoiceReady Veggie, Kale Blend340 g",$5.48
480,Kumato Tomatoes454 g,$3.98
481,Summer FreshGreek Pasta Salad300 g,$3.98
482,POM Wonderful100% Pomegranate Juice1.40 L,$11.98
483,President's ChoiceBaby Spinach0.31 kg,$4.48
484,SunkistNavel Oranges8 lb bag,$3.98
485,Ziggy'sPotato & Egg Salad1.25 kg,$4.98
486,Earthbound Farms OrganicFresh Organic Caesar Chopped Salad Kit254 g,$4.98
487,Organic Mango1 ea,$2.49
488,Thai Green Peppers113 g,$3.98
489,Coconuts1 ea,$1.48
490,President's ChoiceBroccoli Florets340 g,$3.98
491,DoleRanch Salad Kit347 g,$3.98
492,Radicchio,$2.04
493,Bok Choy,$1.73
494,Green Beans,$0.27
495,Chick Pea/Artichoke/Sundried Tomato Salad,$6.73
496,Tangerine,$1.97
497,President's ChoiceBlood Oranges907 g,$4.98
498,Yellow Yams,$3.29
499,Organic Butternut Squash,$7.77
500,President's ChoiceVegetable Medley907 g,$6.98
501,Farmer's MarketYellow Onions3 lb bag,$2.48
502,"Sweet Kale Salad, Family Size1 ea",$15.00
503,Canary Melons,$2.12
504,"Cobb Salad, Small",$7.26
505,"President's ChoiceReady Veggie, Kale Blend340 g",$5.48
506,DoleUltimate Caesar Kit252 g,$4.98
507,Summer FreshPasta Italiano in a Sweet Balsamic Vinaigrette Medium800 g,$6.98
508,Ataulfo Mango1 ea,$0.98
509,Lettuce Iceberg1 ea,$2.98
510,Large Fruit Platter with Dip2.20 kg,$16.00
511,Ziggy'sCreamy Green Coleslaw1.25 kg,$4.98
512,Shanghai Bok Choy Jr.,$2.62
513,"Happy PlanetFruit Smoothie, Extreme C900 mL",$4.98
514,Earthbound Farms OrganicFresh Organic Asian Chopped Salad Kit254 g,$4.98
515,Gourmet GardenGourmet Garden Chili Pepper Lightly Dried22 g,$0.94
516,President's ChoicePCO Mint 20G20 g,$1.98
517,Sweet Potato,$2.33
518,Yellow Nectarines,$0.92
519,Blackberries1 pint,$4.98
520,Earthbound Farms OrganicFresh Organic Chopped Salad Southwest Kit254 g,$4.98
521,PC OrganicsPink Lady Apples3 lb Bag,$4.98
522,PC OrganicsShiitake Mushrooms100 g,$3.98
523,DoleBountiful Triple Quinoa Kit0.24 kg,$4.98
524,Ziggy'sPotato & Egg Salad454 g,$2.48
525,Matchstick Carrots283 g,$1.98
526,DoleSunflower Bacon Crunch Chopped Salad Kit346 g,$3.98
527,BolthouseAmazing Mango946 mL,$5.98
528,Yellow Yams,$3.29
529,PC OrganicsAmbrosia Apple,$1.15
530,"Snack Cup, Veggies & Dip200 g",$3.00
531,Earthbound Farms OrganicFresh Organic Sweet Chopped Kale Salad Kit254 g,$4.98
532,Green Leaf Lettuce1 ea,$2.98
533,Greek Chicken Salad,$4.40
534,Purple Eggplants,$3.12
535,BolthouseStrawberry Banana1.54 L,$6.98
536,"Greek Salad, Small",$4.98
537,Ziggy'sMacaroni Salad454 g,$2.48
538,Mini Seedless Watermelon1 ea,$2.98
539,President's ChoiceGarden Salad0.34 kg,$2.48
540,BolthouseMocha Cappuccino946 mL,$5.98
541,Egg Salad,$3.17
542,Roasted Corn & Pepper Quinoa,$8.32
543,President's ChoiceButton Mushrooms227 g,$2.98
544,PC OrganicsWhite Mushrooms227 g,$1.98
545,Reser'sRed Skin Potato Salad1.81 kg,$6.28
546,DoleCaesar Chopped Salad Kit306 g,$3.98
547,Roma Tomatoes,$0.79
548,Bombay Chicken Salad,$5.35
549,Parsnips1 lb bag,$2.98
550,PC OrganicsBaby Arugula142 g,$4.48
551,Ziggy'sCreamy Potato Salad454 g,$2.48
552,Tuna Salad,$2.95
553,Sante Fe Style Salad177 g,$3.48
554,President's ChoiceKale Slaw340 g,$2.98
555,Eat SmartStrawberry Harvest Vegetable Salad Kit283 g,$5.98
556,Gourmet GardenLemongrass Stir-In Paste115 g,$4.98
557,"Portobello Mushrooms, Bulk",$1.32
558,"Artichokes, Large (Pack)1 ea",$2.48
559,"Garlic, Peeled250 g",$2.48
560,Opo Squash,$1.78
561,Organic Brussel Sprouts454 g,$5.98
562,Roma Tomatoes1 ea,$6.98
563,"Salad, Multi Grain",$5.17
564,PC OrganicsBaby King Oyster Whole Mushrooms200 g,$4.98
565,DoleLight Caesar Salad Kit218 g,$3.98
566,Organic Broccoli1 ea,$3.98
567,Gourmet GardenGarlic Stir-In Paste115 g,$4.98
568,President's ChoiceBaby Arugula Spinach Blend0.14 kg,$3.98
569,"No NameRoasted Peanuts, No Salt907 g",$5.00
570,DoleChop Chop BBQ Ranch Salad Kit408 g,$3.98
571,Farmer's MarketNavel Oranges2.27 kg,$5.98
572,"Black Figs, Case (Case)1 ea",$10.98
573,Canary Melons,$2.12
574,Fresh Watermelon ,$2.69
575,Lunch Size Veggies & Dip,$5.56
576,President's ChoiceSouthern-Style Turkey Breast Strips0.91 kg,$1.31
577,President's ChoiceMaple Flavoured Naturally Smoked Bacon500 g,$12.98
578,"President's ChoiceCertified Angus Beef, Tenderloin Grilling Steak",$3.88
579,"Littleneck Clams, Live",$6.97
580,President's ChoiceChicken Leg Quarters Club Pack,$1.98
581,"Blade Roast, Boneless Club Pack",$4.48
582,Bruschetta Stuffed Chicken175 g,$3.98
583,"High LinerFish In Tempura Batter, Family Pack700 g",$5.98
584,LilydaleDaystarters Sausage Turkey 375 g,$10.98
585,President's ChoiceFully Cooked Bacon65 g,$3.00
586,"PillsburyWiener Wrap, Regular200 g",$2.48
587,President's ChoiceBacon Reduced Salt500 g,$3.00
588,Feature FoodsHerring Fillets in Wine Marinade320 g,$0.22
589,Fresh Atlantic Salmon Filet,$3.98
590,"Eye Of Round Roast, Club Pack",$1.57
591,"President's ChoiceSwedish Meatball, Club Pack1.81 kg",$4.27
592,"Bottom Blade Steak, Boneless",$3.98
593,"No NameBurgers, Club Pack2.27 kg",$0.57
594,Zabiha HalalSliced Cooked Chicken Breast Roast200 g,$0.92
595,"Chicken Leg Quarters, Service Case",$7.92
596,"JohnsonvilleSmokes Sausage, Buffalo Cheese375 g",$3.98
597,"High LinerPan Sear Selects Salmon, Mediterranean540 g",$3.98
598,Whole Porgy,$2.98
599,President's ChoiceGigantico Black Tiger Shrimp With Mild Cocktail Sauce568 g,$1.58
600,"Maple LeafBacon, Salt Reduced375 g",$4.48
601,Pork Tenderloin,$1.45
602,SeaquestKing Crab Flavoured Wild Alaska Pollock & Wild Pacific Whiting227 g,$0.78
603,"Stewing Beef Cubes, Boneless",$2.88
604,"President's ChoiceCertified Angus Beef, Top Sirloin Boneless Steak,Club Pack",$1.09
605,PC Blue MenuBlue Menu Minced Turkey454 g,$5.00
606,Breaded Popcorn Shrimp908 g,$1.98
607,Anchor BayWhole Tilapia1.36 kg,$1.48
608,Grain Fed Veal Cutlets,$2.10
609,President's ChoiceToo Good To Be Wings Gluten-Free Maple Barbecue Boneless Coated Chicken Breast Chunks800 g,$2.12
610,President's ChoiceFresh Lamb Marinated Loin Chops,$2.98
611,President's ChoiceOven-Roasted Chicken Breast175 g,$3.98
612,Tenderloin Roast,$2.48
613,"JanesBoneless Bites, Honey Garlic & Thai900 g",$0.33
614,"Maple Lodge Farms LTChicken Half Breast Boneless Skinless, 6 Pack1 ea",$1.98
615,Maple LeafBacon375 g,$1.32
616,SchneiderMainStreet Deli Smoked Black Forest Ham Smoked Seasoned Turkey Breast Variety Pack400 g,$6.98
617,Maple LeafNatural Selections Shredded Chicken200 g,$5.17
618,JohnsonvilleDouble Smoke Farm Sausage375 g,$4.98
619,"Catfish Fillet, Cajun",$3.98
620,SeaquestShrimp Ring227 g,$2.04
621,President's ChoiceMelt In The Middle Responsibly Farmed Sustainably Sourced Salmon And Smoked Haddock Fish Cakes290 g,$6.73
622,SUFRAChicken Breast Strips375 g,$1.97
623,Frozen Grade A Geese,$24.99
624,"Whole Chicken Wings, Service Case",$1.58
625,Swiss ChaletChalet BBQ Pork Ribs600 g,$1.48
626,Chicken Breast Boneless Skinless Club Pack,$2.48
627,President's ChoiceCrispy & Crunchy Mild Southern-Style Chicken Wings907 g,$1.05
628,PC  Club PackShepherd's Pie Club Pack1.80 kg,$10.00
629,"Maple LeafBacon, Salt Reduced375 g",$4.48
630,"High LinerFish In Tempura Batter, Haddock350 g",$4.58
631,Kosher Mehadrin Beef. Pickled Brisket,$3.98
632,No NameTourtiere450 g,$6.98
633,Lamb Shoulder Blade Chops675 g,$5.47
634,Chicken Cordon Bleu175 g,$4.98
635,President's ChoiceToo Good To Be Wings Garlic Parmesan Boneless Turkey Breast Chunks800 g,$3.98
636,President's ChoiceHalibut240 g,$3.98
637,FoodfestSole Fillets400 g,$3.98
638,"President's ChoiceCertified Angus Bee, Top Sirloin",$4.98
639,SeaquestCrab Flakes454 g,$3.96
640,"High LinerFamily Favourites Beer Battered Fish Fillets, Uncooked500 g",$4.48
641,SchneiderOktoberfest Sausages375 g,$6.90
642,President's ChoiceDouble Stuffed Butter Infused Turkey,$14.00
643,President's ChoiceFree From Maple Flavoured Bacon375 g,$4.98
644,ButterballFresh Turkey,$4.98
645,"JohnsonvilleSmokes Sausage, Buffalo Cheese375 g",$4.95
646,Tilapia Fillets,$6.98
647,CooksPremium Lean Hickory Smoked Ham Steak454 g,$2.98
648,SeaquestNew Zealand Green-Lipped Mussels in the Half Shell454 g,$4.98
649,DagimFish Sticks709 g,$5.98
650,Lamb Rack Frenched Frozen,$6.97
651,Bruschetta Stuffed Chicken175 g,$2.61
652,FoodfestCod Fillets400 g,$4.98
653,MillionnairesFlat Fillets of Anchovies50 g,$2.98
654,"Fresh Atlantic Salmon Fillets, Skin On",$7.03
655,JohnsonvilleGround Mild Italian Sausage375 g,$6.98
656,"Pollock Fillets, Breaded $10900 g",$0.61
657,Fresh Rainbow Trout Portions142 g,$4.11
658,President's ChoiceButter Infused Turkey- 7 kg,$1.77
659,President's ChoiceRainbow Trout Fillets280 g,$4.98
660,PC Black LabelWagyu Beef Burgers568 g,$4.98
661,FoodfestSteelhead Smoked Salmon140 g,$1.48
662,Zabiha HalalSpicy Buffalo Style Chicken Wings908 g,$5.98
663,"Maple LeafTop Dogs Wieners, Original Regular375 g",$1.84
664,MarcangeloMA KOREAN BBQ BEEF STEAK TIPS600 g,$3.98
665,"President's ChoiceSwedish Meatball, Club Pack1.81 kg",$3.48
666,President's ChoiceTurkey Wings907 g,$4.98
667,President's ChoiceLean Ground Lamb,$2.48
668,LazarKosher Spare Ribs,$1.98
669,"High LinerFish Sticks with Crunchy Breading, Sole350 g",$1.12
670,"President's ChoiceCertified Angus Beef, Tenderloin Grilling Steak",$0.50
671,FoodfestHaddock Fillets400 g,$1.37
672,Maple LeafChicken Ground Lean454 g,$2.97
673,"Pacific Wild Coho Salmon, Whole Dressed",$4.48
674,Maple LeafChicken Thighs0.95 kg,$2.10
675,No NameAll-Beef Wieners450 g,$0.17
676,Ground Lean Turkey454 g,$1.28
677,MarcangeloBacon Wrapped Beef340 g,$3.98
678,"MarcangeloItalian Style Pork Meatballs, Frozen1.40 kg",$2.10
679,Maple LeafOriginal Wieners900 g,$2.98
680,Simmering Short Ribs,$1.09
681,FletchersSmokehouse Bacon Ends2 kg,$2.98
682,MarcangeloMA KOREAN BBQ BEEF STEAK TIPS600 g,$12.02
683,"Boneless Rockfish Fillets, Club Pack",$5.98
684,"No Name Club PackClub Pack Chicken Breasts, Split2 kg",$6.98
685,"President's ChoiceChicken Wings, Southern Club Pack1.81 kg",$1.48
686,Zabiha HalalSpicy Buffalo Style Chicken Wings908 g,$0.44
687,President's ChoiceChicken Kiev 4 Pieces560 g,$4.43
688,Feature FoodsLunch Herring320 g,$3.97
689,"HarvestNaturally Smoked Wieners, All Beef675 g",$8.87
690,No NamePepperoni500 g,$1.04
691,"Outside Round Marinating Steak, Club Pack",$3.98
692,President's ChoiceChicken Drumsticks,$3.67
693,JohnsonvilleDouble Smoke Farm Sausage375 g,$3.54
694,HarvestSmokies Cheese375 g,$6.90
695,Zabiha HalalChicken Breakfast Strips375 g,$1.68
696,HarvestPure Pork Sausage375 g,$0.68
697,SUFRAChicken Breast Strips375 g,$5.98
698,"Sirloin Tip Steak, Club Pack",$3.12
699,Maple LeafPrime Chicken Breast Thin Slice1 ea,$2.75
700,Beef Stir-Fry Strips,$0.61
701,"President's ChoiceFree From Sausages, Honey Garlic500 g",$6.97
702,Lamb Shoulder Chops,$1.53
703,Frozen Boneless Skinless Chicken Breasts 4kg1 ea,$3.81
704,Mitchell'sBacon4x375g,$0.92
705,Navel Beef3.18 kg,$10.93
706,High LinerBreaded Fish Burgers515 g,$4.98
707,Cubed Beef,$1.98
708,President's ChoiceItalian Meatballs Club Pack1.81 kg,$5.98
709,Frozen Utility Duck,$4.98
710,Canadian Snow Crab,$3.98
711,HarvestHam Sausage1 kg,$5.00
712,Top Sirloin Oven Roast,$0.88
713,President's ChoiceSmoked Sockeye Salmon150 g,$2.85
714,Peeled Shrimp400 g,$7.49
715,"President's ChoiceCertified Angus Beef, Striploin Grill Steak, Club Pack",$4.48
716,President's ChoiceFresh Lamb Boneless Leg,$2.48
717,SchneiderCheddar Sausages Classic Cheddar375 g,$2.98
718,"No NameChicken Wings, Club Pack Honey Garlic1.81 kg",$0.33
719,"Lethbridge Pork Butt Roast, Boneless",$3.98
720,LilydaleSausage Turkey Maple Flavour375 g,$12.98
721,"President's ChoiceFree From Pork Side Rib Breast, Club Pack",$2.55
722,Chicken Drumsticks800 g,$0.99
723,Boneless Sirloin Roast,$7.03
724,"SUFRAWhole Chicken, 2 pack",$1.77
725,Maple LeafRed Hots Original Style Wieners900 g,$3.98
726,"Alaska Cod Fillet, Fresh",$3.98
727,Zabiha HalalBeef Burger907 g,$1.98
728,"High LinerFish Sticks with Crunchy Breading, Sole350 g",$3.97
729,"Blade Steak, Boneless Club Pack",$1.66
730,President's ChoiceNashville Style Shrimp 340 g,$2.75
731,JohnsonvilleSmoked Polish Sausage375 g,$4.98
732,JanesUltimates Crunchy Breaded Whole Chicken Fillets1 kg,$1.98
733,"Stuffed Chicken, Bruschetta175 g",$1.48
734,President's ChoiceRack of Lamb Lollipop,$8.95
735,CooksPremium Lean Hickory Smoked Ham Steak454 g,$5.97
736,High LinerEnglish Style Battered Fillets500 g,$5.30
737,Anchor BayCooked Shrimp 61-70 ct454 g,$3.98
738,"Top Sirloin Steak, Club Pack",$3.97
739,"High LinerFish Fries, Tempura Batter700 g",$3.98
740,President's ChoiceButter Infused Chicken1.66 kg,$6.97
741,SeaquestBasa Fillets400 g,$2.75
742,President's ChoiceGigantico Raw Zipperback Black Tiger Shrimp400 g,$3.98
743,Maple LeafNatural Smoked Ham Black Forest600 g,$1.48
744,"President's ChoiceChicken Wings, Medium Buffalo with Sauce907 g",$3.98
745,"Centre-Cut Pork Chops, Bone-In",$0.73
746,"Maple LeafTop Dogs Wieners, Original Regular375 g",$6.98
747,"High LinerFish Sticks, Family Pack700 g",$0.68
748,Maple Lodge Farms LTUltimate Chicken Wiener900 g,$4.98
749,Boned Salted Cod Fillets908 g,$5.98
750,Bacon-Wrapped Seasoned Beef Tournedos150 g,$3.24
751,SeaquestSkinless Boneless Wild Haddock Fillets400 g,$2.33
752,"Certified Angus Beef, Sirloin Tip Roast",$4.98
753,"President's ChoiceShrimp, Cooked1.50 kg",$4.82
754,"T&TPork & Shrimp Spring Rolls, Cooked162 g",$4.98
755,President's ChoiceCheddar Jalapeño Smokies Fully Cooked Smoked Pork Sausages1000 g,$4.98
756,President's ChoiceButter Infused Turkey - 5 kg,$4.98
757,Cove Fresh Mussels907 g,$19.98
758,President's ChoiceDouble Roast Turkey Breast,$3.98
759,Inside Round Oven Roast,$2.98
760,Rainbow Trout Fillets,$5.98
761,President's ChoiceChicken Breast Fillet Club Pack,$5.98
762,Anchor BayCooked Clam Meat340 g,$2.48
763,Wild Smoked Salmon255 g,$0.33
764,Frozen Rabbit,$3.98
765,No NameTourtiere450 g,$6.98
766,"President's ChoiceBeefless Burgers, Plant-based, Vegan452 g",$5.98
767,Halal Ground Beef,$5.00
768,"President's ChoiceCertified Angus Beef, T Bone Grilling Steak",$4.98
769,President's ChoiceFree From Lean Ground Pork454 g,$1.28
770,Extra Lean Ground Chicken Org454 g,$6.48
771,President's ChoiceFree From Bacon Naturally Smoked0.38 kg,$2.98
772,UnicoFillets of Anchovies50 g,$7.98
773,Maple LeafNatural Selections Shredded Chicken200 g,$0.44
774,"President's ChoiceChicken Wings, Medium Buffalo with Sauce907 g",$3.98
775,Outside Round Roast,$3.28
776,Mussels907 g,$1.62
777,SUFRAChicken Breast Strips375 g,$3.98
778,"SUFRAHalal Chicken Thighs, Club Pack",$6.98
779,"President's ChoiceCocktail Sausage Smokies, Original500 g",$2.48
780,"President's ChoicePork Sirloin Kabob, Greek Self Serve250 g",$2.98
781,Swiss ChaletPot Pie Chicken650 g,$14.00
782,Steelhead Trout Fillets,$2.52
783,YvesVeggie Bistro Burgers352 g,$3.98
784,President's ChoiceHoney Garlic Seasoned Chicken Wings700 g,$2.48
785,Pork Picnic Cov,$0.58
786,"SeaquestSole Fillets, Skinless Boneless400 g",$5.98
787,Grain-Fed Osso Bucco,$8.98
788,LilydaleSausage Chicken375 g,$4.98
789,"SUFRAChicken Wings, BBQ800 g",$3.00
790,Tilapia Fillets,$0.44
791,President's ChoiceLamb Leg,$0.92
792,Maple Lodge Farms LTBacon Chicken Style375 g,$6.90
793,Breaded Chicken Cordon Bleu175 g,$2.42
794,Maple LeafRed Hots Original Style Wieners900 g,$4.98
795,Anchor BayBasa Fillets400 g,$4.95
796,MarcangeloItalian Pork Meatballs1 kg,$5.98
797,"Blade Steak, Boneless Club Pack",$4.98
798,"ButterballTurkey, Bacon Style375 g",$2.48
799,"President's ChoiceFree From Chicken Wings, Club Pack",$4.98
800,Beef Oxtail Pieces,$1.53
801,Blue WaterSmart & Crunchy Breaded Fish Fingers445 g,$2.98
802,Bacon-Wrapped Chicken Breast Tournedos150 g,$4.98
803,"Organic Chicken Thighs, Boneless & Skinless",$5.00
804,President's ChoiceDouble Stuffed Butter Infused Turkey,$3.98
805,MarcangeloBreakfast Sausages375 g,$2.98
806,Atlantic Perch Fillets,$3.48
807,President's ChoiceBacon Reduced Salt500 g,$6.98
808,LilydaleDaystarters Sausage Turkey 375 g,$1.48
809,MarcangeloBacon Wrapped Pork Loin Roast700 g,$2.98
810,Swiss ChaletChalet BBQ Pork Ribs600 g,$1.09
811,"High LinerFish Sticks, Family Pack700 g",$1.94
812,Pork Tenderloin 2Pk,$1.31
813,LousPhilly Style Shaved Steak400 g,$1.48
814,"Atlantic Cod Fillet, Previously Frozen",$2.98
815,President's ChoiceLamb Spiedini 24 Pieces480 g,$3.98
816,President's ChoiceNashville Breaded Chicken Bites700 g,$3.99
817,Halal Beef Top Sirloin Steak,$2.98
818,Mitchell'sWhole Ham1500 g,$1.45
819,"GrimmsSmokies, Sizzlin' Original450 g",$5.00
820,President's ChoiceMelt In The Middle Sustainably Sourced Cod Fish Cakes290 g,$0.88
821,"Fresh Steelhead Trout, Whole Dressed",$1.44
822,JohnsonvilleBeef Sausage375 g,$3.98
823,Chicken Backs & Necks,$15.62
824,No NameGarlic Sausage Ring300 g,$5.35
825,President's ChoiceCrisp & Crunchy Spicy Southern-Style Chicken Wings907 g,$3.98
826,"Shrimp, Raw",$0.54
827,PC Blue MenuBoneless Turkey Breast,$4.98
828,Maple LeafOriginal Wieners900 g,$2.48
829,"No NameSalt & Pepper Chicken Wings, Club Pack1.81 kg",$6.70
830,President's ChoiceCrisp & Crunchy Mild Southern-Style Chicken Wings700 g,$6.98
831,MarcangeloStuffed Pork Tenderloin600 g,$4.48
832,"Pacific Wild Coho Salmon, Whole Dressed",$5.98
833,MarcangeloPork Breakfast Patties1.20 kg,$3.97
834,HarvestAll Beef Farmer's Sausage375 g,$6.98
835,"President's ChoiceFree From Pork Loin Combo End Chops, Club Pack",$0.50
836,Feature FoodsHerring Fillets in Wine Marinade600 g,$0.55
837,PC Blue MenuBlue Menu Angus Beef Meatballs907 g,$2.14
838,Schneiders Smokies Sausages Original Recipe900 g,$4.98
839,Chicken Breast Fillet 11 Pack1 ea,$3.00
840,President's ChoiceAngus Meatballs907 g,$2.93
841,President's ChoiceSplendido Coppa Di Parma100 g,$3.48
842,HarvestUkranian Sausage Ring300 g,$5.98
843,LilydaleHickory Turkey Breast Strips550 g,$5.11
844,Inside Round Roast,$15.39
845,Smoked Turkey Sausage600 g,$3.26
846,PC Blue MenuBlue Menu Ground Chicken454 g,$2.74
847,President's ChoiceFresh Ground Lamb,$4.98
848,"Whole Beef Shank, Frozen",$1.44
849,"President's ChoiceCertified Angus Beef, Striploin Grill Steak, Club Pack",$1.98
850,President's ChoiceBreaded Cod Fillets600 g,$5.98
851,HarvestDouble Smoked Farmers Sausage500 g,$2.31
852,Chicken Livers,$4.98
853,Lean Ground Beef500 g,$3.98
854,HarvestHarvest Summer Sausage375 g,$0.92
855,"President's ChoiceCheese Bites, Tortilla & Jalapeño436 g",$5.98
856,"President's ChoiceFree From Boneless Center Cut Loin Roast, Tray Pack",$4.98
857,"JanesBoneless Bites, Honey Garlic & Thai900 g",$3.98
858,President's ChoiceTurkey Smokies300 g,$3.98
859,President's ChoiceChicken Thighs,$2.92
860,"SeaquestPollock Filets, Boneless Skinless680 g",$3.98
861,Frozen Utility Duck,$1.48
862,No NameSalt & Pepper Chicken Wings908 g,$3.98
863,Aqua Star King Crab Legs500 g,$3.98
864,Maple LeafBacon375 g,$1.20
865,No NameHoney Ham1.30 kg,$1.48
866,President's ChoiceBreaded Coconut Shrimp With Sweet Chili Dipping Sauce454 g,$2.98
867,PC Blue MenuEasy Cook! Chicken Breast Portions750 g,$5.36
868,SeaquestLeg-Style King Crab Flavoured Wild Alaska Pollock & Wild Pacific Whiting227 g,$3.98
869,President's ChoiceSmokin' Stampede Just Flats Gigantico Chicken Winglets907 g,$6.98
870,"No NameBurgers, Club Pack2.27 kg",$4.98
871,"Lamb Shoulder, Boneless Australian Frozen",$4.98
872,JohnsonvilleGround Mild Italian Sausage375 g,$3.98
873,No NameSummer Sausage1 kg,$5.98
874,"President's ChoiceCertified Angus Beef, Sirloin Tip Steak",$4.98
875,"President's ChoiceFree From Pork Shoulder Blade Steaks, Tray Pack",$3.79
876,BEYOND BEEF PB GROUNDS340 g,$2.48
877,President's ChoiceFrozen Lamb Shank,$3.98
878,"SUFRAChicken Wings, BBQ800 g",$3.00
879,Halal Stewing Beef,$2.48
880,PC Blue MenuBlue Menu Cheddar Smokies1 kg,$29.98
881,Shucked Oysters454 g,$6.67
882,"President's ChoiceCertified Angus Beef, T Bone Grilling Steak, Club Pack",$4.98
883,Maple LeafReady Crisp Bacon65 g,$2.98
884,MarcangeloBacon Wrapped Beef340 g,$3.98
885,President's ChoiceDouble Smoked Scottish Atlantic Salmon150 g,$3.98
886,"MorningStar Farms Spicy Black Bean Veggie Burger, 268g268 g",$2.80
887,President's ChoiceTurkey Pot Pie800 g,$6.97
888,"HarvestNaturally Smoked Wieners, All Beef675 g",$3.98
889,"No Name Club PackClub Pack Chicken Breasts, Boneless Skinless2 kg",$3.47
890,Chicken Leg Frozen5 kg,$0.77
891,Beef Braising Ribs,$2.01
892,SeaquestWild Pacific Salmon454 g,$2.97
893,"No NameStuffed Breaded Chicken, Broccoli & Cheese (2 Pack)284 g",$2.42
894,Organic Atlantic Salmon Portions,$1.78
895,"SUFRAHalal Chicken Legs, Club Pack",$4.98
896,"JanesBoneless Bites, Honey Garlic & Thai900 g",$14.00
897,JohnsonvilleDouble Smoke Farm Sausage375 g,$8.98
898,Halal Chicken Breast,$3.97
899,"SeaquestPollock Filets, Boneless Skinless680 g",$4.98
900,President's ChoiceOctober Wurst Fully Cooked Pork Sausages1 kg,$3.98
901,"Basa Fillets, Previously Frozen",$5.98
902,Beef Stir-Fry Strips,$4.98
903,Feature FoodsHerring Fillets in Wine Marinade600 g,$4.97
904,Frozen Steelhead Trout Fillets,$5.00
905,T-Bone Steak,$4.98
906,President's ChoiceFrench Quiche Bistro-Style Selection360 g,$2.96
907,JohnsonvilleSmoked Bratwurst Sausage375 g,$0.68
908,Chicken Gizzards,$12.98
909,President's ChoiceFree From Wieners375 g,$5.98
910,Maple LeafPrime Chicken Breast Thin Slice1 ea,$3.00
911,"President's ChoiceFree From Pork Side Rib, Sweet & Sour Club Pack",$4.98
912,"High LinerPan Sear Selects Cod, Savoury Herb540 g",$6.97
913,"Fresh Atlantic Salmon Portion, Maple Flavour, 113G113 g",$2.98
914,"Centre Cut Pork Loin Roast, Boneless",$11.98
915,President's ChoiceBlack Cod240 g,$0.26
916,Pork Loin Half,$14.00
917,President's ChoiceTurkey Frankfurters375 g,$3.97
918,PC Black LabelWagyu Beef Burgers568 g,$3.98
919,No NameSalami Chub500 g,$2.48
920,President's ChoiceGreek Lamb Sirloin Roast,$4.98
921,President's ChoiceFree From Chicken Breast680 g,$5.96
922,President's ChoiceWorld of Flavours Canadian Maple Apple Butter Roast730 g,$6.98
923,President's ChoiceFree From Sausages300 g,$4.17
924,$10 Popcorn Chicken1.13 kg,$15.00
925,Fresh Chicken Hearts,$2.28
926,MarcangeloBacon Wrapped Beef340 g,$7.98
927,SeaquestShrimp Ring454 g,$3.98
928,President's ChoiceBreaded Butterflied Shrimp400 g,$3.08
929,President's ChoiceItalian Meatballs Club Pack1.81 kg,$4.98
930,"Beef Shank, Sliced Bone-In",$2.98
931,PC Blue MenuWild Sockeye Salmon Skin-On Fillets280 g,$12.00
932,President's ChoiceStir Fry Turkey Breast,$3.98
933,Bacon-Wrapped Seasoned Beef Tournedos150 g,$1.11
934,Lethbridge Pork Tenderloin,$2.96
935,MarcangeloCrusted Beef Sirloin Roast700 g,$6.98
936,"President's ChoiceCertified Angus Beef, T Bone Grilling Steak",$5.98
937,"President's ChoiceCertified Angus Beef, Stewing Beef",$4.98
938,"President's ChoiceFree From, Back Bacon200 g",$5.25
939,RoyalRoyal Chinese Chicken Fondue200 g,$2.98
940,RoyalRoyal Beef Fondue300 g,$0.99
941,Cook's Portion Ham,$3.98
942,LilydaleTurkey Sausages Hot Italian500 g,$4.98
943,Swiss ChaletChicken Pot Pie 2 x 235 g470 g,$1.57
944,Maple Lodge Farms LTChicken Smokies600 g,$7.26
945,Lean Ground Lamb500 g,$4.48
946,PC Blue MenuShepherd’S Pie900 g,$2.98
947,Inside Round Marinating Steak,$2.48
948,"Oysters, Standard Malpeques (Case)2.27 kg",$3.98
949,Frozen Utility Duck,$3.47
950,ButterballFrozen Turkey,$1.48
951,No NameOriginal Smoked Sausages900 g,$5.98
952,SeaquestWild Pacific Salmon454 g,$4.98
953,"Bottom Blade Steak, Boneless",$0.26
954,SUFRAChicken Breast Strips375 g,$6.98
955,"High LinerFish In Tempura Batter, Family Pack700 g",$3.79
956,"No NameChicken Wings, Mild BBQ908 g",$4.75
957,LousSliced Maple Peameal Bacon454 g,$3.98
958,"Organic Chicken Thighs, Boneless & Skinless",$6.98
959,Outside Round Roast,$1.31
960,Tilapia Fillets,$0.92
961,MarcangeloSweet Peppercorn Pork Tenderloin Stuffed with Apple Pork Sausage600 g,$2.10
962,President's ChoiceHot Italian Pork Sausages500 g,$5.00
963,SchneiderAll Beef Wieners375 g,$3.98
964,"President's ChoiceCertified Angus Beef, Stewing Beef",$0.55
965,"President's ChoiceChickenless Breaded Strips, Vegan350 g",$1.28
966,Hot StuffsAll Beef BBQ Wieners450 g,$1.98
967,SeaquestSea Quest Pacific White Shrimp & Bay Scallops Raw340 g,$3.98
968,Aqua Star King Crab Legs500 g,$6.98
969,"Fresh Whole Grouper, Red 3-5Lb",$1.84
970,MarcangeloBacon Wrapped Beef340 g,$6.98
971,Schneiders Smokies Sausages Original Recipe900 g,$1.21
972,President's ChoiceBlack Cod240 g,$6.98
973,President's ChoiceShrimp & Scallops Au Gratin240 g,$6.98
974,Seabream (Orata),$3.98
975,"Fresh Atlantic Salmon Portion, Maple Flavour, 113G113 g",$2.10
976,Inside Round Marinating Steak,$3.47
977,Maple LeafCorned Beef,$5.98
978,SchneiderOktoberfest Sausages375 g,$3.98
979,Swiss ChaletPot Pie Chicken650 g,$1.98
980,"PC Blue MenuBlue Menu Atlantic Salmon Fillets, Boneless Skinless280 g",$5.36
981,"Butcher's ChoiceBeef Burgers, Club Pack2.27 kg",$3.47
982,President's ChoiceOctober Wurst Fully Cooked Pork Sausages1 kg,$4.27
983,Simmering Short Ribs,$2.19
984,Rack of Lamb,$2.35
985,PC Blue MenuBlue Menu Cheddar Smokies1 kg,$0.55
986,President's ChoiceLamb Spiedini 24 Pieces480 g,$2.88
987,"Fresh Atlantic Salmon Fillets, Skin On",$1.31
988,RoyalRoyal Chinese Chicken Fondue200 g,$4.98
989,"Live Lobster, 1-1.25LBS",$1.62
990,Italian Sausage Hot900 g,$4.98
991,"Stewing Beef Cubes, Boneless",$1.48
992,President's ChoiceBreaded Haddock Fillets550 g,$3.97
993,SeaquestKing Crab Flavoured Wild Alaska Pollock & Wild Pacific Whiting227 g,$4.98
994,President's ChoiceBreaded Butterflied Shrimp400 g,$8.98
995,President's ChoiceHoney Garlic Smokies1 kg,$8.80
996,"High LinerPan Sear Selects Cod, Savoury Herb540 g",$1.09
997,Dried Boneless Cod Bits454 g,$5.98
998,"Marvid PoultryWhole Turkey, Frozen",$3.00
999,President's ChoiceAngus Meatballs907 g,$4.98
1000,"President's ChoiceFree From, Back Bacon200 g",$2.68
1001,President's ChoiceTurkey Breast Scallopini,$3.98
1002,Chicken Wings Bagged,$5.00
1003,"Fresh Water Shrimp, Previously Frozen",$2.12
1004,"High LinerPan Sear Selects, Haddock Roasted Garlic500 g",$3.98
1005,President's ChoiceHam Steak175 g,$3.47
1006,"Fresh Snapper, Whole",$1.61
1007,"President's ChoiceCertified Angus Beef, Sirloin Tip Steak",$4.98
1008,MarcangeloSweet Peppercorn Pork Tenderloin Stuffed with Apple Pork Sausage600 g,$6.98
1009,"President's ChoiceCertified Angus Beef, Stewing Beef",$0.50
1010,President's ChoiceRosemary And Garlic Australian Lamb Shoulder Chops,$0.55
1011,"President's ChoiceChickenless Breaded Strips, Vegan350 g",$2.14
1012,SchneiderJuicy Jumbos Wieners Hot 'n Spicy450 g,$4.98
1013,"SchneiderNatural, Family Pack375 g",$2.93
1014,SchneiderSmoked Ham 97% Fat Free700 g,$6.98
1015,MarcangeloBacon Wrapped Beef340 g,$5.36
1016,Schneiders Smokies Sausages Original Recipe900 g,$5.16
1017,"PC Blue MenuBlue Menu Chicken Breast, Boneless Skinless Club Pack1.36 kg",$2.63
1018,"President's ChoiceMeatballs, Italian Style907 g",$1.49
1019,"No NameChicken Wings, Mild BBQ908 g",$1.68
1020,"Outside Round Marinating Steak, Club Pack",$0.78
1021,President's ChoiceMeatless Meatballs454 g,$8.80
1022,$10 Popcorn Chicken1.13 kg,$2.98
1023,Seabream (Orata),$1.45
1024,"Fresh Atlantic Salmon Portion, Maple Flavour, 113G113 g",$10.98
1025,PC Blue MenuShepherd’S Pie900 g,$0.99
1026,"Pork Butt Roast, Bone In",$4.48
1027,President's ChoiceSmoked Sockeye Salmon150 g,$0.92
1028,"President's ChoiceNaturally Smoked Bacon, Honey & Sea Salt Flavour500 g",$3.67
1029,Inside Round Marinating Steak,$2.98
1030,Maple LeafCorned Beef,$3.98
1031,SchneiderOktoberfest Sausages375 g,$3.99
1032,Swiss ChaletPot Pie Chicken650 g,$2.33
1033,MarcangeloBreakfast Sausages375 g,$0.92
1034,SeaquestCod Fillets Wild Pacific400 g,$4.98
1035,President's ChoiceBreaded Butterflied Shrimp400 g,$4.98
1036,Beef Kidney,$6.86
1037,President's ChoiceShepherd's Pies900 g,$2.98
1038,Fish Heads,$2.98
1039,No NameWieners in Puff Pastry792 g,$4.98
1040,Dried Boneless Cod Bits454 g,$0.94
1041,Halal Chicken Thigh,$2.98
1042,"Marvid PoultryWhole Turkey, Frozen",$5.35
1043,President's ChoiceAngus Meatballs907 g,$2.98
1044,Whole Lane Snapper,$3.98
1045,"President's ChoiceChicken Wings, Southern Club Pack1.81 kg",$4.48
1046,"PC Blue MenuBlue Menu Thick & Juicy, Turkey Burgers1.13 kg",$2.48
1047,"President's ChoiceFree From, Back Bacon200 g",$5.48
1048,Chicken Wings Bagged,$2.95
1049,"Fresh Water Shrimp, Previously Frozen",$1.98
1050,"High LinerPan Sear Selects, Haddock Roasted Garlic500 g",$4.98
1051,"Fresh Snapper, Whole",$4.98
1052,President's ChoiceFresh Lamb- Loin Chops,$3.98
1053,President's ChoicePeameal-Style Sliced Cured Pork Loin375 g,$4.98
1054,"Halal Chicken Tikka, Lemon",$7.26
1055,"Fresh Lake Smelts, Dressed",$5.48
1056,"MarcangeloItalian Pork Sausages, Hot500 g",$3.98
1057,Maple Lodge Farms LTMaple Lodge Chicken Wiener450 g,$3.98
1058,JohnsonvilleSmoked Bratwurst Sausage375 g,$11.98
1059,"Beyond Burger, Plant-Based226 g",$4.48
1060,President's ChoiceRaw Shell on Shrimp400 g,$3.98
1061,"President's ChoiceSole Fillets, Breaded680 g",$4.98
1062,"Pasta Clams, Live",$4.98
1063,Halal Chicken Tandoori Wings,$2.49
1064,LilydaleTurkey Sausages Mild Italian500 g,$3.98
1065,Ontario Lamb Rack,$1.48
1066,"Live Lobster, 1-1.25LBS",$3.98
1067,President's ChoiceSplit Turkey Breast,$3.98
1068,Lobster Tails1 ea,$2.04
1069,Swiss ChaletChicken Pot Pie 2 x 235 g470 g,$1.73
1070,President's ChoiceHoney Garlic Smokies1 kg,$0.27
1071,"High LinerPan Sear Selects Cod, Savoury Herb540 g",$6.73
1072,President's ChoiceRaw Zipperback Black Tiger Shrimp400 g,$1.97
1073,President's ChoiceShepherd's Pie900 g,$4.98
1074,SchneiderCheddar Smokies900 g,$3.29
1075,"President's ChoiceFree From Air Chilled Chicken Breast, Boneless Skinless Tray Pack",$7.77
1076,Outside Round Roast,$6.98
1077,Maple LeafChicken Ground Lean454 g,$2.48
1078,President's ChoiceTurkey Breast Scallopini,$15.00
1079,"President's ChoiceFree From Chicken Thighs, Club Pack",$2.12
1080,"President's ChoiceFree From Chicken Drumsticks, Club Pack",$7.26
1081,President's ChoiceHam Steak175 g,$5.48
1082,"President's ChoiceCertified Angus Beef, Sirloin Tip Steak",$4.98
1083,PC Blue MenuWild Rice And Mushroom Stuffing Chicken Breast Roast1 kg,$6.98
1084,No NameCantonese Veggie Spring Rolls1.25 kg,$0.98
1085,LousPeameal Bacon454 g,$2.98
1086,President's ChoicePortobello Swiss Burger568 g,$16.00
1087,Chicken Gizzards,$4.98
1088,"Halal Quarter Chicken, Leg",$2.62
1089,Maple LeafPure Pork Sausage500 g,$4.98
1090,MannarichFish Balls260 g,$4.98
1091,President's ChoiceRaw Zipperback Large Pacific White Shrimp1.50 kg,$0.94
1092,President's ChoiceDouble Smoked Oak-Smoked Long-Sliced Scottish Atlantic Salmon300 g,$1.98
1093,No NamePeameal Bacon454 g,$2.33
1094,Market Fresh Cooked Lobster,$0.92
1095,PC Blue MenuWild Sockeye Salmon Skin-On Fillets280 g,$4.98
1096,President's ChoiceFree From Maple Flavoured Bacon375 g,$4.98
1097,MarcangeloCheddar Bacon Sausage6x500g,$4.98
1098,LilydaleTurkey Sausages Hot Italian500 g,$3.98
1099,Cornmeal Coated Pork Loin,$4.98
1100,MarcangeloMaple Breakfast Pork Sausage375 g,$2.48
1101,President's ChoiceBoneless Turkey Breast,$1.98
1102,Chicken Breast Boneless Skinless,$3.98
1103,Blue WaterBreaded Fish Fillets431 g,$5.98
1104,LousPeameal Bacon454 g,$3.29
1105,"MarcangeloItalian Pork Sausages, Hot500 g",$1.15
1106,Maple Lodge Farms LTMaple Lodge Chicken Wiener450 g,$3.00
1107,JohnsonvilleSmoked Bratwurst Sausage375 g,$4.98
1108,"Beyond Burger, Plant-Based226 g",$2.98
1109,President's ChoiceRaw Shell on Shrimp400 g,$4.40
1110,"President's ChoiceSole Fillets, Breaded680 g",$3.12
1111,"Pasta Clams, Live",$6.98
1112,Halal Chicken Tandoori Wings,$4.98
1113,Ontario Lamb Rack,$2.48
1114,President's ChoiceSmoked Atlantic Salmon150 g,$2.98
1115,President's ChoiceFree From Angus Beef Burger1.02 kg,$2.48
1116,"Inside Round Marinating Steak, Club Pack",$5.98
1117,Organic Atlantic Salmon Portions,$3.17
1118,"ButterballTurkey, Bacon Style375 g",$8.32
1119,MarcangeloPorchetta Roast1.20 kg,$2.98
1120,Frankfurters340 g,$1.98
1121,PC Blue MenuTurkey Bacon-Style Smoked Turkey Breakfast Strips375 g,$6.28
1122,"President's ChoiceCertified Angus Beef, Top Sirloin Boneless Steak,Club Pack",$3.98
1123,Tilapia Fillets,$0.79
1124,President's ChoiceHot Italian Pork Sausages500 g,$5.35
1125,SchneiderAll Beef Wieners375 g,$2.98
1126,"President's ChoiceCertified Angus Beef, Stewing Beef",$4.48
1127,Steelhead Trout Fillets,$2.48
1128,SchneiderJuicy Jumbos Wieners Hot 'n Spicy450 g,$2.95
1129,"SchneiderNatural, Family Pack375 g",$3.48
1130,Hot StuffsAll Beef BBQ Wieners450 g,$2.98
1131,SchneiderSmoked Ham 97% Fat Free700 g,$5.98
1132,MarcangeloBacon Wrapped Beef340 g,$4.98
1133,Schneiders Smokies Sausages Original Recipe900 g,$1.32
1134,"PC Blue MenuBlue Menu Chicken Breast, Boneless Skinless Club Pack1.36 kg",$2.48
1135,Gluten Free Salami600 g,$2.48
1136,SeaquestKing Crab Flavoured Wild Alaska Pollock Chunks227 g,$1.78
1137,President's ChoiceBlack Cod240 g,$5.98
1138,SeaquestKing Crab Flavoured Wild Alaska Pollock & Wild Pacific Whiting227 g,$6.98
1139,"Stewing Beef Cubes, Boneless",$5.17
1140,President's ChoiceOven-Roasted Chicken Breast175 g,$4.98
1141,Tenderloin Roast,$3.98
1142,BEYOND BEEF PB GROUNDS340 g,$3.98
1143,Lamb Front Leg,$4.98
1144,Steamed Lobster,$3.98
1145,President's ChoiceStir Fry Turkey Breast,$5.00
1146,"Sausage Casings, 20 Yards1 ea",$3.98
1147,"Whiting, Whole",$5.98
1148,"No NameChicken Wings, Medium BBQ908 g",$10.98
1149,"SchneiderSmoked Ham Steak, Low Fat175 g",$2.12
1150,PC Blue MenuBlue Menu Ground Chicken454 g,$2.69
1151,President's ChoiceSustainably Sourced Wild Atlantic Cod Skinless Boneless Fillets1.36 kg,$5.56
1152,KraftOriginal Slices410 g,$13.98
1153,Coffee MateBliss Almond Caramel473 mL,$5.98
1154,"No NameCheese, Light Old Cheddar400 g",$27.78
1155,President's ChoiceVanilla Skyr Icelandic Style 0% M.F. Yogurt4x100g,$2.48
1156,"AstroOriginal Balkan Style Yogurt, Plain 1%750 g",$10.70
1157,President's ChoicePizza Mozzarella Shredded Cheese320 g,$36.60
1158,"AstroOriginal Organic Balkan Style Yogurt, Vanilla650 g",$3.98
1159,Kozy ShackTapioca Pudding Tubs624 g,$8.48
1160,"Gay LeaSour Cream, Regular 14%250 mL",$3.29
1161,"PillsburyReady to Bake Cookies, Chicken Shape312 g",$4.98
1162,"Gay LeaReal Whipped Cream, Regular225 g",$1.98
1163,"Danone DanactiveDanActive Yogurt Drink, Blueberry/Pomegranate-Berry, 93ml (Pack of 8)8x93mL",$5.98
1164,"Jell-ORefrigerated Pudding Snacks, Dulce De Leche (No Sugar Added)4x106g",$5.98
1165,President's ChoiceVanilla 2% M.F. Greek Yogurt908 g,$14.54
1166,SaputoMozzarellissima Light500 g,$36.54
1167,AstroOriginal Kefir Yogourt Vanilla800 g,$20.98
1168,KraftOriginal Slices825 g,$7.93
1169,BabybelMini Babybel Original Semi-soft Ripened Cheese 12 x 20 g (240 g)240 g,$15.00
1170,"PillsburyWiener Wrap, Regular200 g",$4.98
1171,"LiberteGreek Yogurt, Vanilla 5%750 g",$8.57
1172,Kozy ShackRice Pudding Cups6x113g,$4.98
1173,Cracker BarrelMild Marble Sliced Cheese1 kg,$12.98
1174,"Yoplait YopTropix Drinkable Yogurt, Strawberry Banana200 mL",$16.65
1175,"Gay LeaSour Cream, Regular 14%500 mL",$24.98
1176,Coffee MateFrench Vanilla473 mL,$6.98
1177,"PCCreamy Yogurt, Strawberry Vanilla Blueberry Apple16x100g",$5.50
1178,"OikosGreek Yogurt, Strawberry Flavour, 2% M.F., 100g (Pack of 4)4x100g",$2.98
1179,"SilkAlmond Beverage, Original, Dairy-Free, 1.89L (Pack of 2)2x1.89L",$7.02
1180,BecelOriginal Margarine1.81 kg,$31.01
1181,Yoplait MinigoStrawberry/Vanilla/Blueberry6x60g,$6.00
1182,Yoplait TubesGrape & Raspberry8x60g,$10.00
1183,ArmstrongMonterey Jack with Jalapeno210 g,$8.98
1184,"WesternSour Cream, Regular 14%500 mL",$9.68
1185,"NanakCheese, Paneer400 g",$9.98
1186,"Earths OwnAlmond Fresh, Original1.89 L",$13.21
1187,Light Brick Cream Cheese250 g,$6.68
1188,"Yoplait YopDrinkable Yogurt, Raspberry200 mL",$55.45
1189,"Danone ActiviaYogurt with Probiotics & Fibre Raspberry Cereal/Peach Cereal, 100G (Pack of 8)8x100g",$15.98
1190,PillsburyCountry Style Biscuits340 g,$18.00
1191,AstroSmooth 'n Fruity Vanilla Raspberry Peach12x100g,$5.97
1192,ArmstrongExtra Old White Cheddar Cheese 31% M.F. Cracker Cut600 g,$8.00
1193,President's ChoicePower Fruit Skyr Icelandic Style 0% M.F. Yogurt4x100g,$6.48
1194,"AstroOriginal Balkan Style Yogurt, Plain 0%750 g",$5.78
1195,"Hershey'sRefrigerated Pudding Snacks, Chocolate (4 x 110g)4x110g",$7.87
1196,KraftSwiss Cheese Slices1 kg,$6.00
1197,"NordicaCottage Cheese, 2%500 g",$2.99
1198,"Danone CreamyCreamy Yogurt, Strawberry-Vanilla/Peach-Vanilla/Cherry-Vanilla/Mango-Vanilla Flavour, 100g (Pack of 16)16x100g",$4.98
1199,"SilkAlmond Coconut Blend Beverage, Unsweetened, Dairy-Free, 1.89L1.89 L",$48.32
1200,AstroASTRO ORIGL KEFIR DRINK VAN6x93mL,$12.45
1201,"KraftCracker Barrel Cheese Slices, Medium Light240 g",$11.98
1202,"PCFree Run Omega 3 Brown Eggs, Large12 Eggs",$23.03
1203,PhiladelphiaWhipped Herbed Tzatziki Cream Cheese Product227 g,$13.98
1204,PhiladelphiaHerb & Garlic Cream Cheese227 g,$20.98
1205,Cracker BarrelMedium Cheddar Cheese Snacks168 g,$6.98
1206,"AstroOriginal Balkan Style Yogurt, Plain 2%750 g",$8.48
1207,PhiladelphiaLight Cream Cheese227 g,$53.10
1208,"Earth Island Vegan Gourmet Shreds, Cheddar227 g",$4.98
1209,"No NamePizza Mozzarella Cheese, Light 18% MF700 g",$15.39
1210,President's ChoiceTre Formaggi Cheese Blend320 g,$4.00
1211,PhiladelphiaLight Cream Cheese450 g,$14.98
1212,VegenaiseOrganic Dressing and Sandwich Spread473 mL,$19.99
1213,"President's ChoiceGreek Yogurt Fruit on the Bottom, Peach Mango 2%4x100g",$7.48
1214,LactantiaLactose Free 10% Cream1 L,$25.77
1215,"Yoplait YopDrinkable Yogurt, Strawberry (Case)12x200mL",$5.00
1216,President's ChoiceMac & Cheese Shredded Cheese Blend320 g,$8.48
1217,PhiladelphiaOnion Dip227 g,$6.98
1218,"IOGOYogurt, Vanilla 1.5%2 kg",$45.99
1219,BecelOriginal Margarine907 g,$5.98
1220,Cracker BarrelExtra Old White Cheddar Cheese400 g,$23.99
1221,"So NiceOrganic Almond Milk, Original1.75 L",$4.98
1222,"Gay LeaSpreadables, Light227 g",$9.03
1223,"ArmstrongCheese, Yellow Old Cheddar Cracker Cut700 g",$4.98
1224,"Milk 2 GoChocolate Milk, Reduced Sugar473 mL",$8.98
1225,PhiladelphiaFrench Onion Dip227 g,$13.98
1226,PhiladelphiaOriginal Cream Cheese340 g,$35.46
1227,ForemostDry Cottage Cheese375 g,$3.98
1228,"Milk 2 GoSport, Chocolate325 mL",$8.98
1229,"SilkUnsweetened Almond Beverage, Vanilla Flavour, Dairy-Free, 1.89L1.89 L",$4.48
1230,President's ChoiceBlack Cherry Greek Yogurt 0% M.F.4x100g,$11.09
1231,Skyr Plain Yogurt 0%500 g,$6.48
1232,NeilsonCaramel Chocolate Milkshake310 mL,$10.00
1233,"Balderson2-Year Old Royal Canadian White Cheddar, Snack Size126 g",$4.98
1234,"ForemostStirred Yogurt, Blueberry650 g",$39.42
1235,Coffee MateDouble Double-mate Liquid Coffee Enhancer1.89 L,$12.98
1236,"OlympicKrema Greek Style Yogurt, Plain650 g",$13.98
1237,"LactantiaHalf & Half Creamers, 10%160x9mL",$9.98
1238,PhiladelphiaOriginal Cream Cheese450 g,$14.98
1239,KraftShredded Parmesan Cheese200 g,$4.48
1240,"Yoplait YopTropix Drinkable Yogurt, Vanilla (Case)12x200mL",$9.00
1241,"LiberteGreek Yogurt , Black Cherry 2%4x100g",$20.98
1242,"PillsburyReady to Bake Cookies, Chicken Shape312 g",$14.98
1243,"DanoneYogurt Peach Flavour, 650G650 g",$8.48
1244,"Yoplait SourceDessert Yogurt, Lemon Meringue Parfait/Strawberry Chantilly/Raspberry Cranberry Crumble/Cherry Delight16x100g",$20.06
1245,"LiberteGreek Yogurt, Vanilla 2%750 g",$8.48
1246,Kozy ShackTapioca Pudding Tubs624 g,$31.67
1247,"AmoozaTwists, Mozzarella-Cheddar252 g",$9.98
1248,Kozy ShackRice Pudding Cups6x113g,$7.00
1249,BabybelMini Babybel Original Semi-soft Ripened Cheese 12 x 20 g (240 g)240 g,$22.32
1250,"SilkAlmond Beverage, Original, Dairy-Free, 1.89L (Pack of 2)2x1.89L",$7.00
1251,"No NameCheese, Marble Cheddar Light200 g",$5.48
1252,"OlympicYogurt, French Vanilla1.75 kg",$7.00
1253,NeilsonHomogenized Milk2 L,$8.98
1254,DanoneDanone Light 'N' Free Grilled Pineapple Tub 710g710 g,$10.00
1255,Danone ActiviaActivia Drink Source of Fibre Lemon Ginger8x93mL,$9.98
1256,"No NameCottage Cheese, Fat Free500 g",$28.37
1257,NeilsonHomogenized Milk4 L,$14.98
1258,"LiberteOrganic Greek Yogurt, Strawberry 2.5%650 g",$9.00
1259,"Milk 2 GoChocolate Milk, Reduced Sugar473 mL",$16.78
1260,ArmstrongMonterey Jack Cheese with Jalapeño 28% M.F.600 g,$17.98
1261,"AstroOriginal Balkan Style Yogurt, French Vanilla750 g",$24.98
1262,"OikosGreek Yogurt, Vanilla Flavour, 2% M.F., 750g750 g",$14.98
1263,PillsburyReady to Bake Cookies Easter Bunny NY 312 g,$12.98
1264,"OikosGreek Yogurt -Limited Edition - Maple Flavour , 100g (Pack of 4)4x100g",$6.98
1265,"PCYogurt, Plain 3%750 g",$9.98
1266,"Milk 2 GoSport, Vanilla325 mL",$4.98
1267,"Yoplait SourceYogurt, Strawberry/Peach/Fieldberry/Raspberry16x100g",$19.38
1268,NeilsonWhipping Cream473 mL,$6.37
1269,"PillsburyReady to Bake Cookies, Chicken Shape312 g",$5.78
1270,"NestleNesquik Milkshake, Vanilla473 mL",$7.98
1271,Liberte2% Goat Milk4 L,$4.48
1272,"SilkSoy Beverage, Chocolate Flavour, Dairy-Free, 1.89L1.89 L",$4.98
1273,"Jell-ORefrigerated Gelatin Snacks, Lemon Lime (4 x 89g)4x89g",$4.98
1274,PCBlueberry Fruit On The Bottom 0% M.F. Greek Yogurt4x100g,$17.03
1275,"No NameCheese, Light Medium Cheddar400 g",$10.00
1276,"LiberteOrganic Yogurt, Vanilla 0%750 g",$6.71
1277,PCStrawberry Fruit On The Bottom 0% M.F. Greek Yogurt4x100g,$5.98
1278,PCPlain 0% M.F. Greek Yogurt908 g,$17.67
1279,OikosOikos 9% Blueberry275 g,$26.35
1280,"AstroOriginal Balkan Style Yogurt, Plain175 g",$21.98
1281,"Yoplait MinigoMinion Yogurt, Strawberry6x93mL",$34.98
1282,"RivieraGoat Yogurt, Plain 4.9%500 g",$8.48
1283,"LiberteGreek Yogurt, Coconut 2%    4x100g",$6.71
1284,PCMonterey Jack Cheese400 g,$20.98
1285,"IOGONano Drinkable Yogurt, Raspberry6x93mL",$9.97
1286,"Danone ActiviaYogurt with Probiotics, Strawberry Flavour, 100g (Pack of 12)12x100g",$36.13
1287,"PCGreek Yogurt, Vanilla908 g",$14.98
1288,NeilsonHalf and Half Cream473 mL,$24.39
1289,OlivinaMargarine427 g,$9.98
1290,"Rowe FarmsGreenvalley Free Run Brown Eggs, Large12 Eggs",$13.00
1291,"BeatriceFruit Bottom Yogurt, Strawberry175 g",$36.62
1292,KraftLight Double Cheddar Cheese Shreds320 g,$27.32
1293,"President's ChoiceGreek Yogurt Dip, French Onion227 g",$4.98
1294,PhiladelphiaSmoked Salmon Cream Cheese227 g,$21.98
1295,"Black DiamondFicello Cheestrings, Marbelicious336 g",$17.26
1296,President's ChoicePizza Mozzarella Shredded Cheese320 g,$3.29
1297,KraftOriginal Thick Slices825 g,$24.29
1298,PillsburyReady to Bake Cookies Easter Bunny NY 312 g,$8.00
1299,"Danone CreamyCreamy Yogurt, Strawberry-Vanilla/Peach-Vanilla/Cherry-Vanilla/Mango-Vanilla Flavour, 100g (Pack of 16)16x100g",$7.86
1300,"Danone DaninoDanino Paw Patrol Yogurt Drink for Kids, Stawberry Flavour, 93ml (Pack of 8)8x93mL",$9.43
1301,PillsburyGrands! Crescent Croissants318 g,$7.98
1302,"Island FarmsSoft Cream Cheese, Light500 g",$12.55
1303,Yoplait TubesPeach & Blueberry8x60g,$14.98
1304,"Danone ActiviaYogurt with Probiotics, Strawberry Flavour, 100g (Pack of 12)12x100g",$8.48
1305,PhiladelphiaOriginal Cream Cheese340 g,$15.29
1306,"Danone ActiviaYogurt with Probiotics, Vanilla Flavour, 650g650 g",$8.24
1307,"International DelightWhitener, French Vanilla946 mL",$4.98
1308,"AstroOriginal Balkan Style Yogurt, Plain 0%750 g",$11.98
1309,"ForemostCottage Cheese, 1%500 g",$4.00
1310,PillsburyPizza Crust391 g,$53.93
1311,"AstroOriginal Balkan Style Yogurt, French Vanilla750 g",$4.98
1312,International DelightCoffee with French Vanilla473 mL,$8.48
1313,PhiladelphiaHerb & Spice Dip340 g,$14.00
1314,"NatureggOmega 3 White Eggs, Large12 Eggs",$29.95
1315,Danone ActiviaActivia Vanilla Cup8x150g,$8.48
1316,"SilkAlmond Beverage, Original, Dairy-Free, 1.89L (Pack of 2)2x1.89L",$9.98
1317,Cracker BarrelHavarti Cheese400 g,$8.00
1318,"Yoplait CreamyYogurt, Tropical16x100g",$15.00
1319,"Organic MeadowKéfir, Strawberry1 L",$7.98
1320,"AstroOriginal Balkan Style Yogurt, Plain 2%750 g",$13.98
1321,Coffee MateBliss Coconut Sweet Crème473 mL,$5.54
1322,"OikosGreek Yogurt, Plain, 2% M.F., 100g (Pack of 4)4x100g",$4.48
1323,Island FarmsSoft Cream Cheese500 g,$8.48
1324,"President's ChoiceSmoked White Cheddar, Mild400 g",$5.98
1325,Cracker BarrelLight Marble Cheddar Cheese400 g,$23.98
1326,HelluvaJalapeno Cheddar Dip250 g,$3.00
1327,Gay LeaWhipped Topping400 g,$8.00
1328,Milk 2 GoBanana473 mL,$51.81
1329,Beatrice2% Milk1 L,$29.98
1330,PhiladelphiaOriginal Cream Cheese227 g,$3.28
1331,"No NameCream Cheese Spread, Light Garlic Herb227 g",$10.98
1332,BeatriceChocolate Milk946 mL,$21.88
1333,"No NameCottage Cheese, 2%500 g",$6.98
1334,IOGOHeart of Fruit16x95g,$18.70
1335,"OlympicOrganic Yogurt, Lemon650 g",$25.01
1336,"Yogurt, Cherry500 g",$7.70
1337,"Organic Eggs, Medium Brown12 ea",$15.68
1338,"No NameShredded Cheese, Mozzarella900 g",$5.28
1339,"OikosGreek Yogurt, Fat-free, Coconut Flavour, 0% M.F., 100g (Pack of 4)4x100g",$10.00
1340,"No NameProcessed Cheese Slices, Cheddar1 kg",$25.00
1341,No NameNon-Hydrogenated Margarine3 kg,$4.98
1342,MacLarensCheese Spread230 g,$10.98
1343,"ForemostYogurt, Black Cherry650 g",$8.95
1344,Cracker BarrelMedium Cheddar Cheese Slices240 g,$28.02
1345,"Fair Life Ultra Filtered Milk, 2%240 mL",$5.00
1346,"Danone DanactiveDanActive Yogurt Drink, Strawberry Flavour, 93ml (Pack of 8)8x93mL",$10.98
1347,"Yoplait YopTropix Drinkable Yogurt, Strawberry Banana (Case)12x200mL",$5.98
1348,Cracker BarrelLight Marble Cheddar Cheese400 g,$2.48
1349,Black DiamondMarble Cheddar Cheese Sticks252 g,$6.48
1350,"Danone ActiviaYogurt with Probiotics, Strawberry Rhubarb, 650g650 g",$13.98
1351,"IOGOFat Free Yogurt, Strawberry/Raspberry/Fieldberry/Cherry16x100g",$21.58
1352,PhiladelphiaDill Pickle Dip340 g,$5.98
1353,"Yoplait SourceYogurt, Strawberry/Nectarine/Blueberry/Blackberry16x100g",$4.98
1354,WesternCream Cheese250 g,$18.79
1355,NeilsonFrench Vanilla Milkshake310 mL,$5.98
1356,PCEgg Whites1 kg,$6.00
1357,PC2% Organic Milk1 L,$9.98
1358,"Gay LeaSour Cream, Fat Free 1%500 mL",$11.89
1359,"Black DiamondCombo Marble, Cheddar Cheese127.60 g",$6.48
1360,"OikosGreek Yogurt, Pineapple Flavour, 2% M.F., 100g (Pack of 4)4x100g",$13.98
1361,"Danone DanactiveDanActive Yogurt Drink, Strawberry/Blueberry Flavour, 93ml (Pack of 8)8x93mL",$16.79
1362,"NeilsonTrue Taste, 2% Milk2 L",$8.00
1363,"Kozy ShackRice Pudding, Cinnamon Raisin624 g",$11.01
1364,BecelLight Margarine454 g,$3.29
1365,Neilson2% Milk1 L,$12.98
1366,PCPlain 2% M.F. Greek Yogurt500 g,$9.03
1367,Cracker BarrelMozzarella Shredded Cheese320 g,$13.13
1368,President's ChoiceVanilla 2% M.F. Greek Yogurt500 g,$4.78
1369,Coffee MateHazelnut946 mL,$4.00
1370,Cracker BarrelMild Marble Sliced Cheese1 kg,$7.98
1371,President's ChoiceVanilla 2% M.F. Greek Yogurt908 g,$5.98
1372,SaputoMozzarellissima Light500 g,$12.00
1373,AstroOriginal Kefir Yogourt Vanilla800 g,$15.29
1374,"Yoplait YopTropix Drinkable Yogurt, Strawberry Banana200 mL",$4.98
1375,"Gay LeaSour Cream, Regular 14%500 mL",$14.51
1376,KraftOriginal Slices825 g,$12.85
1377,Coffee MateFrench Vanilla473 mL,$6.48
1378,"PCCreamy Yogurt, Strawberry Vanilla Blueberry Apple16x100g",$3.00
1379,"OikosGreek Yogurt, Strawberry Flavour, 2% M.F., 100g (Pack of 4)4x100g",$25.53
1380,NeilsonLactose Free Skim Milk2 L,$45.99
1381,Del MontePeach Chunks in Light Syrup 8 Cups x (1.52 L) (Case)8x190mL,$6.48
1382,PhiladelphiaJalapeno Cream Cheese227 g,$7.55
1383,"President's ChoiceSmoked White Cheddar, Mild400 g",$5.98
1384,"PillsburyCrescent Rolls, Original235 g",$3.29
1385,International DelightCoffee with French Vanilla473 mL,$12.00
1386,NordicaSmooth Plain Deliciously Smooth Cottage Cheese 2 % M.F.450 g,$11.98
1387,"LactantiaCountry Churned Butter, Light454 g",$8.48
1388,"Organic MeadowOrganic Yogurt, Plain 3.8%750 g",$14.00
1389,Danone Light 'N' Free Tub Vanilla Bean & Apple 710 g710 g,$7.98
1390,KraftOriginal Thick Slices825 g,$12.02
1391,"LiberteOrganic Yogurt, Plain 2.5%750 g",$22.49
1392,PCStrawberry Kefir Probiotic <Br>Fermented 1% M.F. Milk1 L,$9.98
1393,"President's ChoiceButter, Fresh Unsalted Quarters454 g",$9.43
1394,"Earths OwnAlmond Fresh, Vanilla1.89 L",$9.98
1395,"Danone ActiviaYogurt with Probiotics, Vanilla Flavour, 100g (Pack of 8)8x100g",$7.98
1396,NestleNesquik Milkshake473 mL,$5.98
1397,"SilkAlmond Beverage, Original, Dairy-Free, 1.89L (Pack of 2)2x1.89L",$8.58
1398,"Gay LeaSour Cream, Fat Free 1%500 mL",$6.28
1399,"No NameEvaporated Milk, 2%354 mL",$3.06
1400,"AstroOriginal Balkan Style Yogurt, Vanilla650 g",$4.98
1401,"ArmstrongCheese, Marble Cheddar700 g",$14.98
1402,Neilson2% Milk2 L,$3.59
1403,"PCFree Run Omega 3 Brown Eggs, Large12 Eggs",$12.46
1404,"The Laughing CowCheese, Jalapeno535 g",$9.98
1405,Neilson2% Milk237 mL,$21.98
1406,"Danone ActiviaYogurt with Probiotics, Strawberry Flavour, 100g (Pack of 12)12x100g",$14.98
1407,"President's ChoiceSmoked White Cheddar, Mild400 g",$12.00
1408,"Omega 3 White Eggs, Extra Large12 Eggs",$22.32
1409,"No NameShredded Cheese, Mozzarella900 g",$10.00
1410,NatrelLactose Free 1% Milk2 L,$7.98
1411,"OikosGreek Yogurt, High Protein 4% M.F., Banana Chocolate Flavour, 95g (Pack of 4)4x95g",$20.72
1412,PCMango Coconut Kefir Probiotic <Br/>Fermented 1% M.F. Milk1 L,$8.98
1413,"LiberteGreek Yogurt, Raspberry 5%4x100g",$11.98
1414,"No NameMargarine, Non Hydrogenated454 g",$10.78
1415,"PC OrganicsOrganic Fresh Churned Butter, Salted250 g",$10.00
1416,"AstroOriginal Organic Yogurt, Plain650 g",$10.98
1417,"Danone ActiviaYogurt with Probiotics, Blueberry Flavour, 650g650 g",$6.00
1418,"IOGOYogurt, Vanilla 1.5%650 g",$5.98
1419,PC1% Organic Milk1 L,$9.98
1420,"BelsoyPudding, French Vanilla Gluten Free500 g",$18.24
1421,ArmstrongExtra Old White Cheddar Cheese 31% M.F. Cracker Cut600 g,$9.68
1422,"International DelightWhitener, Vanilla Fat Free946 mL",$6.00
1423,"Jell-ORefrigerated Gelatin Snacks, Orange (4 x 96g)4x96g",$10.65
1424,Liberte2% Goat Milk4 L,$8.46
1425,"ArmstrongCheese, Pizza Mozzarella700 g",$36.62
1426,No NameShredded Mozzarella320 g,$9.98
1427,"IOGOYogurt, Strawberry/Raspberry/Blueberry/Vanilla16x100g",$9.98
1428,"AstroOriginal Balkan Style Yogurt, Plain175 g",$3.11
1429,"AstroOriginal Balkan Style Yogurt, Strawberry/Raspberry/Black Cherry/Nectarine12x100g",$7.00
1430,"HelluvaSour Cream Dip, French Onion250 g",$5.98
1431,"Blue DiamondAlmond Milk, Unsweetened Vanilla1.89 L",$5.98
1432,IOGONanö Yogurt with Whole Milk Strawberry 3.25% M.F.6x60g,$11.81
1433,"Gray RidgeGrade A Brown Eggs, Extra Large12 Eggs",$15.98
1434,President's ChoiceTre Formaggi Cheese Blend320 g,$6.48
1435,"Omega 3 White Eggs, Large12 Eggs",$6.92
1436,Cracker BarrelOld Cheddar Cheese400 g,$9.98
1437,"Yoplait SourceYogurt, Strawberry/Peach/Fieldberry/Raspberry16x100g",$9.97
1438,"HelluvaSour Cream Dip, French Onion680 g",$11.98
1439,ArmstrongMozzarellissima 20% 690g 690 g,$25.00
1440,Cracker BarrelMarble Cheddar Cheese Snacks168 g,$5.97
1441,Del MonteRed Grapefruit in Slightly Sweetened Water 8 Cups x (1.52 L) (Case)8x190mL,$12.98
1442,"LactantiaFresh Churned Butter, Salted454 g",$10.98
1443,IOGOYogurt with Whole Milk Raspberry6x60g,$9.98
1444,No NameWhipped Topping 225 g,$3.98
1445,"Fair Life Ultra Filtered Chocolate Milk, 2%240 mL",$14.98
1446,"No NameProcessed Cheese Slices, Fat Free Thin500 g",$15.00
1447,"Danone ActiviaProbiotic Yogurt with Probiotics, Blueberry/Vanilla, 100g (Pack of 12)12x100g",$21.78
1448,"IOGOFat Free Yogurt, Assorted16x100g",$6.48
1449,BabybelMini Babybel Dairy Snack Light 13% M.F. 12 x 20 g (240 g)240 g,$7.98
1450,"ForemostStirred Yogurt, Strawberry650 g",$13.21
1451,No NameShredded Nacho Cheese320 g,$8.76
1452,"Danone ActiviaYogurt with Probiotics, Raspberry Flavour, 650g650 g",$6.98
1453,"No NamePasteurized Cream Cheese, Club Pack1.50 kg",$19.31
1454,LiberteGreek Yogurt Mango 3%4x400g,$12.98
1455,Black DiamondCombo Monterey Jack Cheese127.60 g,$10.50
1456,No NameFarmer's Marble Cheese700 g,$10.98
1457,Cracker BarrelThree Cheese Mexicana Shredded Cheese320 g,$16.98
1458,PhiladelphiaSmoked Salmon Cream Cheese Product340 g,$31.11
1459,"No NamePizza Mozzarella Cheese, 28% MF700 g",$5.97
1460,"Danone DanactiveDanActive Yogurt Drink, Strawberry-Banana Flavour, 93ml (Pack of 8)8x93mL",$8.98
1461,OikosOikos 9% Blueberry275 g,$11.98
1462,"Yoplait MinigoMinigo Yogurt, Vanilla 2%6x93mL",$4.98
1463,LiberteGreek Yogurt Vanilla 3%750 g,$10.98
1464,"OlympicKrema Greek Style Yogurt, Coconut500 g",$9.98
1465,"ImperialMargarine, Soft Tubs907 g",$28.98
1466,"IOGOGreek Yogurt, Vanilla 0% 750 g",$22.00
1467,"BabybelMini, Multi Flavours240 g",$16.82
1468,The Laughing CowGarlic & Herb133 g,$9.98
1469,"No NameShredded Cheese, Cheddar Monterey Jack900 g",$4.98
1470,Cracker BarrelPizza Mozzarella Cheese400 g,$13.23
1471,President's ChoiceMac & Cheese Shredded Cheese Blend320 g,$12.75
1472,Tre StellePaneer350 g,$15.98
1473,VelveetaOriginal Thin Slices410 g,$5.78
1474,Lactantia Delete2% Milkettes West160x9mL,$22.37
1475,"No NameCheese String Stick, Marble588 g",$9.98
1476,Earth BalanceSoy Free Buttery Spread    425 g,$10.98
1477,"No NameButter, Salted454 g",$19.19
1478,"International DelightCoffee Whitener, Southern Butter Pecan946 mL",$6.71
1479,VelveetaProcessed Cheese Loaf450 g,$8.98
1480,DairylandCreamery Butter Unsalted454 g,$17.67
1481,"Astro BiobestProbiotic Yogurt, Plain750 g",$29.35
1482,No NameShredded Light Nacho Blend Cheese320 g,$5.98
1483,"LiberteSkyr Icelandic Style Yogurt, Raspberry 2%500 g",$4.98
1484,"ForemostSour Cream, Regular 14%500 mL",$2.96
1485,"DanoneCreamy Yogurt, Peach/Strawberry/Vanilla/Blueberry Flavour, 100g (Pack of 24)24x100g",$4.98
1486,"OikosGreek Yogurt,High Protein, Lemon Meringue Flavour, 4% M.F, 95g (Pack of 4)4x95g",$10.00
1487,"IOGONano Yogurt, Blueberry6x60g",$39.85
1488,"IOGOYogurt, Vanilla 1.5%2 kg",$12.98
1489,KraftHabanero Cheese Shreds320 g,$4.00
1490,Cracker BarrelLight Old Cheddar Cheese400 g,$7.87
1491,NatrelLactose Free 1% Milk2 L,$19.99
1492,PillsburyCookies396 g,$26.40
1493,"IOGOYogurt, Strawberry/Raspberry/Blueberry/Vanilla16x100g",$5.98
1494,"No NameMargarine, Non Hydrogenated454 g",$13.98
1495,"LiberteGreek Yogurt, Plain 5%750 g",$3.98
1496,"Yogurt, Cherry500 g",$16.28
1497,"No NameCream Cheese Spread, Plain340 g",$15.98
1498,"LiberteOrganic Kefir, Plain454 mL",$11.00
1499,"Danone ActiviaYogurt with Probiotics, Cherry Flavour, 650g650 g",$4.98
1500,"PCGreek Yogurt, Coconut 0%500 g",$10.00
1501,"OikosGreek Yogurt, High Protein 4% M.F., Banana Chocolate Flavour, 95g (Pack of 4)4x95g",$1.85
1502,KraftWhite Cheddar Slices410 g,$8.98
1503,"Astro BiobestProbiotic Yogurt, Plain750 g",$11.00
1504,"Milk 2 GoSport, Chocolate325 mL",$11.98
1505,NeilsonFrench Vanilla Milkshake310 mL,$20.98
1506,"Black DiamondCombo Marble, Cheddar Cheese127.60 g",$6.12
1507,"OikosGreek Yogurt, Pineapple Flavour, 2% M.F., 100g (Pack of 4)4x100g",$15.98
1508,"LiberteGreek Yogurt, Raspberry 5%4x100g",$19.80
1509,NeilsonTruTaste 2% Milk1 L,$3.00
1510,"Danone ActiviaYogurt with Probiotics, Vanilla Flavour, 100g (Pack of 8)8x100g",$10.75
1511,"Kozy ShackRice Pudding, Cinnamon Raisin624 g",$12.00
1512,BecelLight Margarine454 g,$18.23
1513,Neilson2% Milk1 L,$8.11
1514,Coffee MateHazelnut946 mL,$5.98
1515,"Danone DanactiveDanActive Yogurt Drink, Blueberry/Pomegranate-Berry, 93ml (Pack of 8)8x93mL",$6.99
1516,Black DiamondChees String252 g,$6.99
1517,"SilkUnsweetened Almond Beverage, Vanilla Flavour, Dairy-Free, 1.89L1.89 L",$36.17
1518,"OikosGreek Yogurt, Fat-free, Coconut Flavour, 0% M.F., 100g (Pack of 4)4x100g",$5.98
1519,"Organic MeadowKéfir, Plain1 L",$7.98
1520,Cracker BarrelJalapeno Cheddar Cheese400 g,$5.98
1521,"Danone ActiviaYogurt with Probiotics, Fat Free 0% M.F., Blueberry/Cherry Flavour, 100g (Pack of 8)8x100g",$13.75
1522,President's ChoiceTre Formaggi Cheese Blend620 g,$6.98
1523,"Danone ActiviaYogurt with Probiotics, Fat Free 0% M.F., Peach/Strawberry Flavour, 100g (Pack of 8)8x100g",$8.04
1524,Earth BalanceOrganic Whipped Spread369 g,$21.98c
1525,"No NameShredded Cheese, Mozzarella900 g",$9.97
1526,NestleRolo Milkshake473 mL,$26.28
1527,"Danone ActiviaYogurt with Probtiocs & Fibre, Vanilla-Cereal/Peach Cereal/Blueberry Cereal/Strawberry-Kiwi Cereal, 100g (Pack of 12)12x100g",$8.98
1528,"YoplaitYop Yogurt Drink, Vanilla6x200mL",$9.98
1529,PillsburyCookie Dough Sugar468 g,$7.93
1530,"OlympicOrganic Yogurt, Plain 3.5%650 g",$4.98
1531,"OikosGreek Yogurt, Plain, 2% M.F., 100g (Pack of 4)4x100g",$8.48
1532,No NameCream Cheese Spread with Herbs & Roasted Garlic 26% M.F.227 g,$11.98
1533,"Blue DiamondAlmond Breeze, Original1.89 L",$6.98
1534,NeilsonTruTaste 2% Milk4 L,$25.53
1535,President's ChoiceTex Mex Shredded Cheese Blend320 g,$21.58
1536,"The Laughing CowCheese, Jalapeno535 g",$5.28
1537,LactaidLactaid Skim Milk2 L,$10.98
1538,"ParmalatHalal Stirred Fruit Yogourt Vanilla, Strawberry, Raspberry, Blueberry12x100g",$5.98
1539,Happy Days Goat MilkVanilla Goat Milk Yogurt 3.5% M.F475 g,$6.48
1540,"Yoplait MinigoMinigo Yogurt, Vanilla 2%6x93mL",$11.43
1541,KraftFeta Cheese Tub180 g,$6.98
1542,No NameShredded Medium Cheddar320 g,$5.98
1543,President's ChoiceRaspberry Pomegranate Flavour Fruit On The Bottom 2% M.F. Greek Yogurt4x100g,$10.00
1544,No NameSpreadable Cream Cheese 26% M.F.227 g,$25.00
1545,"ForemostStirred Yogurt, Strawberry650 g",$21.09
1546,Kozy ShackRice Pudding Tubs624 g,$8.98
1547,ArmstrongCheddar Cheese 31% M.F. Yellow Medium Cracker Cut700 g,$10.78
1548,"Danone ActiviaYogurt with Probiotics, Strawberry Rhubarb, 650g650 g",$19.99
1549,"Milk 2 GoChocolate Milk, Reduced Sugar473 mL",$9.98
1550,ImperialMargarine1.36 kg,$14.09
1551,"LiberteMéditerranée Yogurt, Coconut 9%500 g",$4.00
1552,President's ChoiceTriple Cheddar Shredded Cheese Blend320 g,$8.04
1553,"IOGONano Yogurt, Peach 1%6x93mL",$14.65
1554,"LactantiaButter Sticks, Salted4x113g",$6.98
1555,Valley PrideOrganic 1% Milk1 L,$9.98
1556,"DairylandMilk, 2%2 L",$14.98
1557,"OlympicOrganic Yogurt, Plain 2%650 g",$20.98
1558,KraftOriginal Slices825 g,$10.98
1559,"BabybelMini Babybel, Swiss120 g",$28.37
1560,"OikosGreek Yogurt, Passionfruit Flavour, 2% M.F., 100g (Pack of 4)4x100g",$10.27
1561,"Black DiamondFicello Cheestrings, Marbelicious336 g",$10.98
1562,President's ChoiceLactose Free Margarine454 g,$22.49
1563,"IOGONano Drinkable Yogurt, Strawberry6x93mL",$11.09
1564,"No NameCream Cheese Spread, Plain340 g",$6.99
1565,"LactantiaLactose Free Cream, Fat Free1 L",$27.23
1566,"Danone CreamyCreamy Yogurt, Raspberry/Strawberry/Peach Flavour, 100g (Pack of 16)16x100g",$7.98
1567,"President's ChoiceSour Cream, Lactose Free500 mL",$7.02
1568,"PCCheese, Old Cheddar Lactose Free400 g",$10.98
1569,"Blue DiamondAlmond Milk, Unsweetened Vanilla1.89 L",$2.98
1570,Earth BalanceOriginal Buttery Spread425 g,$11.98
1571,"YosoCoconut Yogurt, Chocolate440 g",$10.98
1572,PC OrganicsFree-Range Brown Eggs12 Eggs,$12.98
1573,Coffee MateLiquid Creamer Caramel Macchiato946 mL,$8.98
1574,"Yoplait YopTropix Drinkable Yogurt, Vanilla200 mL",$41.27
1575,"LiberteMéditerranée Yogurt, Vanilla 9%750 g",$10.98
1576,"PCYogurt, Plain 1%750 g",$5.98
1577,BabybelMini Babybel Original120 g,$18.70
1578,AstroOriginal Kefir Yogourt Vanilla800 g,$8.80
1579,"SilkSoy Beverage, Vanilla Flavour, Dairy-Free, 1.89L1.89 L",$13.66
1580,PillsburyCountry Style Biscuits340 g,$12.98
1581,Black DiamondCombo Old White Cheddar Cheese127.60 g,$2.98
1582,PhiladelphiaOnion Dip227 g,$14.09
1583,No NameEvaporated Milk (Case)24x354mL,$13.21
1584,No NameShredded Double Cheddar Cheese320 g,$10.98
1585,"SilkSoy Beverage, Original, Dairy-Free, 1.89L1.89 L",$11.43
1586,No NameShredded Old White Cheddar320 g,$7.70
1587,LiberteMéditerranée Greek Yogurt500 g,$6.98
1588,"International DelightWhitener, Irish Cream946 mL",$6.48
1589,Skyr Strawberry Yogurt 0%150 g,$5.48
1590,"No NameSour Cream, Regular 14%500 mL",$7.98
1591,Happy Days Goat MilkPlain Goat Milk Yogurt475 g,$8.98
1592,VelveetaProcessed Cheese Loaf450 g,$10.78
1593,"OlympicKrema Greek Style Yogurt, Vanilla650 g",$22.98
1594,"Danone ActiviaYogurt with Probiotics, Cherry Flavour, 650g650 g",$11.98
1595,AstroOriginal Flavoured Balkan Yogourt 3.25% M.F.24x100g,$11.98
1596,KraftFeta Cheese Tub180 g,$19.38
1597,"No NameMild Cheddar Cheese, Light700 g",$8.98
1598,"YoplaitYop Yop Drinkable Yogurt Smootie, Mixed Berry250 mL",$10.00
1599,"BecelMagarine, Original Salted Sticks454 g",$14.09
1600,Organic MeadowMozzarella Cheese Sticks 20 % M.F. 8 Sticks168 g,$4.00
1601,"ForemostCottage Cheese, 1%750 g",$6.98
1602,Organic MeadowCottage Cheese500 g,$7.93
1603,Dairyland1% Milk4 L,$9.98
1604,"Blue DiamondAlmond Breeze, Unsweetened Original1.89 L",$6.98
1605,ImperialMargarine454 g,$8.04
1606,Black DiamondMarble Cheddar Cheese Sticks252 g,$14.65
1607,"President's ChoiceCoconut Milk Yogurt, Plain500 g",$6.98
1608,"International DelightFat Free Coffee Whitener, Hazelnut946 mL",$9.98
1609,NestleRolo Milkshake473 mL,$6.48
1610,"LiberteSkyr Icelandic Style Yogurt, Plain500 g",$8.00
1611,"OikosGreek Yogurt, Fat Free, Vanilla Flavour, 0% M.F., 750g750 g",$11.98
1612,Skyr Plain Yogurt 0%500 g,$3.68
1613,"ParkayMargarine, Quarters1.36 kg",$11.98
1614,PC OrganicsOrganics 1% Milk2 L,$5.53
1615,Coffee MateBliss Almond Vanilla473 mL,$11.98
1616,"No NameEvaporated Milk, 2%354 mL",$8.98
1617,"LactantiaButter Sticks, Salted4x113g",$8.96
1618,KraftSwiss Slices410 g,$41.27
1619,"President's ChoiceCottage Cheese, Lactose Free500 g",$10.98
1620,Cracker BarrelMozzarella Sliced Cheese240 g,$10.72
1621,Cracker BarrelNatural Cheese Old Cheddar200 g,$24.98
1622,"Yoplait MinigoStrawberry, Strawberry-Banana, Strawberry-Vanilla6x60g",$13.98
1623,"Hershey'sRefrigerated Pudding Snacks, S'mores (4 x 93g)4x93g",$5.98
1624,Dairyland2% Milk1 L,$8.80
1625,"Yoplait YopDrinkable Yogurt, Tropical, Limited Edition200 mL",$13.66
1626,"The Greek GodsOrganic The Greek Gods, Greek Style Yogurt, Traditional Plain500 g",$12.98
1627,No NameNon-Hydrogenated Margarine907 g,$14.09
1628,"White Eggs, Extra Large18 Eggs",$14.86
1629,"Chao Vegan Cheese Slices, Coconut Herb200 g",$5.98
1630,"No NameCheese, Pizza Mozzarella200 g",$7.67
1631,"YoplaitYop Yop Protein Shake, Vanilla250 mL",$5.18
1632,"YoplaitYop Yop Protein Shake, Strawberry250 mL",$6.48
1633,Cracker BarrelMozzarella Sliced Cheese240 g,$2.48
1634,Black DiamondCombo Old White Cheddar Cheese127.60 g,$4.98
1635,Gay LeaGold Sour Cream 18%425 mL,$5.98
1636,NeilsonTrutaste Lactose Free Cream Half & Half 10% M.F.1 L,$5.98
1637,"Coffee MateCoffee Creamer, French Vanilla1.89 L",$10.98
1638,"DanoneCreamy Yogurt, Peach/Strawberry/Vanilla/Blueberry Flavour, 100g (Pack of 24)24x100g",$0.62
1639,Cracker BarrelMonterey Jack Cheese400 g,$9.23
1640,"YoplaitYop Drinkable Yogurt Smoothie, Mango Peach250 mL",$5.98
1641,"Danone ActiviaYogurt, Vanilla Flavour, Lactose-free, 100g (Pack of 8)8x100g",$19.68
1642,Cracker BarrelHerb & Garlic Cheddar Cheese400 g,$27.23
1643,"NeilsonCream, 18%473 mL",$13.18
1644,PCHomo Milk1 L,$10.98
1645,"AstroOriginal Balkan Style Yogurt, Strawberry Shortcake650 g",$7.98
1646,President's ChoiceLactose-Free Triple Cheddar Shredded Cheese Blend320 g,$10.98
1647,No NameParchment Margarine454 g,$12.98
1648,Cracker BarrelNatural Cheese Old Cheddar200 g,$15.00
1649,"Earth Island, Shredded Mozzarella227 g",$6.98
1650,AstroOriginal Kefir Probiotic Yogourt Fruit on the Bottom Strawberry500 g,$10.98
1651,"OikosGreek Yogurt, Fat Free, Plain, 0% M.F., 750g750 g",$10.39
1652,"DanoneProbiotic Yogurt Drink, Blueberry Flavour, 93ml (Pack of 8)8x93mL",$21.58
1653,Neilson1% Milk1 L,$7.00
1654,LiberteGreek Yogurt Mango 3%4x400g,$18.70
1655,"YoplaitYop Yop Protein Shake, Vanilla250 mL",$24.07
1656,"No NameStringable Cheese, Mozzarella336 g",$18.95
1657,DanoneDanone Natural Peach-Mango-Rasberry 8X100g8x100g,$2.98
1658,"No NameSour Cream, Fat Free 1%500 mL",$13.21
1659,"Field Roast Cheese, Original200 g",$14.99
1660,Tre StellePaneer350 g,$11.98
1661,"Fair Life Ultra Filtered Milk, 3.25%1.50 L",$6.98
1662,"OikosGreek Yogurt, Banana Flavour, 2% M.F., 100g (Pack of 4)4x100g",$8.98
1663,"International DelightWhitener, Irish Cream946 mL",$2.02
1664,"IOGOYogurt, Fruit On Bottom, Mango, Pineapple, Orange Mandarin12x95g",$6.37
1665,"IOGOFat Free Yogurt, Assorted16x100g",$4.98
1666,"PCGreek Yogurt, Black Cherry 0%500 g",$3.98
1667,"Yoplait SourceYogurt, Cherry650 g",$24.98
1668,No NameShredded Double Cheddar Cheese320 g,$17.98
1669,PC Blue MenuCeleb Margarine907 g,$6.48
1670,"LiberteGoat Milk, 2%1 L",$16.70
1671,NeilsonJoyya Ultra Filtered Homo Milk1 L,$15.98
1672,President's ChoiceClub Pack Pulp-Free 100% Orange Juice3.49 L,$5.98
1673,"CastelloCream Cheese Spread, Sweet & Spicy Peppers125 g",$6.48
1674,LiberteGreek Yogurt Vanilla 3%750 g,$5.98
1675,"IOGOYogurt, Fruit On Bottom, Blueberry, Blackberry12x95g",$9.60
1676,No NameNO NAME FARMER'S MARBLE SHRED900 g,$6.48
1677,"DanoneProbiotic Yogurt Drink, Lactose-free, Raspberry Flavour,93ml (8 bottles)8x93mL",$20.46
1678,"Danone ActiviaYogurt with Probiotics, Coconut Flavour, 650g650 g",$5.39
1679,AstroASTRO ORIGL KEFIR DRINK VAN6x93mL,$6.48
1680,"DanoneDanino Yogurt Drink for Kids, Frozen Theme, Fruit Mix Flavour, 93ml (Pack of 8)8x93mL",$6.98
1681,"Danone ActiviaYogurt with Probiotics, Coconut Flavour, 650g650 g",$6.48
1682,"LiberteGreek Yogurt, Plain 0%, Lactose Free750 g",$2.48
1683,ArmstrongLight Mozzarella700 g,$4.98
1684,"DairylandCottage Cheese, 2%500 mL",$5.98
1685,LactaidLactaid Skim Milk2 L,$5.98
1686,"Danone ActiviaYogurt with Probiotic, Lactose Free, Strawberry/Blueberry/Peach/Mango Flavour, 100g (Pack of 12)12x100g",$10.98
1687,"ArmstrongMarble Cheddar, Light700 g",$0.62
1688,AstroOriginal Kefir Probiotic Yogourt Fruit on the Bottom Strawberry500 g,$9.23
1689,DairylandDairyland Joyya Ultrafiltered Milk 3.25% M.F.1 L,$19.68
1690,Cracker BarrelHavarti Sliced Cheese220 g,$9.98
1691,AstroOriginal Kefir Probiotic Yogourt Plain500 g,$14.98
1692,OikosOikos 9% Vanilla Bean & Apricot275 g,$16.79
1693,"International DelightFat Free Coffee Whitener, Toffee Caramel473 mL",$13.23
1694,"DanoneProbiotic Yogurt Drink, Blueberry Flavour, 93ml (Pack of 8)8x93mL",$4.98
1695,"President's ChoiceCheese, Greek Feta Shredded300 g",$10.98
1696,"LiberteSkyr Icelandic Style Yogurt, Raspberry 2%500 g",$6.98
1697,DairylandCreamery Butter Unsalted454 g,$6.48
1698,LiberteGreek Yogurt Vanilla 3%750 g,$31.01
1699,"DairylandWhipping Cream, 33%473 mL",$5.28
1700,AstroOriginal Kefir Probiotic Yogourt Vanilla500 g,$5.98
1701,"Black DiamondCheestrings, Marbelicious168 g",$6.48
1702,"Danone CreamyCreamy Yogurt, Strawberry-Vanilla/Peach-Vanilla/Cherry-Vanilla/Mango-Vanilla Flavour, 100g (Pack of 16)16x100g",$11.43
1703,Pacific FoodsEvaporated Milk354 mL,$11.89
1704,"BabybelMini Babybel, Cheddar120 g",$6.48
1705,Coffee MateLiquid Creamer Caramel Macchiato946 mL,$5.48
1706,President's ChoicePC HABANERO CHED SHRED320 g,$5.98
1707,SilkSilk Almond Regular Vanilla1.89 L,$7.98
1708,NatureggSimply Egg Whites1 ea,$8.98
1709,"Earth Island Vegan Gourmet Shreds, Cheddar227 g",$10.78
1710,President's ChoiceLactose Free Cream Cheese Brick250 g,$22.98
1711,PillsburyFlaky Supreme Cinnamon Rolls468 g,$9.98
1712,PCMonterey Jack Cheese With Jalapeño400 g,$2.98
1713,Earth BalanceOriginal Buttery Spread425 g,$19.99
1714,"YoplaitYop Drinkable Yogurt Smoothie, Mango Peach250 mL",$2.98
1715,Yoplait TubesFruit Punch & Strawberry Banana8x60g,$7.02
1716,KraftFeta Cheese Tub180 g,$6.68
1717,"Danone DanactiveDanActive Yogurt Drink, Strawberry-Banana Flavour, 93ml (Pack of 8)8x93mL",$55.45
1718,"OlympicOrganic Yogurt, French Vanilla650 g",$6.98
1719,"No NameMild Cheddar Cheese, Light700 g",$18.93
1720,"YoplaitYop Yop Drinkable Yogurt Smootie, Mixed Berry250 mL",$21.34
1721,"President's ChoiceCoconut Milk Yogurt, Plain500 g",$19.80
1722,"No NameEggs, Medium12 Eggs",$5.48
1723,"Hershey'sRefrigerated Pudding Snacks, S'mores (4 x 93g)4x93g",$0.71
1724,Dairyland2% Milk1 L,$11.98
1725,"Yoplait YopDrinkable Yogurt, Tropical, Limited Edition200 mL",$3.98
1726,"ParmalatHalal Stirred Fruit Yogourt Vanilla, Strawberry, Raspberry, Blueberry12x100g",$6.00
1727,"OikosGreek Yogurt, Mandarin Orange Flavour, 2% M.F., 100g (Pack of 4)4x100g",$32.98
