,Item,Price
0,DoleSunflower Bacon Crunch Chopped Salad Kit346 g,$4.98
1,Apple Slices280 g,$4.00
2,PC OrganicsCooking Onions907 g,$2.98
3,Limes1 ea,$0.68
4,Granny Smith Apples,$1.09
5,Pimentos,$3.87
6,PC OrganicsPink Lady Apples3 lb Bag,$5.98
7,Broccoli1 ea,$1.98
8,BolthouseVanilla Chai Tea946 mL,$5.98
9,White Mushrooms,$0.26
10,Ziggy'sPotato & Egg Salad454 g,$2.48
11,"Papaya, Ripe & Ready",$4.24
12,Romaine Lettuce1 ea,$2.98
13,Jazz Apples,$0.78
14,DoleCaesar Salad Kit216 g,$3.98
15,"Portobello Mushrooms, Bulk",$1.32
16,POM Wonderful100% Pomegranate Juice473 mL,$4.98
17,Kiwi907 g,$3.99
18,Farmer's MarketFM English Cucumber 3Ct3 Pack,$3.98
19,"President's ChoiceCremini Mushrooms, Whole227 g",$2.28
20,Zucchini,$1.53
21,Kale1 ea,$1.98
22,Hot Yellow Peppers226 g,$3.98
23,Orangic Asparagus340 g,$2.98
24,Chinese Broccoli,$2.67
25,PC OrganicsOrganic Ginger160 g,$2.98
26,No NameNaturally Imperfect Peppers1.11 kg,$5.98
27,Green Swiss Chard1 ea,$3.48
28,"Snack Cup, Veggies & Dip200 g",$3.00
29,Cauliflower1 ea,$3.98
30,"President's ChoicePortobello Mushrooms, Sliced170 g",$3.98
31,President's ChoiceBaby Spinach0.31 kg,$4.98
32,President's ChoiceAdora Seedless® black grapes,$12.02
33,PC OrganicsGala Apples3 lb bag,$5.98
34,Organic Bartlett Pears3 lb bag,$5.98
35,Acorn Squash,$3.67
36,White Onion,$1.62
37,President's ChoiceCooking Spinach227 g,$3.98
38,Red Seeded Watermelon1 ea,$5.98
39,Green Cabbage,$2.52
40,SunRidge FarmsRomaine Hearts6 Pack,$4.98
41,No NameNaturally Imperfect English Cucumber 3lb1.36 kg,$5.98
42,Peaches,$1.05
43,Kiwis1 kg,$3.98
44,PC OrganicsOrganic Peppers2 Pack,$3.98
45,Canary Melons,$1.41
46,President's ChoiceBaby Spinach and Reds0.14 kg,$3.98
47,Red Swiss Chard1 ea,$3.48
48,President's ChoiceSouthern-Style Turkey Breast Strips0.91 kg,$13.98
49,"Chicken Drumsticks, Service Case",$6.73
50,Fresh Tilapia Fillets,$22.31
51,President's ChoiceMaple Flavoured Naturally Smoked Bacon500 g,$5.98
52,Cod Fillet,$20.80
53,Basa Fillets,$19.08
54,MarcangeloHot Italian Sausage1 kg,$12.00
55,President's ChoiceHoney Garlic Smokies1 kg,$9.98
56,"Halal Tandoori Chicken, Mild",$9.66
57,"President's ChoiceCocktail Sausage Smokies, Original500 g",$5.98
58,High LinerCrispy Breaded Fish Fillets350 g,$3.48
59,President's ChoiceFresh Lamb- Loin Chops,$13.87
60,Whole Porgy,$16.65
61,"Cherrystone Clams, Live",$0.69
62,Hot StuffsAll Beef BBQ Wieners450 g,$5.98
63,Inside Round Marinating Steak,$8.04
64,No NameTourtiere450 g,$4.98
65,"Chuck Short Ribs, Club Pack",$25.46
66,Halal Chicken Wings,$9.62
67,"President's ChoiceCertified Angus Beef, Top Sirloin Steak, Club Pack",$31.01
68,"President's ChoiceApplewood Bacon, Sliced500 g",$7.28
69,JohnsonvilleSmoked Polish Sausage375 g,$4.98
70,"High LinerFish Fries, Tempura Batter700 g",$4.48
71,St. Hubert-ExceldorChicken Pot Pie470 g,$7.99
72,Zabiha HalalThe Big Original Chicken Frank Frankfurters450 g,$3.98
73,"President's ChoiceFree From Boneless Pork Sirloin Chops, Club Pack",$12.03
74,President's ChoiceSirloin Meatballs907 g,$10.98
75,President's ChoiceFully Cooked Bacon65 g,$4.98
76,"Lean Ground Beef & Pork, Club Pack",$18.39
77,President's ChoiceSustainably Sourced Wild Atlantic Cod Skinless Boneless Fillets1.36 kg,$32.98
78,President's ChoiceCooked Peeled Responsibly Farmed Jumbo Pacific White Shrimp400 g,$9.98
79,President's ChoiceCrispy & Crunchy Mild Southern-Style Chicken Wings907 g,$12.98
80,Chub Mackerel1 kg,$3.98
81,President's ChoiceShrimp & Scallops Au Gratin240 g,$7.98
82,"President's ChoiceFree From Pork Shoulder Blade Steaks, Tray Pack",$5.52
83,MarcangeloCheddar Bacon Sausage6x500g,$6.48
84,"Grain-Fed Veal Liver, Slice",$6.16
85,SeaquestWild Pacific Salmon454 g,$9.98
86,"President's ChoiceCertified Angus Beef, Top Sirloin Grilling Steak",$10.04
87,Fresh Atlantic Salmon Filet,$14.54
88,LilydaleHickory Turkey Breast Strips550 g,$10.98
89,"PC Blue MenuBlue Menu Rainbow Trout Fillet, Skinless280 g",$11.98
90,Swiss ChaletChicken Pot Pie 2 x 235 g470 g,$7.98
91,High LinerCrunchy Breaded Haddock Fish Sticks350 g,$4.48
92,SeaquestSkinless Boneless Wild Haddock Fillets400 g,$5.98
93,"No Name Club PackAll Beef Wieners, Club Pack1.50 kg",$13.00
94,"President's ChoiceCertified Angus Beef, Strip Loin Steak",$19.82
95,President's ChoiceCrisp & Crunchy Spicy Southern-Style Chicken Wings907 g,$13.98
96,"No NameCheese, Light Old Cheddar400 g",$4.88
97,"Danone ActiviaYogurt with Probiotics, Cherry Flavour, 650g650 g",$3.28
98,Gray RidgeLarge Eggs30 ea,$6.28
99,"NordicaCottage Cheese, Creamed 4%500 g",$4.28
100,"OlympicFat Free Organic Yogurt, Plain650 g",$3.48
101,"LiberteGreek Yogurt, Raspberry 5%4x100g",$3.28
102,"SilkSoy Beverage, Chocolate Flavour, Dairy-Free, 1.89L1.89 L",$3.98
103,"No NameButter, Unsalted454 g",$4.48
104,BecelOriginal Margarine454 g,$3.88
105,"ArmstrongCheese, Marble Cheddar700 g",$7.98
106,"OikosGreek Yogurt, Blueberry Flavour, 2% M.F., 100g (Pack of 4)4x100g",$4.18
107,"PCGreek Yogurt, Vanilla908 g",$5.78
108,"LiberteOrganic Greek Yogurt, Strawberry 0%4x100g",$5.28
109,PhiladelphiaHerb & Garlic Cream Cheese340 g,$4.00
110,PhiladelphiaFrench Onion Dip227 g,$3.48
111,AstroOriginal Kefir Yogourt Strawberry/BlueberryPomegranate800 g,$4.98
112,"Gray RidgeGrade A Brown Eggs, Large12 Eggs",$4.48
113,LactantiaProvencal Garlic Butter125 g,$3.08
114,"OikosGreek Yogurt, Raspberry-Pomegramate Flavour, 2% M.F., 100g (Pack of 4)4x100g",$4.18
115,BecelOriginal Margarine907 g,$4.98
116,PCOrganics Homogenized Milk2 L,$6.18
117,International DelightCoffee Whitener Double Double Delight946 mL,$4.98
118,Coffee MateDouble Double-Mate Liquid Coffee Enhancer946 mL,$3.98
119,KraftOriginal Light410 g,$4.98
120,The Laughing CowCheese Smoked 8 Portions133 g,$3.88
121,"NeilsonFlavoured Milk, Chocolate2 L",$4.48
122,PCLactose-Free Marble Cheddar Cheese400 g,$4.88
123,"LiberteMéditerranée Yogurt, Coconut 9%500 g",$3.28
124,"Yoplait YopTropix Drinkable Yogurt, Peach200 mL",$1.18
125,"YosoSoygo Yogurt, Multipack6x125g",$5.28
126,"OlympicOrganic Yogurt, Plain 3.5%650 g",$3.48
127,Yoplait MinigoStrawberry/Vanilla/Blueberry6x60g,$3.48
128,Cracker BarrelMedium Cheddar Cheese Slices240 g,$4.78
129,"HelluvaSour Cream Dip, French Onion680 g",$3.98
130,"LactantiaCountry Churned Butter, Light454 g",$6.68
131,"No NameShredded Cheese, Mozzarella900 g",$11.00
132,Coffee MateBliss Coconut Sweet Crème473 mL,$2.98
133,SimplyAlmond Unsweetened  1.50 L,$4.98
134,PhiladelphiaChive and Onion Cream Cheese227 g,$3.48
135,"LactantiaMy Country Butter, Unsalted454 g",$6.88
136,"Organic MeadowKéfir, Plain1 L",$4.98
137,HelluvaCaramelized Onion Dip250 g,$2.48
138,Milk 2 GoVanilla Flavour473 mL,$2.28
139,"Jell-ORefrigerated Gelatin Snacks, Lemon Lime (4 x 89g)4x89g",$2.28
140,"ParmalatHalal Yogurt, Plain 3%750 g",$2.48
141,"LactantiaMy Country Butter Sticks, Unsalted4x113.50g",$6.88
142,"International DelightWhitener, French Vanilla946 mL",$4.98
143,President's ChoicePC HABANERO CHED SHRED320 g,$4.88
144,WestonHearty Grains Bread570 g,$4.48
145,"WonderWhole Wheat 10"" Wraps640 g",$3.48
146,"Farmer's MarketMuffins, Carrot660 g",$4.50
147,DItalianoBrioche Hamburger Buns328 g,$3.48
148,Mini Chocolate Croissants423 g,$5.00
149,President's ChoiceSesame Slider Buns12x28g,$3.18
150,Cheese Swirl Buns400 g,$4.00
151,President's ChoiceGluten-Free Vanilla Cupcakes300 g,$4.98
152,Little DebbieOatmeal Creme Pies 12 Snack Cakes459 g,$2.48
153,ArzWhite Pitas396 g,$1.00
154,"Kaiser Rolls, Large White350 g",$3.00
155,"Farmer's Market10"" Pie Cherry1 kg",$7.00
156,Country HarvestAncient Grains & Red Fife Bread600 g,$1.98
157,Italian Multigrain Bread Sliced450 g,$1.68
158,T&TTropical Cake Cinnamon180 g,$1.28
159,AnnettesGlazed Donuts275 g,$1.50
160,Old MillHamburger Buns540 g,$2.38
161,Sliced Sourdough Bread570 g,$1.89
162,Old MillWhite Mini Pitas170 g,$2.98
163,"Farmer's MarketMuffins, Cranberry Lemon6x110g",$4.50
164,"Farmer's MarketMuffins Variety Pack, Blueberry Cranberry-Lemon Banana Chocolate Chunk660 g",$4.50
165,"Farmer's MarketCoffee Cake, Cinnamon850 g",$6.00
166,"Farmer's Market10"" Pie Strawberry Rhubarb1 kg",$7.00
167,WonderWrap Me White 10 Large Flour Tortillas640 g,$2.98
168,"President's ChoiceTortillas, Original650 g",$3.38
169,SurajNaan Whole Wheat 5 Flatbreads500 g,$2.18
170,Mini Gourmet Cinnamon Rolls840 g,$6.00
171,"AnnettesOld Fashioned Mini Donuts, 40 pk Club Pack600 g",$4.00
172,HostessTwinkies8x37.50g,$3.78
173,Farmer's MarketChocolate Fudge Cake890 g,$13.00
174,"Casa Mendosa10 Medium Tortillas, Original340 g",$3.18
175,"CharlottesBlack Forest Cake 6""400 g",$5.00
176,Crispy Besan Roti10x400g,$2.54
177,WonderHotdog Buns White Hotdog 8 Buns8x44.50g,$2.58
178,"Farmer's MarketMuffins, Chocolate Chip6x110g",$4.50
179,"ACECrostino, Grated Parmesan125 g",$3.98
180,"President's ChoiceGluten Free Cake, Chocolate Layer553 g",$10.00
181,Baklava Traditional160 g,$3.98
182,President's ChoiceApple Blossoms Desserts228 g,$3.48
183,Harvest Wheat Baguette255 g,$0.98
184,DimpflmeierRye Bread With Sunflower Seeds454 g,$3.98
185,"CharlottesChocolate Fudge Cake 6""475 g",$5.00
186,Portuguese Custard Tart75 g,$1.48
187,Little DebbieCosmic Brownies with Chocolate Flavoured Chips 6 Snack Cakes372 g,$2.48
188,"two-biteCinnamon Rolls, Large Tub510 g",$6.98
189,French Bread Unsliced450 g,$1.00
190,WonderWrap Me White 10 Medium Flour Tortillas340 g,$2.98
191,"ACEFocaccia, Rosemary390 g",$4.68
192,SchneiderHoney Garlic Pepperettes375 g,$8.00
193,SchneiderThuringer Sausage 4/Cs,$24.80
194,"San DanieleMortadella, Hot (Thin Sliced)",$2.28
195,"Organic Fakin' Bacon Tempeh Strips, Original227 g",$4.98
196,YvesKale & Quinoa Bites235 g,$6.78
197,"OlivieriPasta Sauce, Creamy Ros‚300 mL",$4.88
198,Maple LeafBologna (Thin Sliced),$2.28
199,President's ChoiceBruschetta Topping With Roasted Vegetables227 g,$3.28
200,PC SplendidoSplendido Grana Padano Hard Ripened Cheese Aged 14 Months250 g,$9.98
201,"PillersPepperoni, Sliced250 g",$5.00
202,President's ChoiceSplendido Antipasto Misto100 g,$6.00
203,OlivieriItalian Sausage Sauce550 mL,$7.98
204,"SilaniSalametti, Parmesan300 g",$7.00
205,Ziggy'sPotato & Egg Salad454 g,$2.48
206,LilydaleCarved Turkey Breast300 g,$9.00
207,"President's ChoiceCanadian White Cheddar, Aged 5 Years300 g",$10.98
208,Ziggy'sCooked Turkey300 g,$5.00
209,BaldersonMedium Cheddar,$6.14
210,President's ChoicePC Free From Honey Ham ,$3.78
211,Apple Sausage368 g,$6.98
212,"Basmati Rice, Yellow1 ea",$5.00
213,President's ChoiceFeta Cheese in Brine400 g,$7.00
214,President's ChoiceMozzarella Cheese340 g,$10.00
215,SchneiderMainstreet Deli Cooked Ham Smoked Chicken Breast Variety Pack400 g,$8.00
216,"No NameBologna, Sliced500 g",$4.98
217,President's ChoiceArtichoke & Asiago Dip227 g,$3.28
218,"PillersSalami, Spicy Chub250 g",$6.98
219,"Hot StuffsSummer Sausage, Sliced175 g",$4.48
220,"SchneiderPepperettes, Hot Pepperoni375 g",$8.00
221,President's ChoicePiccanti Salami225 g,$8.00
222,"PC SplendidoRicotta and Spinach, Large600 g",$7.98
223,"Snack Cup, Veggies & Dip200 g",$3.00
224,YvesJumbo Veggie Dogs380 g,$5.68
225,Cored Pineapple680 g,$5.00
226,"San DanieleMortadella, Hot175 g",$4.28
227,YvesSweet Potato & Chia Bites240 g,$6.78
228,"12"" PC Spinach & Pumpernickel Tray1 ea",$12.00
229,Ziggy'sCannelloni Cheese & Spinach540 g,$6.48
230,OlivieriBasil & Cheese Pesto160 g,$5.48
231,"President's ChoiceBlack Forrest Ham, Club Pack400 g",$10.48
232,Mario`s Piri Piri Hot Sauce225 mL,$2.98
233,"Danish Havarti Cheese, Sliced",$1.49
234,Ziggy'sZIGGY'S Brie Cheese Brie550 g,$10.00
235,President's Choice5 Layer Fiesta Dip454 g,$6.00
236,President's ChoiceHot Genoa Salami,$9.51
237,"Ziggy'sRavioli, Cheese & Spinach1000 g",$7.98
238,"OlivieriPasta Sauce, Classic Alfredo300 mL",$4.88
239,OlivieriSkillet Gnocchi300 g,$5.48
240,President's ChoiceSouthern-Style Turkey Breast Strips0.91 kg,$13.98
241,"Chicken Drumsticks, Service Case",$6.73
242,Chicken & Vegetable Potstickers1250 g,$10.00
243,FlamingoCrispy Fried Chicken700 g,$10.98
244,PogoRegular2 kg,$14.48
245,PopsicleCyclone Popsicle6x80mL,$2.98
246,Blue WaterSmart & Crunchy Breaded Fish Fingers445 g,$6.48
247,President's ChoiceIce Cream Shop Rocky Road Ice Cream946 mL,$3.78
248,President's ChoiceBreaded Chicken Strips600 g,$7.98
249,"T&TShrimp Dumpling, Cooked208 g",$3.68
250,"Lean CuisineSelections, Cheese Cannelloni246 g",$3.48
251,"PC Blue MenuBlue Menu Thick & Juicy Beef Burger, Club Pack2.27 kg",$24.98
252,PC Blue MenuBlue Menu Sirloin Beef Burger1.02 kg,$14.98
253,El MontereyBeef & Cheese Taquitos595 g,$12.00
254,"PattykingJamaican Beef Patties, Mild1.17 kg",$4.98
255,"No Name Club PackAssorted Cream Bars, Club Pack30x60mL",$7.48
256,Split Chicken Wings,$5.14
257,"Tenderflake3"" Tart Shells255 g",$3.48
258,Cool WhipOriginal Frozen Whipped Topping1 L,$3.78
259,President's ChoiceLoads Of Loads Of Cookies ‘N’ Crème Light Ice Cream1.50 L,$4.98
260,Marie Callender'sChicken Alfredo Family Sized1.25 kg,$10.00
261,President's ChoiceThick & Juicy Prime Rib Burger1.13 kg,$14.98
262,Haagen DazsExträaz Cookies & Cream Ice Cream Bars3x72mL,$4.98
263,Chicken Dumplings380 g,$2.98
264,PopsicleFirecracker12x50mL,$2.98
265,"PopsiclePopsicles, Orange Cherry & Grape Ice Pops12x48g",$2.98
266,Coriander and Pork Wontons300 g,$2.98
267,"No NameWaffles, Blueberry560 g",$3.28
268,President's ChoiceVanilla Ice Cream1.65 L,$4.00
269,MccainMcCain Dipn' Wedges600 g,$3.28
270,No NameCalifornia Mix Veggies750 g,$1.78
271,"AmysBurrito, Cheddar Cheese170 g",$3.98
272,"President's ChoiceStrawberries, Sliced600 g",$4.48
273,PC Blue MenuWild Rice And Mushroom Stuffing Chicken Breast Roast1 kg,$14.99
274,"Cordon BleuNon Dairy Frozen Dessert, Naked Coconut473 mL",$8.28
275,President's ChoiceIce Cream Mango Mochi210 mL,$5.98
276,"Cedar Plank Salmon, Applewood with Orange & Ginger685 g",$22.00
277,"President's ChoiceCorn, Carrot, & Kale Veggie Bites400 g",$5.98
278,Zabiha HalalHalal Pepperoni Pizza570 g,$7.48
279,JanesMeal Makers Chicken Breast Strips Roasted & Seasoned550 g,$13.98
280,SUFRAHalal Beef Burgers907 g,$11.98
281,"Healthy ChoiceGourmet Steamers, Pineapple Chicken298 g",$3.00
282,ChristieOreo Sandwiches4x125mL,$4.98
283,CadburyCARAMILK Frozen Dessert Bars5x80mL,$4.98
284,HaldiramTandoori Roti360 g,$3.18
285,Asian InspirationsThai Chicken400 g,$6.98
286,Marie Callender'sMarie Callender's Sweet and Spicy Chicken & Noodle Bowl326 g,$4.98
287,Lean CuisineGrilled Chicken Carbonara with Crumbled Bacon244 g,$3.48
288,"SilkAlmond Beverage, Unsweetened, Dairy-Free, 946ml (Pack of 6)6x946mL",$11.98
289,"OasisSmootie, Strawberry and Dragon Fruit1.36 L",$3.48
290,"GatoradePerformance, Cool Blue8x355mL",$4.98c
291,"Ocean Spray100% Juice, Cranberry and Grape1.77 L",$3.98
292,President's Choice100% Apple Juice Not From Concentrate1.89 L,$2.68
293,"President's ChoiceRetro Monogram Mug, D1 ea",$4.48
294,President's ChoiceRed De-Alcoholized Wine With Natural Flavour750 mL,$6.48
295,TetleyEarl Grey Vanilla Specialty Cannister Pack24 ea,$2.98
296,"LotteMilkis, Yogurt & Milk1.50 L",$3.38
297,Fever TreeGinger Ale (Case)4x200mL,$5.98
298,Twinings50ct Pure Camomile50 ea,$9.98
299,LiptonBrisk Lemon Iced Tea710 mL,$1.08
300,"Blue DiamondAlmond Breeze, Chocolate946 mL",$2.98
301,Whole Bean Coffee340 g,$11.48
302,"Diet Coke Fiesty Cherry Cans, 8 Pack8x310mL",$4.48
303,President's ChoiceDouble Wall Tapered Mug1 ea,$8.48
304,"Blue DiamondAlmond Breeze, Unsweetened Vanilla946 mL",$2.98
305,LuxBlueberry Tea50 g,$2.28
306,MontellierMontellier Carbonated Mineral Water500 mL,$1.79
307,TropicanaEssentials (No Pulp)2.63 L,$5.48
308,President's ChoiceOrange Pekoe Premium Black Tea72 ea,$3.98
309,Coca-Cola (Case)12x355mL,$5.48
310,"So DeliciousCoconut Beverage, Original, Dairy-Free, 946ml946 mL",$2.78
311,Thirsty BuddhaCoconut Water490 mL,$2.98
312,Ocean SprayCranberry Mango Cocktail1.89 L,$3.68
313,"San PellegrinoSparkling Fruit Beverage, Pompelmo (Case)6x330mL",$4.48
314,Colombian Instant Coffee100 g,$5.28
315,No NameApple Juice10x200mL,$2.28
316,PC OrganicsMedium Roast Single Serve Coffee Pods12 ea,$8.98
317,OasisClassic Pure Apple Juice8x200mL,$2.98
318,Canada DryGinger Ale (Case)6x710mL,$3.98
319,LakewoodOrganic Pure Lime Juice370 mL,$4.98
320,"SimplyJuice Drink, Lemonade with Blueberry1.54 L",$4.28
321,"SilkAlmond Beverage, Vanilla Flavour, Dairy-Free, 946ml946 mL",$2.78
322,"Blue DiamondAlmond Breeze, Original946 mL",$2.98
323,"Ocean SprayJuice Drink, Diet Cranberry Cherry1.89 L",$3.68
324,"V8Vegetable Cocktail, Low Sodium1.89 L",$3.38
325,"Diet Coke Cans, 4 Pack4x310mL",$2.78
326,PC OrganicsCranberry946 mL,$6.98
327,"President's ChoiceHot Chocolate, Single Serve Pods    12 ea",$8.98
328,"Kool-AidJammers, Orange10x180mL",$2.48
329,"PerrierCarbonated Natural Spring Water, Slim Cans, Lime (Case)10x250mL",$6.48
330,Pepsi591 mL,$1.98
331,"TassimoTwinings Earl Grey Tea, 16 T-Discs16 ea",$7.98
332,"NescafeGOLD Vanilla Latte, Instant Coffee Sachets148 g",$4.98
333,President's ChoiceGourmet Medium Roast Fine Grind 100% Arabica Coffee930 g,$8.88
334,SimplySimply Lemonade2.63 L,$5.48
335,"SilkSoy Beverage, Original, Dairy-Free, 1.89L1.89 L",$3.98
336,"Sun Butter Spread Sunflower Butter, No-Sugar454 g",$6.98
337,PC Blue MenuFruit & Nut Mixed Berry Chewy Bars165 g,$2.58
338,No NameArtificial Vanilla Extract250 mL,$3.48
339,"No NameCake Mix, Devil's Food468 g",$1.68
340,"BuglesCorn Snacks, Original213 g",$1.98
341,ParleHide & Seek Fab! Orange Cookie112 g,$0.98
342,"Betty CrockerFruit Snacks, Animated Edition226 g",$2.98
343,"No NameCake Mix, Chocolate Deluxe468 g",$1.68
344,President's ChoiceRefrigerated Spring Herb Vinaigrette350 mL,$3.98
345,MaggiHot & Sweet Tomato Chili Sauce340 mL,$2.38
346,President's ChoiceRefrigerated Apple Cider Vinaigrette350 mL,$3.98
347,"Cucina AnticaPasta Sauce, Tuscany Pumpkin670 mL",$9.98
348,Club HousePure Almond Extract43 mL,$3.98
349,"Humpty DumptyParty Mix, Cheese280 g",$3.28
350,"GoldSealNo Drain White Tuna, Solid In Water Low Sodium100 g",$2.48
351,"ChristieTRISCUIT with Garlic, Onion & Poppy Seed200 g",$2.00
352,LotusJade Pearl Rice Ramen80 g,$2.28
353,Betty CrockerDessert Mix & Frosting Sugar177 g,$2.18
354,No NamePecan Pieces400 g,$11.98
355,"ChristieRitz Crisp & Thin Crackers, Barbecue115 g",$3.00
356,"ChristieRitz Crisp & Thin Crackers, Cheddar Cheese115 g",$3.00
357,"President's ChoicePasta Sauce, 7-Vegetable Primavera650 mL",$2.98
358,"TerraVegetable Chips, Mediterranean170 g",$4.48
359,No NameHoney Graham Crumbs400 g,$2.98
360,DececcoPasta Penne Lisce No. 40454 g,$2.48
361,"BritanniaMilk Bikis, Cookies540 g",$3.48
362,President's ChoiceMemories of Hong Kong350 mL,$3.28
363,No NamePure Olive Oil750 mL,$4.98
364,ClassicoRiserva Roasted Vegetables Pasta Sauce650 mL,$5.78
365,"Mega Sardines, In Tomato Sauce Chili Added155 g",$0.98
366,"Crispy MinisRice Chips, Cheddar100 g",$1.67
367,"ShirriffPudding & Pie Filling, Chocolate180 g",$2.18
368,"No Name Club PackCorn, Whole Kernel (Case)12x341mL",$11.48
369,Pure ProteinPlus Cookies n' Cream Bar60 g,$11.48
370,BicksSweet Gherkins Pickles375 mL,$4.48
371,President's Choice100% Safflower Oil946 mL,$5.48
372,President's ChoiceChickpea Tortilla Chips320 g,$2.98
373,"TostitosSalsa, Roasted Red Pepper423 mL",$3.48
374,"Twinkle Baker DecorTriplet Sprinkler, Pink Sprinkles185 g",$6.98
375,MailleDijon Originale Mustard200 mL,$3.28
376,"Grissini Breadsticks, Garlic125 g",$1.28
377,Hershey'sNatural Cocoa226 g,$4.48
378,ClassicoDi Siena Fire Roasted Tomato & Garlic Pasta Sauce650 mL,$3.38
379,Tootsie RollCaramel Apple Pops48x1ea,$5.94
380,No NameCoating Mix Fried142 g,$1.98
381,SunkistFruit Snacks864 g,$9.48
382,PC Blue MenuRed Split Lentils - Dry900 g,$3.28
383,Reddi BulkHot Chick Peas90 g,$1.00
384,GardeinMeat - Free the Ultimate Beefless Ground390 g,$5.48
385,Angie'sBoomchickapop Popcorn Real Butter 4 Microwave Fresh-Pop Bowls373 g,$5.98
386,"SilkAlmond Beverage, Unsweetened, Dairy-Free, 946ml (Pack of 6)6x946mL",$11.98
387,President's ChoiceGluten-Free Spaghetti340 g,$2.68
388,CaminoChocolate Chips Organic Unsweetened225 g,$6.28
389,"TerraVegetable Chips, Mediterranean170 g",$4.48
390,"Dairy Free Beverage, Chocolate1.42 L",$7.48
391,Solo GiEnergy Bar Nuts and Seeds Superfood with Baobab40 g,$2.48
392,"AnniesOrganic Crackers, Cheddar213 g",$4.48
393,SlammersSlammers Awesome360 g,$5.98
394,"LarabarFruit & Nut Energy Bar, Cashew48 g",$1.28
395,"KettlePotato Chips, Sea Salt220 g",$2.48
396,"LarabarFruit & Nut Energy Bar, Cashew (Case)16x48g",$14.98
397,PC OrganicsPink Lady Apples3 lb Bag,$5.98
398,"Enjoy LifeBars, Chocolate Chip & Caramel165 g",$3.48
399,Bobs Red MillFlour Tapioca454 g,$4.48
400,"NaturaOrganic Soy Beverage, Enriched Original946 mL",$2.28
401,Ethical BeanBold Dark Roast Whole Bean Coffee340 g,$11.98
402,Nature's PathGluten Free Chocolate Chip Waffle210 g,$4.48
403,Made GoodSweet & Salty Granola Bars24 g,$16.98c
404,GlutinoGluten-Free Multigrain English Muffins480 g,$4.98
405,"Nature's PathLove Crunch Granola, Dark Chocolate & Red Berries325 g",$5.98
406,TazoCalm Herbal Infusion Tea24 ea,$5.48
407,CENTRAL ROASTOrganic Walnut Halves285 g,$11.98
408,NutivaCoconut Manna Pouch Chocolate176 g,$6.98
409,Nature's PathCoconut Cashew Granola312 g,$6.98
410,"SpectrumWalnut Oil, Refined375 mL",$8.98
411,"PC OrganicsFlour, Whole Wheat2.50 kg",$7.98
412,"LarabarFruit & Nut Energy Bar, Apple (Case)16x45g",$14.98
413,Traditional MedicinalsOrganic Peppermint Herbal Tea20 ea,$4.98
414,"ClifBuilder's Bar, Peanut Butter68 g",$1.28
415,Organic Harvey & Vern's Olde Fashioned Ginger Beer355 mL,$1.88
416,Ethical BeanLush Medium Dark Roast Whole Bean Coffee340 g,$11.98
417,Cauliflower Crisps Classic Ranch70 g,$5.48
418,GraceOrganic Coconut Sugar500 g,$7.68
419,"Simply ProteinWhey, Chocolate Mint (Case)12x40g",$29.98c
420,LundbergCalifornia White Jasmine Rice907 g,$6.98
421,President's Choice100% Cricket Powder113 g,$14.98
422,"LarabarFruit & Nut Energy Bar, Apple225 g",$8.98
423,YogiLemon Ginger Herbal Tea16 ea,$5.48
424,"ClifNut Butter Filled Energy Bar, Chocolate Peanut50 g",$1.98
425,Eat NakdRaw Bar Cashew Cookie35 g,$1.28
426,"Coconut DreamCoconut Dream, Original946 mL",$2.48
427,PC OrganicsWhole Red Raspberries600 g,$6.48
428,"Made GoodOrganic Granola Bars, Chocolate Chip120 g",$4.98
429,"ClifWhey Protein Bar, Peanut Butter Chocolate (Case)8x56.13g",$18.98
430,Peanut Butter Chocolate Probiotic Bar (Case)12x40g,$31.98c
431,President's ChoiceGluten Free Blueberry Muffins372 g,$5.98
432,PampersBaby Wipes Sensitive 9X Pop-Top504 ea,$19.98
433,PampersBaby Wipes Sensitive 3X Refill 192 Count192 ea,$8.38
434,PampersPure Protection Diapers Size 2 68 Count68 ea,$19.94
435,PampersBaby-Dry Diapers Size 6 64 Count64 ea,$19.98
436,PampersBaby-Dry Diapers Size 4 92 Count92 ea,$19.98
437,PampersBaby-Dry Diapers Size 5 78 Count78 ea,$19.98
438,PampersPure Protection Diapers Size 4 52 Count52 ea,$22.54
439,PampersBaby-Dry Diapers Size 3 104 Count104 ea,$19.98
440,PampersBaby Wipes Sensitive 9X Pop-Top504 ea,$19.98
441,PampersBaby Wipes Sensitive 3X Refill 192 Count192 ea,$8.38
442,PampersPure Protection Diapers Size 2 68 Count68 ea,$19.94
443,PampersBaby-Dry Diapers Size 6 64 Count64 ea,$19.98
444,PampersBaby-Dry Diapers Size 4 92 Count92 ea,$19.98
445,PampersBaby-Dry Diapers Size 5 78 Count78 ea,$19.98
446,PampersPure Protection Diapers Size 4 52 Count52 ea,$22.54
447,PampersBaby-Dry Diapers Size 3 104 Count104 ea,$19.98
448,PampersBaby Wipes Sensitive 9X Pop-Top504 ea,$19.98
449,PampersBaby Wipes Sensitive 3X Refill 192 Count192 ea,$8.38
450,PampersPure Protection Diapers Size 2 68 Count68 ea,$19.94
451,PampersBaby-Dry Diapers Size 6 64 Count64 ea,$19.98
452,"PC OrganicsFruit, Veggie, & Oat Bars, Raspberry Beet90 g",$2.25
453,PC OrganicsToddler Blue Fruit Twist60 g,$3.98
454,PC OrganicsMango And Carrot Whole Grain Puffs Puffed Cereal42 g,$2.25
455,"PC OrganicsCereal, Multigrain Banana125 g",$2.25
456,"President's ChoiceYogurt Melt, Mixed Berry1 ea",$3.28
457,"PC OrganicsOrange, Carrot & Cinnamon Fruit, Veggie And Oat Bars90 g",$2.25
458,PC OrganicsApple And Strawberry Whole Grain Puffs Puffed Cereal42 g,$2.25
459,PC OrganicsCheddar Cheese Whole Grain Puffs42 g,$2.25
460,PC OrganicsSpaghetti in Turkey Meat Sauce185 g,$2.25
461,PC OrganicsStrawberry Mango Naturally Flavoured Fruit Snack60 g,$3.98
462,PC OrganicsAnimal Cookies For Toddlers 170 g,$2.25
463,President's ChoiceNaturally Flavoured Toddlers Strawberry Yogurt Snack1 ea,$3.28
464,"President's ChoiceTotal Pediatric Nutrition, Vanilla6x235mL",$9.98
465,PC OrganicsMashed Potatoes & Turkey185 g,$2.25
466,"PC OrganicsMini Cereal Bars, Berry Pomegranate160 g",$2.25
467,PC OrganicsOrganics Broccoli And Kale Baked Whole Grain Corn Puffs42 g,$2.25
468,PC OrganicsPurple Carrot And Blueberry Whole Grain Puffs Puffed Cereal42 g,$2.25
469,PC OrganicsToddler Apple Juice1 L,$1.88
470,PC OrganicsStars Pasta454 g,$2.25
471,"PC OrganicsToddler Entrée, Fruity Chicken185 g",$2.25
472,"PC OrganicsToddlers Mini Pasta, Bowties454 g",$2.25
473,"PC OrganicsToddler Mini Pasta, Alphabet454 g",$2.25
474,"PC OrganicsMini Cereal Bars, Banana Berry160 g",$2.25
475,"PC OrganicsMini Cereal Bars, Apple, Acai160 g",$2.25
476,"PC OrganicsMini Cereal Bars, Blueberry160 g",$2.25
477,PC OrganicsBroccoli And Spinach Whole Grain Puffs Puffed Cereal42 g,$2.25
478,"PC OrganicsFruit, Veggie, & Oat Bars, Raspberry Beet90 g",$2.25
479,PC OrganicsToddler Blue Fruit Twist60 g,$3.98
480,PC OrganicsMango And Carrot Whole Grain Puffs Puffed Cereal42 g,$2.25
481,"PC OrganicsCereal, Multigrain Banana125 g",$2.25
482,"President's ChoiceYogurt Melt, Mixed Berry1 ea",$3.28
483,"PC OrganicsOrange, Carrot & Cinnamon Fruit, Veggie And Oat Bars90 g",$2.25
484,PC OrganicsApple And Strawberry Whole Grain Puffs Puffed Cereal42 g,$2.25
485,PC OrganicsCheddar Cheese Whole Grain Puffs42 g,$2.25
486,PC OrganicsSpaghetti in Turkey Meat Sauce185 g,$2.25
487,PC OrganicsStrawberry Mango Naturally Flavoured Fruit Snack60 g,$3.98
488,PC OrganicsAnimal Cookies For Toddlers 170 g,$2.25
489,President's ChoiceNaturally Flavoured Toddlers Strawberry Yogurt Snack1 ea,$3.28
490,"President's ChoiceTotal Pediatric Nutrition, Vanilla6x235mL",$9.98
491,PC OrganicsMashed Potatoes & Turkey185 g,$2.25
492,"PC OrganicsMini Cereal Bars, Berry Pomegranate160 g",$2.25
493,PC OrganicsOrganics Broccoli And Kale Baked Whole Grain Corn Puffs42 g,$2.25
494,PC OrganicsPurple Carrot And Blueberry Whole Grain Puffs Puffed Cereal42 g,$2.25
495,PC OrganicsToddler Apple Juice1 L,$1.88
496,PC OrganicsStars Pasta454 g,$2.25
497,"PC OrganicsToddler Entrée, Fruity Chicken185 g",$2.25
498,"PC OrganicsToddlers Mini Pasta, Bowties454 g",$2.25
499,"PC OrganicsToddler Mini Pasta, Alphabet454 g",$2.25
500,"PC OrganicsMini Cereal Bars, Banana Berry160 g",$2.25
501,"PC OrganicsMini Cereal Bars, Apple, Acai160 g",$2.25
502,"PC OrganicsMini Cereal Bars, Blueberry160 g",$2.25
503,PC OrganicsBroccoli And Spinach Whole Grain Puffs Puffed Cereal42 g,$2.25
504,"PC OrganicsFruit, Veggie, & Oat Bars, Raspberry Beet90 g",$2.25
505,PC OrganicsToddler Blue Fruit Twist60 g,$3.98
506,PC OrganicsMango And Carrot Whole Grain Puffs Puffed Cereal42 g,$2.25
507,"PC OrganicsCereal, Multigrain Banana125 g",$2.25
508,LansinohNursing Pads100 ea,$12.98
509,"MunchkinMiracle 360 Trainer Cup, 7oz1 ea",$7.98
510,KushiesSilibeads Pacifier Clip1 ea,$11.98
511,Snotsucker Nasal Aspirator1 ea,$21.98
512,Baby Brezza Formula Pro Advanced1 ea,$239.98
513,LansinohNursing Pads100 ea,$12.98
514,"MunchkinMiracle 360 Trainer Cup, 7oz1 ea",$7.98
515,KushiesSilibeads Pacifier Clip1 ea,$11.98
516,Snotsucker Nasal Aspirator1 ea,$21.98
517,Baby Brezza Formula Pro Advanced1 ea,$239.98
518,LansinohNursing Pads100 ea,$12.98
519,"MunchkinMiracle 360 Trainer Cup, 7oz1 ea",$7.98
520,KushiesSilibeads Pacifier Clip1 ea,$11.98
521,Snotsucker Nasal Aspirator1 ea,$21.98
522,Sistema Small Soup Mug1 ea,$6.28
523,President's ChoiceLawn & Leaf Bags5 ea,$2.98
524,RubbermaidTake A Long Lids and Container Deep Square Pack 1.2L4x1ea,$4.98
525,GladSquare Plates 100 Set100x1ea,$16.48
526,PapermateStarter Set5 ea,$4.98
527,"PapermateFelt Tip Pens, Flair Colours12 ea",$13.98
528,GainLaundry Detergent Liquid 2X High Suds Blissful Breeze Regular1.47 L,$5.98
529,"TideLiquid Pods, Original16 ea",$5.48
530,"CottonelleFlushable Cleansing Cloths, FreshCare Refills84 ea",$6.98
531,"TideLiquid Pod, Scent Free & Gentle16 ea",$5.48
532,RubbermaidTake Alongs 3 Liquid Storage Containers + Lids3x1ea,$4.98
533,GainLaundry Detergent Liquid 2X High Suds Blissful Breeze Regular2.95 L,$8.98
534,TideLaundry Detergent Liquid 2X High Suds Refreshing Breeze Simply With Oxi3.40 L,$10.98
535,GainLaundry Detergent Liquid Pod Blissful Breeze14 ea,$4.98
536,"Post itNotes, Canary1 ea",$9.98
537,Snack Capsule To Go1 ea,$6.28
538,SylvaniaR14 Reflector 25W Light Bulb1 ea,$4.98
539,CrayolaShort Coloured Pencils1 ea,$9.98
540,"EnergizerEZ Turn & Lock Size 13, 8-Pack, Orange8 ea",$11.98
541,"No NameRed Plastic Beer Cups, 16oz50x1ea",$3.44
542,President's Choice12PC Tritan In Tote1 ea,$18.98
543,LysolToilet Bowl Cleaner Power710 mL,$3.78
544,"Eco-MaxUltra Dish Wash, Natural Lavender740 mL",$4.28
545,SharpieAssorted Metallic Markers3 ea,$5.98
546,Arm & HammerColdwater Clean Fresh Scent Laundry Detergent 100 Loads4.43 L,$10.98
547,"Life at HomePedal Bin, 42L Stainless Steel1 ea",$38.98
548,SylvaniaPAR38 Halogen Flood Lights 39W2x1ea,$14.98
549,"GladWax Melts, Warmer1 ea",$14.98
550,"Everyday EssentialsKraft Envelopes 10x13""1 ea",$1.48
551,"PledgeNatural Beauty, Lemon275 g",$6.48
552,#8 5MM Knitting Needles 35MM1 ea,$4.98
553,Scrubbing BubblesToilet Cling Gel Hydra Peroxide1 ea,$2.98
554,Easy OffProfessional Oven Cleaner Fume Free Max Lemon400 g,$4.98
555,Liquid PlumberUrgent Clear502 mL,$5.48
556,"Everyday EssentialsLight Bulbs, A19 60W LED Soft White2x1ea",$7.98
557,"EnergizerMAX Alkaline AAA Batteries, 10 Pack10x1ea",$14.98
558,"ZiplocSandwich Bags, Value Pack180 ea",$6.98
559,"FleecyLiquid Fabric Softener, Aroma Therapy Calm3 L",$8.48
560,"Eco-MaxLaundry Wash, Natural Orange3 L",$12.98
561,DownyUnstoppables Fabric Enhancers Fresh162 g,$7.98
562,ZiplocSandwich Bags4 ea,$11.98
563,Sylvania15000 Hour LED 3.5W B102x1ea,$16.48
564,"GainAroma Boost Liquid Laundry Detergent with Febreze Freshness, Moonlight Breeze, 96 Loads4.43 L",$16.98
565,"GladeWax Melt Refill, Apple Cinnamon6 ea",$4.98
566,"Pine SolPine Sol, Rainforest Dew1.41 L",$4.98
567,"PapermateStick Ballpoint Pens, Blue10x1Pack",$2.28
568,"LysolAll Purpose Cleaner, Trigger, Lemon, 650ml, Powerful Cleaning & Freshening650 mL",$3.78
569,Dryer Balls 100% Wool 3x Extra Large Wool Balls3 ea,$14.98
570,"LOreal ParisVoluminous Waterproof Mascara, Brown8 mL",$6.00
571,"MaybellineGreat Lash Mascara, Very Black12.70 mL",$4.96
572,LOreal ParisTrue Match Lumi Healthy Luminous Makeup1 ea,$10.98
573,"MaybellineFit Me! Foundation, SPF 18, Classic Ivory30 mL",$5.98
574,"RevlonSo Fierce Vinyl Eyeliner, Powerful Plum1 ea",$9.98
575,LOreal ParisVoluminous 300 White Primer7 mL,$6.00
576,"LOreal ParisVoluminous Waterproof Mascara, Black8 mL",$6.00
577,"Rimmel LondonLasting Finish Extreme Lipstick, Thirsty Bae1 ea",$8.98
578,"RevlonSo Fierce Mascara, Blackest Black1 ea",$9.98
579,"Cover GirlLashblast Mascara, Very Black13.10 mL",$6.98
580,MaybellineVolum' Express The Colossal Washable Mascara - Glam Black9.20 mL,$4.98
581,MaybellineLash Sensational Volumizing Mascara 253 Blackest Black1 ea,$6.98
582,"MaybellineInstant Age Rewind Eraser, Neutralizer6 mL",$12.98
583,"MaybellineInstant Age Rewind Eraser Concealer, Fair6 mL",$12.98
584,"Cover GirlUltra Matte Lipstick, High Roller1 ea",$7.98
585,MaybellineNew York Fit Me! Concealer 20 Sand6.80 mL,$5.98
586,MaybellineSuperstay Matte Ink Lip Founder5 mL,$8.98
587,"LOreal ParisInfallible Super Slim Liquid Eyeliner, Black1 mL",$11.98
588,"MaybellineFit Me Concealer, Fair6.80 mL",$5.98
589,"Cover GirlClean Oil Control, Pressed Powder, Puff Beige10 g",$6.98
590,"MaybellineEye Studio Brow Define + Fill Duo, Soft Brown0.10 mL",$8.98
591,"MaybellineGreat Lash Waterproof Mascara, Very Black12.70 mL",$4.96
592,"Cover GirlPerfect Point Plus Eye Liner, Espresso0.23 g",$6.98
593,"ElfStudio Face Primer, Poreless1 ea",$8.00
594,"MaybellineGreat Lash Waterproof Mascara, Brown Black12.70 mL",$4.96
595,"MaybellineUnstoppable Eyeliner, Waterproof & Smudge-Proof, Onyx1 ea",$7.98
596,"Cover GirlPerfect Point Plus Eye Liner, Black Onyx0.23 g",$6.98
597,"LOreal ParisTelescopic Mascara, Black1 ea",$11.98
598,MaybellineNew York Fit Me! Foundation 340 Cappuccino30 mL,$5.98
599,MaybellineInstant Age Rewind Concealer + Treatment 120 Light 6.0 ml6 mL,$12.98
600,LOreal ParisBrow Stylist Definer Ultra-Fine Tip Shaping Pencil 390 Dark Brunette0.24 g,$8.98
601,"LOreal ParisVoluminous Original Waterproof Mascara, Carbon Black8 mL",$6.00
602,LOreal ParisLash Volume Mascara 8 mL,$6.00
603,"LOreal ParisTelescopic Mascara, Carbon Black8 mL",$11.98
604,"LOreal ParisTelescopic Mascara, Blackest Black1 ea",$11.98
605,"Cover GirlLashblast Mascara, Black13.10 mL",$6.98
606,"MaybellineDream Fresh 8-In-1 Beauty Balm, Light Tint1 ea",$10.98
607,LOreal ParisVoluminous Original Bold Volume Building Mascara 305 Black8 mL,$6.00
608,"LOreal ParisDouble Extend Beauty Tubes Mascara, Blackest Black6.20 mL",$11.98
609,"MaybellineVolum' Express The Colossal Waterproof Mascara, Glam Black9.20 mL",$4.98
610,"Cover GirlLashblast Fusion Mascara, Very Black13.10 mL",$6.98
611,"RevlonColorstay Eyeliner, Black-Brown1 ea",$9.98
612,"LOreal ParisInfallible Never Fail Eyeliner, Black1.14 g",$12.98
613,"Cover GirlLashblast Volume Blasting Mascara, Very Black13.10 mL",$6.98
614,LOreal ParisInfallible Pro-Spray & Makeup Extender Setting Spray1 ea,$17.98
615,"RevlonColorstay Eyeliner Pencil, Black1 ea",$9.98
616,"LOreal ParisVoluminous Curved Brush Mascara, Black Brown8 mL",$6.00
617,"MaybellineLash Sensational Mascara, Very Black1 ea",$6.98
618,"Sinful ColoursNail Colour, Spice1 ea",$3.99
619,"MaybellineVolum' Express The Colossal Washable Mascara, Classic Black9.20 mL",$4.98
620,"LOreal ParisVoluminous Mascara, Carbon Black8 mL",$6.00
621,"LOreal ParisVoluminous Curved Brush Mascara, Black8 mL",$6.00
622,"MaybellineGreat Lash Mascara, Blackest Black12.70 mL",$4.96
623,"MaybellineFit Me Matte Foundation, Classic Ivory1 ea",$5.98
624,"RevlonPhotoReady Face Powder, Light Medium1 ea",$13.58
625,"Cover GirlUltra Matte Lipstick, Real Thing1 ea",$7.98
626,LOreal ParisBrow Stylist Definer Ultra-Fine Tip Shaping Pencil 389 Brunette0.24 g,$8.98
627,"LOreal ParisVoluminous Waterproof Mascara, Brown8 mL",$6.00
628,"MaybellineGreat Lash Mascara, Very Black12.70 mL",$4.96
629,LOreal ParisTrue Match Lumi Healthy Luminous Makeup1 ea,$10.98
630,"MaybellineFit Me! Foundation, SPF 18, Classic Ivory30 mL",$5.98
631,"RevlonSo Fierce Vinyl Eyeliner, Powerful Plum1 ea",$9.98
632,LOreal ParisVoluminous 300 White Primer7 mL,$6.00
633,"LOreal ParisVoluminous Waterproof Mascara, Black8 mL",$6.00
634,"Rimmel LondonLasting Finish Extreme Lipstick, Thirsty Bae1 ea",$8.98
635,"RevlonSo Fierce Mascara, Blackest Black1 ea",$9.98
636,"Cover GirlLashblast Mascara, Very Black13.10 mL",$6.98
637,MaybellineVolum' Express The Colossal Washable Mascara - Glam Black9.20 mL,$4.98
638,MaybellineLash Sensational Volumizing Mascara 253 Blackest Black1 ea,$6.98
639,"MaybellineInstant Age Rewind Eraser, Neutralizer6 mL",$12.98
640,"MaybellineInstant Age Rewind Eraser Concealer, Fair6 mL",$12.98
641,"Cover GirlUltra Matte Lipstick, High Roller1 ea",$7.98
642,MaybellineNew York Fit Me! Concealer 20 Sand6.80 mL,$5.98
643,MaybellineSuperstay Matte Ink Lip Founder5 mL,$8.98
644,"LOreal ParisInfallible Super Slim Liquid Eyeliner, Black1 mL",$11.98
645,"MaybellineFit Me Concealer, Fair6.80 mL",$5.98
646,"Cover GirlClean Oil Control, Pressed Powder, Puff Beige10 g",$6.98
647,"MaybellineEye Studio Brow Define + Fill Duo, Soft Brown0.10 mL",$8.98
648,"MaybellineGreat Lash Waterproof Mascara, Very Black12.70 mL",$4.96
649,"Cover GirlPerfect Point Plus Eye Liner, Espresso0.23 g",$6.98
650,"ElfStudio Face Primer, Poreless1 ea",$8.00
651,"MaybellineGreat Lash Waterproof Mascara, Brown Black12.70 mL",$4.96
652,"MaybellineUnstoppable Eyeliner, Waterproof & Smudge-Proof, Onyx1 ea",$7.98
653,"Cover GirlPerfect Point Plus Eye Liner, Black Onyx0.23 g",$6.98
654,"LOreal ParisTelescopic Mascara, Black1 ea",$11.98
655,MaybellineNew York Fit Me! Foundation 340 Cappuccino30 mL,$5.98
656,MaybellineInstant Age Rewind Concealer + Treatment 120 Light 6.0 ml6 mL,$12.98
657,LOreal ParisBrow Stylist Definer Ultra-Fine Tip Shaping Pencil 390 Dark Brunette0.24 g,$8.98
658,"LOreal ParisVoluminous Original Waterproof Mascara, Carbon Black8 mL",$6.00
659,LOreal ParisLash Volume Mascara 8 mL,$6.00
660,"LOreal ParisTelescopic Mascara, Carbon Black8 mL",$11.98
661,"LOreal ParisTelescopic Mascara, Blackest Black1 ea",$11.98
662,"Cover GirlLashblast Mascara, Black13.10 mL",$6.98
663,"MaybellineDream Fresh 8-In-1 Beauty Balm, Light Tint1 ea",$10.98
664,LOreal ParisVoluminous Original Bold Volume Building Mascara 305 Black8 mL,$6.00
665,"LOreal ParisDouble Extend Beauty Tubes Mascara, Blackest Black6.20 mL",$11.98
666,"MaybellineVolum' Express The Colossal Waterproof Mascara, Glam Black9.20 mL",$4.98
667,"Cover GirlLashblast Fusion Mascara, Very Black13.10 mL",$6.98
668,"RevlonColorstay Eyeliner, Black-Brown1 ea",$9.98
669,"LOreal ParisInfallible Never Fail Eyeliner, Black1.14 g",$12.98
670,"Cover GirlLashblast Volume Blasting Mascara, Very Black13.10 mL",$6.98
671,LOreal ParisInfallible Pro-Spray & Makeup Extender Setting Spray1 ea,$17.98
672,"RevlonColorstay Eyeliner Pencil, Black1 ea",$9.98
673,"LOreal ParisVoluminous Curved Brush Mascara, Black Brown8 mL",$6.00
674,"MaybellineLash Sensational Mascara, Very Black1 ea",$6.98
675,"Sinful ColoursNail Colour, Spice1 ea",$3.99
676,"MaybellineVolum' Express The Colossal Washable Mascara, Classic Black9.20 mL",$4.98
677,"LOreal ParisVoluminous Mascara, Carbon Black8 mL",$6.00
678,"LOreal ParisVoluminous Curved Brush Mascara, Black8 mL",$6.00
679,"MaybellineGreat Lash Mascara, Blackest Black12.70 mL",$4.96
680,"MaybellineFit Me Matte Foundation, Classic Ivory1 ea",$5.98
681,"RevlonPhotoReady Face Powder, Light Medium1 ea",$13.58
682,"Cover GirlUltra Matte Lipstick, Real Thing1 ea",$7.98
683,LOreal ParisBrow Stylist Definer Ultra-Fine Tip Shaping Pencil 389 Brunette0.24 g,$8.98
684,"LOreal ParisVoluminous Waterproof Mascara, Brown8 mL",$6.00
685,"MaybellineGreat Lash Mascara, Very Black12.70 mL",$4.96
686,LOreal ParisTrue Match Lumi Healthy Luminous Makeup1 ea,$10.98
687,"MaybellineFit Me! Foundation, SPF 18, Classic Ivory30 mL",$5.98
688,"AnnabelleSatin Single Eyeshadow, Aura2 ea",$5.98
689,Cover GirlLid Lock Up Eye Shadow Primer 100 Universal1 ea,$8.98
690,"Joe Fresh StyleEyeshadow, Meteor1 ea",$2.94
691,"AnnabelleSatin Single Eyeshadow, Cloud 1212 ea",$5.98
692,"AnnabelleMatte Single Eyeshadow, Ivory 2252 ea",$5.98
693,"AnnabelleSingle Eyeshadow, Metallic Turquoise1 ea",$5.98
694,MaybellineThe Matte Bar Eye Shadow Palette1 ea,$14.98
695,"Joe Fresh StyleEyeshadow, Chmpgne1 ea",$2.94
696,"AnnabelleSatin Single Eyeshadow, Aura2 ea",$5.98
697,Cover GirlLid Lock Up Eye Shadow Primer 100 Universal1 ea,$8.98
698,"Joe Fresh StyleEyeshadow, Meteor1 ea",$2.94
699,"AnnabelleSatin Single Eyeshadow, Cloud 1212 ea",$5.98
700,"AnnabelleMatte Single Eyeshadow, Ivory 2252 ea",$5.98
701,"AnnabelleSingle Eyeshadow, Metallic Turquoise1 ea",$5.98
702,MaybellineThe Matte Bar Eye Shadow Palette1 ea,$14.98
703,"Joe Fresh StyleEyeshadow, Chmpgne1 ea",$2.94
704,"AnnabelleSatin Single Eyeshadow, Aura2 ea",$5.98
705,Cover GirlLid Lock Up Eye Shadow Primer 100 Universal1 ea,$8.98
706,"Joe Fresh StyleEyeshadow, Meteor1 ea",$2.94
707,"AnnabelleSatin Single Eyeshadow, Cloud 1212 ea",$5.98
708,Cover GirlCG EXH MASCARA NORTHERN BLACK1 ea,$9.98
709,"Cover GirlLashblast Volume Blasting Mascara, Very Black13.10 mL",$6.98
710,"LOreal ParisVoluminous Superstar Waterproof Mascara, Blackest Black12.70 mL",$10.98
711,"Cover GirlLashblast Fusion Water Resistant Mascara, Black Brown13.10 mL",$6.98
712,"Cover GirlLashblast Mascara, Black/Brown13.10 mL",$6.98
713,Rimmel LondonWonderluxe Mascara Black1 ea,$6.98
714,"LOreal ParisTelescopic Mascara, Black1 ea",$11.98
715,"Cover GirlLashblast Fusion Mascara, Very Black13.10 mL",$6.98
716,"LOreal ParisVoluminous Superstar Waterproof Mascara, Blackest Black12.70 mL",$10.98
717,"Cover GirlLashblast Mascara, Black13.10 mL",$6.98
718,LOreal ParisVoluminous Original Bold Volume Building Mascara 305 Black8 mL,$6.00
719,Cover GirlCG EXH MASCARA NORTHERN BLACK1 ea,$9.98
720,"Cover GirlLashblast Volume Blasting Mascara, Very Black13.10 mL",$6.98
721,"LOreal ParisVoluminous Superstar Waterproof Mascara, Blackest Black12.70 mL",$10.98
722,"Cover GirlLashblast Fusion Water Resistant Mascara, Black Brown13.10 mL",$6.98
723,"Cover GirlLashblast Mascara, Black/Brown13.10 mL",$6.98
724,Rimmel LondonWonderluxe Mascara Black1 ea,$6.98
725,"LOreal ParisTelescopic Mascara, Black1 ea",$11.98
726,"Cover GirlLashblast Fusion Mascara, Very Black13.10 mL",$6.98
727,"LOreal ParisVoluminous Superstar Waterproof Mascara, Blackest Black12.70 mL",$10.98
728,"Cover GirlLashblast Mascara, Black13.10 mL",$6.98
729,LOreal ParisVoluminous Original Bold Volume Building Mascara 305 Black8 mL,$6.00
730,Cover GirlCG EXH MASCARA NORTHERN BLACK1 ea,$9.98
731,"Cover GirlLashblast Volume Blasting Mascara, Very Black13.10 mL",$6.98
732,"LOreal ParisVoluminous Superstar Waterproof Mascara, Blackest Black12.70 mL",$10.98
733,"Cover GirlLashblast Fusion Water Resistant Mascara, Black Brown13.10 mL",$6.98
734,"Cover GirlEyeliner Ink, Gray All Day1 ea",$9.98
735,"Cover GirlEyeliner Ink, Black1 ea",$9.98
736,LOreal ParisInfallible Never Fail Mechanical Eyeliner Original 541 Navy1.14 g,$12.98
737,LOreal ParisInfallible Never Fail Mechanical Eyeliner Original 521 Slate1.14 g,$12.98
738,Cover GirlEyeliner Amber Intensity1 ea,$9.98
739,Cover GirlGet In Line Liquid Liner 325 Black Vinyl1 ea,$9.98
740,"Cover GirlEyeliner Ink, Gray All Day1 ea",$9.98
741,"Cover GirlEyeliner Ink, Black1 ea",$9.98
742,LOreal ParisInfallible Never Fail Mechanical Eyeliner Original 541 Navy1.14 g,$12.98
743,LOreal ParisInfallible Never Fail Mechanical Eyeliner Original 521 Slate1.14 g,$12.98
744,Cover GirlEyeliner Amber Intensity1 ea,$9.98
745,Cover GirlGet In Line Liquid Liner 325 Black Vinyl1 ea,$9.98
746,"Cover GirlEyeliner Ink, Gray All Day1 ea",$9.98
747,"Cover GirlEyeliner Ink, Black1 ea",$9.98
748,LOreal ParisInfallible Never Fail Mechanical Eyeliner Original 541 Navy1.14 g,$12.98
749,LOreal ParisInfallible Never Fail Mechanical Eyeliner Original 521 Slate1.14 g,$12.98
750,RevlonSuper Lustrous Lipstick Pearl 457 Wild Orchid1 ea,$5.98
751,RevlonSuper Lustrous Lipstick Pearl 420 Blushed1 ea,$5.98
752,RevlonSuper Lustrous Lip Gloss 255 Sandstorm1 ea,$5.98
753,"MilaniColor Statement Lipstick, Naturally Chic1 ea",$5.58
754,"Rimmel LondonKate Moss, Lipstick, 41 Nude1 ea",$6.98
755,RevlonUltra HD Matte Lipcolor 655 HD Kisses1 ea,$7.98
756,"MilaniColor Statement Lipstick, Pink Frost1 ea",$5.58
757,"Cover GirlColorlicious Lipstick, Caramel Kiss 2403.50 g",$7.98
758,"RevlonUltra HD Matte LipColor, Forever1 ea",$7.98
759,RevlonSuper Lustrous Lip Gloss 243 Solar Coral1 ea,$5.98
760,RevlonSuper Lustrous Lipstick Pearl 103 Caramel Glace1 ea,$5.98
761,RevlonSuper Lustrous Lipstick Pearl 205 Champagne on Ice1 ea,$5.98
762,RevlonSuper Lustrous Lip Gloss 207 Sky Pink1 ea,$5.98
763,RevlonSuper Lustrous Lipstick Crème 463 Sassy Mauve1 ea,$5.98
764,"MilaniColor Statement Lipstick, Sangria1 ea",$5.58
765,RevlonRevlonUltra HD Matte Lipcolor 660 HD Romance 5.9 ml1 ea,$7.98
766,RevlonSuper Lustrous Lipstick Pearl 657 Fuchsia Fusion1 ea,$5.98
767,RevlonSuper Lustrous Lipstick Crème 654 Ravish Me Red1 ea,$5.98
768,"MilaniColor Statement Lipstick, Nude Crème1 ea",$5.58
769,RevlonSuper Lustrous Lipstick Crème 535 Rum Raisin1 ea,$5.98
770,RevlonSuper Lustrous Lip Gloss 247 Desert Spice1 ea,$5.98
771,RevlonSuper Lustrous Lipstick Crème 440 Cherries in the Snow1 ea,$5.98
772,RevlonSuper Lustrous Lipstick Pearl 457 Wild Orchid1 ea,$5.98
773,RevlonSuper Lustrous Lipstick Pearl 420 Blushed1 ea,$5.98
774,RevlonSuper Lustrous Lip Gloss 255 Sandstorm1 ea,$5.98
775,"MilaniColor Statement Lipstick, Naturally Chic1 ea",$5.58
776,"Rimmel LondonKate Moss, Lipstick, 41 Nude1 ea",$6.98
777,RevlonUltra HD Matte Lipcolor 655 HD Kisses1 ea,$7.98
778,"MilaniColor Statement Lipstick, Pink Frost1 ea",$5.58
779,"Cover GirlColorlicious Lipstick, Caramel Kiss 2403.50 g",$7.98
780,"RevlonUltra HD Matte LipColor, Forever1 ea",$7.98
781,RevlonSuper Lustrous Lip Gloss 243 Solar Coral1 ea,$5.98
782,RevlonSuper Lustrous Lipstick Pearl 103 Caramel Glace1 ea,$5.98
783,RevlonSuper Lustrous Lipstick Pearl 205 Champagne on Ice1 ea,$5.98
784,RevlonSuper Lustrous Lip Gloss 207 Sky Pink1 ea,$5.98
785,RevlonSuper Lustrous Lipstick Crème 463 Sassy Mauve1 ea,$5.98
786,"MilaniColor Statement Lipstick, Sangria1 ea",$5.58
787,RevlonRevlonUltra HD Matte Lipcolor 660 HD Romance 5.9 ml1 ea,$7.98
788,RevlonSuper Lustrous Lipstick Pearl 657 Fuchsia Fusion1 ea,$5.98
789,RevlonSuper Lustrous Lipstick Crème 654 Ravish Me Red1 ea,$5.98
790,"MilaniColor Statement Lipstick, Nude Crème1 ea",$5.58
791,RevlonSuper Lustrous Lipstick Crème 535 Rum Raisin1 ea,$5.98
792,RevlonSuper Lustrous Lip Gloss 247 Desert Spice1 ea,$5.98
793,RevlonSuper Lustrous Lipstick Crème 440 Cherries in the Snow1 ea,$5.98
794,RevlonSuper Lustrous Lipstick Pearl 457 Wild Orchid1 ea,$5.98
795,RevlonSuper Lustrous Lipstick Pearl 420 Blushed1 ea,$5.98
796,RevlonSuper Lustrous Lip Gloss 255 Sandstorm1 ea,$5.98
797,"MilaniColor Statement Lipstick, Naturally Chic1 ea",$5.58
798,"MilaniColor Statement Lip Liner, Bordeaux1 ea",$3.18
799,"AnnabelleLipliner, Cherry1 ea",$5.98
800,LOreal ParisColour Riche Anti-Feathering Lip Liner 780 au Naturale1 ea,$6.98
801,LOreal ParisColour Riche Anti-Feathering Lip Liner 781 Nudes For Life1 ea,$6.98
802,"MilaniColor Statement Lip Liner, Nude1 ea",$3.18
803,"LOreal ParisColour Riche Lip Liner, Lasting Plum1 ea",$6.98
804,"MilaniColor Statement Lip Liner, Bordeaux1 ea",$3.18
805,"AnnabelleLipliner, Cherry1 ea",$5.98
806,LOreal ParisColour Riche Anti-Feathering Lip Liner 780 au Naturale1 ea,$6.98
807,LOreal ParisColour Riche Anti-Feathering Lip Liner 781 Nudes For Life1 ea,$6.98
808,"MilaniColor Statement Lip Liner, Nude1 ea",$3.18
809,"LOreal ParisColour Riche Lip Liner, Lasting Plum1 ea",$6.98
810,"MilaniColor Statement Lip Liner, Bordeaux1 ea",$3.18
811,"AnnabelleLipliner, Cherry1 ea",$5.98
812,LOreal ParisColour Riche Anti-Feathering Lip Liner 780 au Naturale1 ea,$6.98
813,LOreal ParisColour Riche Anti-Feathering Lip Liner 781 Nudes For Life1 ea,$6.98
814,"MilaniBaked Blush, Berry Amore1 ea",$7.99
815,"MilaniBaked Blush, Dolce Pink1 ea",$7.98
816,"MilaniRose Powder Blush, Romantic Rose1 ea",$7.98
817,"RevlonPowder Blush, Naughty Nude1 ea",$9.98
818,LOreal ParisTrue Match Super-Blendable Cool Blush C1-2 Baby Blossoms 6.0 g1 ea,$10.98
819,LOreal ParisTrue Match Super-Blendable Warm Blush W3-4 Barely Blushing 6.0 g1 ea,$10.98
820,"Cover GirlCheekers Blush, Soft Sable3.40 g",$2.84
821,"Cover GirlCheekers Blush, Classic Pink3.40 g",$2.84
822,"RevlonPowder Blush, Oh Baby Pink1 ea",$9.98
823,"MilaniBaked Blush, Luminoso1 ea",$7.98
824,"LOreal ParisTrue Match Blush, Tender Rose1 ea",$10.98
825,"MilaniBaked Blush, Rose Doro1 ea",$7.98
826,RevlonPowder Blush 003 Mauvelous 5.0 g1 ea,$9.98
827,"ElfBlush Palette, Light1 ea",$5.94
828,AnnabelleBlush #32 Pronto1 ea,$5.26
829,"MilaniBaked Blush, Berry Amore1 ea",$7.99
830,"MilaniBaked Blush, Dolce Pink1 ea",$7.98
831,"MilaniRose Powder Blush, Romantic Rose1 ea",$7.98
832,"RevlonPowder Blush, Naughty Nude1 ea",$9.98
833,LOreal ParisTrue Match Super-Blendable Cool Blush C1-2 Baby Blossoms 6.0 g1 ea,$10.98
834,LOreal ParisTrue Match Super-Blendable Warm Blush W3-4 Barely Blushing 6.0 g1 ea,$10.98
835,"Cover GirlCheekers Blush, Soft Sable3.40 g",$2.84
836,"Cover GirlCheekers Blush, Classic Pink3.40 g",$2.84
837,"RevlonPowder Blush, Oh Baby Pink1 ea",$9.98
838,"MilaniBaked Blush, Luminoso1 ea",$7.98
839,"LOreal ParisTrue Match Blush, Tender Rose1 ea",$10.98
840,"MilaniBaked Blush, Rose Doro1 ea",$7.98
841,RevlonPowder Blush 003 Mauvelous 5.0 g1 ea,$9.98
842,"ElfBlush Palette, Light1 ea",$5.94
843,AnnabelleBlush #32 Pronto1 ea,$5.26
844,"MilaniBaked Blush, Berry Amore1 ea",$7.99
845,"MilaniBaked Blush, Dolce Pink1 ea",$7.98
846,"MilaniRose Powder Blush, Romantic Rose1 ea",$7.98
847,"RevlonPowder Blush, Naughty Nude1 ea",$9.98
848,"LOreal ParisInfallible Fresh Wear Foundation, Natural30 mL",$17.98
849,"MaybellineFit Me! Foundation, SPF 18, Nude Beige30 mL",$5.98
850,"MaybellineFit Me! Foundation, SPF 18, Classic Ivory30 mL",$5.98
851,MaybellineMaybelline New York Dream Matte Mousse Nude Light 4 Foundation15 g,$12.98
852,MaybellineFit Me! Hydrate+Smooth Foundation 210 Sandy Beige SPF 1830 mL,$5.98
853,MaybellineDream Matte Mousse Pure Beige Medium 2 Foundation15 g,$12.98
854,MaybellineDream Matte Mousse Classic Ivory Light 2 Foundation15 g,$12.98
855,Cover GirlAqua CG Smoothers Makeup 750 Creamy Beige30 mL,$9.98
856,"ElfStudio Flawless Finish Foundation, Sand23 g",$8.00
857,MaybellineNew York Fit Me! Hydrate + Smooth Foundation 225 Medium Buff SPF 1830 mL,$5.98
858,"LOreal ParisInfallible Fresh Wear Foundation, Porcelain30 mL",$17.98
859,"Joe Fresh StyleFoundation Stck, Sand1 ea",$6.94
860,MaybellineDream Matte Mousse Porcelain Ivory Light 1 Foundation15 g,$12.98
861,MaybellineNew York Fit Me! Hydrate+Smooth Foundation 220 Natural Beige SPF 1830 mL,$5.98
862,"LOreal ParisInfallible Fresh Wear Foundation, Natural30 mL",$17.98
863,"MaybellineFit Me! Foundation, SPF 18, Nude Beige30 mL",$5.98
864,"MaybellineFit Me! Foundation, SPF 18, Classic Ivory30 mL",$5.98
865,MaybellineMaybelline New York Dream Matte Mousse Nude Light 4 Foundation15 g,$12.98
866,MaybellineFit Me! Hydrate+Smooth Foundation 210 Sandy Beige SPF 1830 mL,$5.98
867,MaybellineDream Matte Mousse Pure Beige Medium 2 Foundation15 g,$12.98
868,MaybellineDream Matte Mousse Classic Ivory Light 2 Foundation15 g,$12.98
869,Cover GirlAqua CG Smoothers Makeup 750 Creamy Beige30 mL,$9.98
870,"ElfStudio Flawless Finish Foundation, Sand23 g",$8.00
871,MaybellineNew York Fit Me! Hydrate + Smooth Foundation 225 Medium Buff SPF 1830 mL,$5.98
872,"LOreal ParisInfallible Fresh Wear Foundation, Porcelain30 mL",$17.98
873,"Joe Fresh StyleFoundation Stck, Sand1 ea",$6.94
874,MaybellineDream Matte Mousse Porcelain Ivory Light 1 Foundation15 g,$12.98
875,MaybellineNew York Fit Me! Hydrate+Smooth Foundation 220 Natural Beige SPF 1830 mL,$5.98
876,"LOreal ParisInfallible Fresh Wear Foundation, Natural30 mL",$17.98
877,"MaybellineFit Me! Foundation, SPF 18, Nude Beige30 mL",$5.98
878,"MaybellineFit Me! Foundation, SPF 18, Classic Ivory30 mL",$5.98
879,MaybellineMaybelline New York Dream Matte Mousse Nude Light 4 Foundation15 g,$12.98
880,RevlonPhotoready Concealer Stick 001 Fair1 ea,$9.98
881,MarcelleFlawless Concealer Light to Medium5.60 mL,$10.98
882,"AlmaySmart Shade Concealer, Light/Medium1 ea",$6.98
883,"RevlonPhotoready Concealer, 004 Medium1 ea",$9.98
884,"Cover GirlInvisible Concealer, Fair1 ea",$8.98
885,"AlmaySmart Shade Concealer, Pale1 ea",$6.98
886,RevlonPhotoready Concealer Stick 001 Fair1 ea,$9.98
887,MarcelleFlawless Concealer Light to Medium5.60 mL,$10.98
888,"AlmaySmart Shade Concealer, Light/Medium1 ea",$6.98
889,"RevlonPhotoready Concealer, 004 Medium1 ea",$9.98
890,"Cover GirlInvisible Concealer, Fair1 ea",$8.98
891,"AlmaySmart Shade Concealer, Pale1 ea",$6.98
892,RevlonPhotoready Concealer Stick 001 Fair1 ea,$9.98
893,MarcelleFlawless Concealer Light to Medium5.60 mL,$10.98
894,"AlmaySmart Shade Concealer, Light/Medium1 ea",$6.98
895,"RevlonPhotoready Concealer, 004 Medium1 ea",$9.98
896,"EssieNail Lacquer, Eternal Optimist13.50 mL",$7.98
897,EssieNail Color 00 Top Coat13.50 mL,$10.98
898,"Sally HansenInsta-Dri Nail Polish, Pink Blink1 ea",$3.98
899,"EssieNail Lacquer, Lilcism13.50 mL",$7.98
900,"EssieNail Lacquer, Blanc13.50 mL",$7.98
901,"EssieNail Color, Bikini So Teeny1 ea",$9.99
902,"RevlonColorstay Gel Envy Nail Enamel, Top Coat1 ea",$8.99
903,Sally HansenMiracle Gel Coat Activator Nail Colour1 ea,$8.98
904,"Sally HansenInsta-Dri Nail Polish, Petal Pusher1 ea",$3.98
905,"EssieNail Lacquer, Ballet Slippers13.50 mL",$7.98
906,"Sally HansenInsta-Dri Nail Polish, Clearly Quick1 ea",$3.98
907,"Sally HansenComplete Salon Manicure Nail Polish, Clear'd for Takeoff14.70 mL",$8.98
908,"RevlonClassic Nail, Amethyst Smoke1 ea",$3.98
909,"RevlonNail Enamel, Clear1 ea",$3.98
910,"EssieNail Color, Ladylike1 ea",$9.99
911,"Sinful ColoursSinfulColors, Clear Coat Nail Polish1 ea",$1.99
912,"EssieNail Lacquer, Eternal Optimist13.50 mL",$7.98
913,EssieNail Color 00 Top Coat13.50 mL,$10.98
914,"Sally HansenInsta-Dri Nail Polish, Pink Blink1 ea",$3.98
915,"EssieNail Lacquer, Lilcism13.50 mL",$7.98
916,"EssieNail Lacquer, Blanc13.50 mL",$7.98
917,"EssieNail Color, Bikini So Teeny1 ea",$9.99
918,"RevlonColorstay Gel Envy Nail Enamel, Top Coat1 ea",$8.99
919,Sally HansenMiracle Gel Coat Activator Nail Colour1 ea,$8.98
920,"Sally HansenInsta-Dri Nail Polish, Petal Pusher1 ea",$3.98
921,"EssieNail Lacquer, Ballet Slippers13.50 mL",$7.98
922,"Sally HansenInsta-Dri Nail Polish, Clearly Quick1 ea",$3.98
923,"Sally HansenComplete Salon Manicure Nail Polish, Clear'd for Takeoff14.70 mL",$8.98
924,"RevlonClassic Nail, Amethyst Smoke1 ea",$3.98
925,"RevlonNail Enamel, Clear1 ea",$3.98
926,"EssieNail Color, Ladylike1 ea",$9.99
927,"Sinful ColoursSinfulColors, Clear Coat Nail Polish1 ea",$1.99
928,"EssieNail Lacquer, Eternal Optimist13.50 mL",$7.98
929,EssieNail Color 00 Top Coat13.50 mL,$10.98
930,"Sally HansenInsta-Dri Nail Polish, Pink Blink1 ea",$3.98
931,"EssieNail Lacquer, Lilcism13.50 mL",$7.98
932,"NiveaMen, Revitalizing Body Lotion625 mL",$8.98
933,Life BrandEye & Lip Makeup Remover Pads35 ea,$7.98
934,NiveaSOS Repair & Care Body Lotion625 mL,$8.98
935,"OlayAge Defying ADVANCED Gel Moisturizer with Hyaluronic Acid, 50 mL50 mL",$19.99
936,"Johnson & JohnsonBaby Oil, Trial Size88 mL",$1.98
937,NiveaCrème Tin30 mL,$1.48
938,CrestKids Fluoride Toothpaste85 mL,$2.88
939,"NeutrogenaMakeup Remover Cleansing Wipes, Trial Size7 ea",$2.98
940,Crate 61 All Natural Lemongrass110 g,$3.98
941,VaselineIntensive Care Dry Skin Repair non-Greasy Lotion600 mL,$6.48
942,"U by KotexCurves Pantiliners, Regular80 ea",$7.98
943,VeetEasy-Gel Wax Strips Body & Legs Dry Skin40 ea,$17.98
944,Papa Recipe Bombee Black Honey Mask25 g,$4.00
945,Life BrandLife Men Twin Blade 32's 1 ea,$6.98
946,VaselineMen Extra Strength295 mL,$3.84
947,NarukoRosemary Cool Revitalising Shower Gel250 mL,$16.99
948,"KotexLightdays Liner, Extra Coverage Odor Absorbing112 ea",$8.98
949,"Guelph SoapPure & Natural Soap, Apricot & Citrus90 g",$1.98
950,NeutrogenaRegenerating Cream Rapid Wrinkle Repair48 mL,$32.98
951,Burt's beesLip Balm With Pomegranate Oil4.25 g,$3.98
952,CrestMulti-Protection Clean Mint Mouthwash1 L,$4.98
953,"MennenSpeed Stick Clear Deodorant, Active Fresh85 g",$3.48
954,VeetHair Removal Cream  Silky Fresh  Legs & Body Sensitive Skin200 mL,$11.78
955,NiveaOcean Algae & Hydra IQ Purifying Toner200 mL,$8.99
956,"Right GuardSport Deodorant, Fresh85 g",$2.49
957,ExactMulti-Purpose Solution355 mL,$9.48
958,"OlayEyes Pro Retinol Eye Cream Treatment for crow's feet, 15 mL15 mL",$29.98
959,Clean & ClearDaily Pore Cleanser148 mL,$7.99
960,"SecretDeodorant Invisible Solid, Boho Berry73 g",$5.98
961,"DoveClinical Protection Antiperspirant, Original45 g",$8.28
962,JolenCream Bleach141 g,$11.99
963,BicSoleil Balance 5 Flexible Blades2 ea,$6.98
964,U by KotexFitness Ultra Thin Regular 15 Pads15 ea,$3.98
965,BioreDeep Cleansing Pore Strips14 ea,$12.49
966,Bausch+LombBoston One Step Liquid Enzymatic Cleaner5 mL,$12.48
967,"SpinbrushKid's Toothbrush, Spider-Man1 ea",$8.00
968,"OmbrelleDry Mist Continuous Spray Sunscreen, SPF 30142 g",$14.98
969,"AlwaysMaxi, Super Long60 ea",$12.48
970,"TampaxPearl Tampons, Super Plus, Unscented36 ea",$7.98
971,"Just For MenHair Colour, Medium Brown1 ea",$10.98
972,Arm & HammerPro Sensitive Whitening Toothpaste    120 mL,$3.50
973,"MethodBody Wash, Juniper & Sage532 mL",$6.99
974,CalgonBath Fizzies60 g,$7.99
975,Life BrandHand Cream Glycerin75 mL,$2.50
976,"NeutrogenaMoisture, Oil-Free for Sensitive Skin120 mL",$14.98
977,SchickSkintimate Skin Therapy  - Sensitive Skin198 g,$2.68
978,DoveMen+Care Body + Face Wash Clean Comfort400 mL,$4.98
979,Oral BPro Health Junior Battery Power Toothbrush1 ea,$8.48
980,Adult Glycerin48 ea,$11.28
981,BetadineBetadine Antiseptic Cream15 g,$9.98
982,Band-AidPaw Patrol Theme20 ea,$4.78
983,"DurexPlay, Intimate Lubricant, Warming100 mL",$9.48
984,uTherm Children's Animal Thermometer1 ea,$14.98
985,"Zim'sCrack Crème, Daytime76.80 g",$9.98
986,"Dr SchollsHeel Relief, Women's1 ea",$12.48
987,Dr SchollsAthletic Series Fitness Walking Insoles Men's 8-14 One Pair1 ea,$18.98
988,SisuMelatonin90 ea,$13.98
989,"ThriveStop Smoking Aid Lozenges, Mint 2mg36 ea",$15.48
990,Glaxal Base Cream450 g,$22.98
991,Webber NaturalsCollagen30 2500 mg 180 Tablets180 ea,$21.98
992,VicksSpeedRead Digital Thermometer1 ea,$21.98
993,"MetamucilSugar-Free Fiber Suplement Powder Packets, Orange44 ea",$23.98
994,"NicoretteGum, Fruit Chill105 ea",$35.98
995,VicksVapopads10 ea,$18.98
996,"ArnicaArthritis Roll-On Lotion, Extra Strength88 mL",$15.98
997,"ThriveStop Smoking Aid Lozenges, Mint 2mg108 ea",$42.98
998,Aspirin325 Mg Tablets50 ea,$5.98
999,"ExactMedium Nasal Dilator, Clear30 ea",$15.98
1000,Dark Chocolate34 g,$1.88
1001,Dr SchollsBeauty Stone For Her1 ea,$5.98
1002,"Gold BondNo Mess Powder Spray, Fresh Scent198 g",$10.28
1003,Dr SchollsBall of Foot Cushions1 ea,$7.98
1004,"DiovolAntacid, Fresh Mint100 ea",$13.48
1005,"Tylenol325 Mg Caplets, Convenience Size12x1ea",$3.98
1006,"GavisconExtra Strength, Fruit25 ea",$9.48
1007,"TenaMen Heavy Protection Underwear Super plus Absorbency, M/L16 ea",$16.98
1008,"AdvilJr  Chews, Grape40 ea",$15.48
1009,Jolly JumperBathtub Toy Bag 45.7 cm x 30.5 cm1 ea,$7.98
1010,uSwim Soft Wax Ear Plugs12 ea,$6.98
1011,"GravolGinger, Soft Chewable Lozenges20 ea",$6.98
1012,PoiseImpressa Bladder Supports Size 3 10 Count10 ea,$15.98
1013,ArnicaIce Spray150 mL,$7.78
1014,DrixoralNo Drip Original Unscented15 mL,$7.48
1015,"AdvilJr  Chews, Raspberry40 ea",$15.48
1016,RestoralaxRestoraLAX Powder 14 Doses14x1ea,$15.98
1017,"AlwaysDiscreet Boutique, Incontinence Underwear for Women, Maximum Protection, Large18 ea",$25.98
1018,KiwiEveryday Gel Insoles Everyday Comfort Size 6-10 1 Pair1 ea,$12.48
1019,"ExactCalcium Antacid, Berry72 ea",$3.48
1020,BenadrylExtra Strength Nighttime24 ea,$13.98
1021,Dr SchollsClear Away Wart Remover9 ea,$10.98
1022,"Band-AidAdvanced Healing Cuts & Scrapes, L6 ea",$6.48
1023,Dr SchollsCallus Cushions5 ea,$5.99
1024,ExactNasal Rinse100 ea,$14.98
1025,ImodiumLiquigels12 ea,$14.28
1026,MidolExtra Strength Caplets32 ea,$8.98
1027,BenylinExtra Strength Cough & Chest Congestion Syrup250 mL,$11.98
1028,Natures PlusOrganic Animal Parade Kids Immune Booster90 ea,$11.98
1029,"AscentaNutraSea hp EPA Omega-3 Supplement, Zesty Lemon200 mL",$44.98
1030,Raw Organic Chocolate Protein Powder664 g,$57.48
1031,"CaltratePlus, Calcium Carbonate with Vitamin D60 ea",$14.98
1032,"Genuine HealthVegan Proteins, Double Chocolate780 g",$44.98
1033,Nature's BountyBiotin Plus Gummies80 ea,$8.98
1034,JamiesonOmega Complete60 ea,$27.99
1035,"Oh YeahProtein Bars, Cinnamon Roll (Case)12x60g",$41.98
1036,Mulberry Zuccarin Max60 ea,$32.98
1037,Nature's WayGinger Root100 ea,$11.98
1038,QuantumLily of the Desert Inner Fillet Aloe Vera Gel946 mL,$15.98
1039,"Cross Fuel Keto Protein, Chocolate680 g",$35.98
1040,BoostHigh Protein Vanilla Meal Replacement Drink6x237mL,$8.98
1041,BachRescue Sleep Liquid Melts28 ea,$8.98
1042,ExactNorwegian Cod Liver Oil500 mL,$10.98
1043,"Webber NaturalsComplete Probiotic, Multi Strain60 ea",$14.98
1044,"ProgressiveVegereens, Blueberry510 g",$64.98
1045,"Pure Le NaturalOregaPlus, Oil of Oregano    60 ea",$23.98
1046,LGS Gut Therapy Healing Fibre Orange Cream Flavour215 g,$41.98
1047,VegaSport Energy Bites Coconut Cashew Butter160 g,$11.98
1048,"JamiesonVitamin D3 Spray, 1000 iu58 mL",$14.98
1049,SisuOmega 3 Bursts120 ea,$26.98
1050,Genuine HealthAdvanced Gut Health Probiotic 50 Billion CFU Daily Care 30 Vegan Capsules30 ea,$36.28
1051,Enhanced Collagen250 g,$25.98
1052,EnsureChocolate (Case)6x235mL,$10.98
1053,JamiesonCurcumin Turmeric 550 mg Value Size 90 Vegetarian Capsules90 ea,$16.98
1054,PromensilPromensil Red Clover30 ea,$26.98
1055,JamiesonVitamin D 1000 IU100 ea,$6.98
1056,Salus HausFloradix Liquid Iron Tonic Formula500 mL,$42.78
1057,"Webber NaturalsLuetin with Zeaxanthin, 10mg60 ea",$18.48
1058,Boomer NutritionNaturally Flavored Vanilla Protein Energy680 g,$29.98
1059,AtkinsProtein Bar Peanut Fudge Granola 5 Bars x240 g,$12.98
1060,BoostOriginal Chocolate Meal Replacement Drink6x237mL,$8.98
1061,"GenacolGenacol, 400mg90 ea",$34.98
1062,Natures PlusOrganic Animal Parade Sugar Free Vitamin C Children's Chewable90 ea,$9.48
1063,Nature's BountyFenugreek610 mg 100 Capsules100 ea,$9.98
1064,"VegaProtein Smoothie, Choc-a-lot260 g",$17.98
1065,"Webber NaturalsMelatonin, Easy Dissolve60 ea",$6.98
1066,"Webber NaturalsOmega-3, Triple Strength80 ea",$19.98
1067,"CentrumSelect 50+, Chewable60 ea",$10.98
1068,MidolExtra Strength PMS Caplets32 ea,$8.98
1069,"ClifBuilder's Bar, Chocolate410 g",$7.98
1070,"CaltrateSoft Chews, Chocolate60 ea",$14.98
1071,ExactGlucosamine Sulfate360 ea,$15.98
1072,Garden of Life Dr. Formulated Probiotics Once Daily Men's 50 Billion 30 Vegetarian Capsules30 ea,$49.48
1073,ProgressiveProbiotic 30 Billion CFU per Capsule Regular Strength 30 Delayed Release Vegetable Capsules30 ea,$36.98
1074,Webber NaturalsMelatonin Extra Strength 5mg144 ea,$13.28
1075,Genuine HealthFermented Vegan Proteins+ Bar Strawberry Pistachio55 g,$3.78
1076,Glass Mixing Bowl1 ea,$5.28
1077,"Life at HomeDrylon Bath Rug, White1 ea",$17.98
1078,PapermateStarter Set5 ea,$4.98
1079,"PapermateFelt Tip Pens, Flair Colours12 ea",$13.98
1080,Moj Moj Plush1 ea,$18.98
1081,L.O.L. Surprise! O.M.G. Doll with 20 Surprises1 ea,$39.98
1082,Better LivingBetter Living Nickel Toilet Caddy1 ea,$29.98
1083,"2"" Chip Brush 5 pack5x1ea",$3.98
1084,"Post itNotes, Canary1 ea",$9.98
1085,DuraflameCowboy Hickory Wood Chips Tray2 kg,$5.98
1086,Better LivingBetter Living Chrome Toilet Caddy1 ea,$29.98
1087,Fisher PriceLittle People Caring for Animals Farm1 ea,$39.98
1088,Hot WheelsTrack Builder Deluxe Stunt Box1 ea,$59.98
1089,Mini Gold Number 3 Pick Birthday Candle1 ea,$2.00
1090,Everyday EssentialsSolar LED Rock Light1 ea,$7.00
1091,"President's Choice2-Slice Toaster, Black1 ea",$19.98
1092,"ColemanPropane Single, 16.4 oz1 ea",$6.98
1093,Tera GearSolar Ceramic Stake1 ea,$14.00
1094,No NameDeep Storage Containers with Folded Lids3 ea,$5.48
1095,"Armor AllVent Clip Air Freshener, Artic Cool2.50 mL",$4.98
1096,EnergizerVision LED Headlight 80 Lumens1 ea,$12.98
1097,Tera GearPlush Lounger Blue Tile1 ea,$54.00
1098,8 Silver Foil 12oz Paper Cups1 ea,$2.25
1099,"Life at HomePedal Bin, 42L Stainless Steel1 ea",$38.98
1100,"Party Favour Box, Iridescent, Mermaid Shine1 ea",$4.00
1101,Tera GearStacking Woven Bistro Chair1 ea,$34.00
1102,"Life at HomeRush Basket, Medium1 ea",$14.98
1103,10' Offset Umbrella Warm Grey1 ea,$129.00
1104,"Honeycomb Ball Garland, 7ft1 ea",$4.50
1105,Everyday EssentialsLint Roller1 ea,$4.48
1106,"Life at HomeLuxury Bath Towel, Grey1 ea",$27.98
1107,Rose Gold Foil 12oz Paper Cups1 ea,$2.25
1108,Everyday EssentialsNon-Slip Hangers5x1ea,$7.68
1109,Tera GearSolar Pendant Light1 ea,$29.00
1110,Life at HomeMetal Wall Shelf Set2x1ea,$29.98
1111,Life at HomeLED Votive Candles2x1ea,$5.98
1112,"Tutu, Black1 ea",$20.00
1113,"President's ChoiceStainless Steel Toaster, 2 Slice1 ea",$29.98
1114,Everyday EssentialsStainless Steel Slotted Spoon1 ea,$3.48
1115,"Life at HomeIvory Taper Candles, Unscented4 Pack",$3.98
1116,"Hairspray, White1 ea",$3.00
1117,Noses and Glasses Favours1 ea,$2.50
1118,3MLint Roller1 ea,$4.48
1119,"Paper Treat Bag Large Chevron, Classic Red10x1ea",$2.00
1120,"Tera GearPlush Seat Cushion, Blue Stripe1 ea",$16.00
1121,MattelHot Wheels Truckin Transporters1 ea,$9.98
1122,Everyday EssentialsOffset Umbrella Base1 ea,$29.00
1123,"11.5"" Square Square Tray, Blue1 ea",$2.00
1124,Yellow Asian Pears,$1.75
1125,Organic Red Tomato on the Vine,$7.91
1126,Blackberries1 pint,$4.98
1127,Ataulfo Mango1 ea,$1.28
1128,Green Cabbage,$2.52
1129,SunRidge FarmsRomaine Hearts6 Pack,$4.98
1130,Peaches,$1.05
1131,Kiwis1 kg,$3.98
1132,PC OrganicsOrganic Peppers2 Pack,$3.98
1133,"Papaya, Ripe & Ready",$4.24
1134,Romaine Lettuce1 ea,$2.98
1135,Farmer's MarketFM English Cucumber 3Ct3 Pack,$3.98
1136,"President's ChoiceCremini Mushrooms, Whole227 g",$2.28
1137,No NameNaturally Imperfect Peppers1.11 kg,$5.98
1138,Farmer's MarketCorn On The Cob4 Pack,$3.98
1139,White Potatoes,$1.57
1140,Red Onion,$1.62
1141,Red Seedless Grapes,$3.23
1142,Butternut Squash,$7.04
1143,Farmer's MarketMini Cucumbers6 Pack,$3.98
1144,Envy Apples,$1.09
1145,"Greenhouse Peppers, Yellow",$1.64
1146,"Pineapple, Large1 ea",$2.99
1147,Organic English Cucumber1 ea,$1.98
1148,Celery Hearts2 Pack,$3.48
1149,McIntosh Apples,$0.87
1150,Red Grapefruit1 ea,$1.28
1151,Navel Orange,$1.53
1152,Green Onion1 bunch,$1.48
1153,Red Mango850 g,$3.98
1154,President's ChoiceWhite Mushrooms454 g,$3.28
1155,DoleChop Chop Chipotle & Cheddar Salad Kit366 g,$4.98
1156,Organic Gala Apples,$1.20
1157,Villagio Marzano Tomatoes681 g,$6.98
1158,Blueberries340 g,$4.98
1159,Romaine Heart 3 pk3 Pack,$3.98
1160,"Avocado, 5/6-Count1 ea",$2.98
1161,President's ChoiceVariety Pack Tomatoes680 g,$5.98
1162,"Greenhouse Peppers, Orange",$1.58
1163,PC OrganicsField Greens Salad Mix142 g,$4.48
1164,Spanish Onion,$1.44
1165,Pink Lady Apples,$1.15
1166,Farmer's MarketMini Cucumbers1 kg,$5.00
1167,Farmer's MarketYellow Potato 10LB10 lb bag,$3.98
1168,"President's ChoiceCremini Mushrooms, Whole454 g",$3.28
1169,Farmer's MarketFM Grape Tomato 907g908 g,$5.00
1170,PC OrganicsField Greens312 g,$5.98
1171,Farmer's MarketLemons2 g,$3.98
1172,Tomato Beefsteak  Red,$1.76
1173,Spaghetti Squash,$5.51
1174,Farmer's MarketYellow Potato 5LB5 lb bag,$4.98
1175,Farmer's MarketMini Carrots340 g,$1.98
1176,Green Beans,$0.33
1177,Lemon1 ea,$0.98
1178,Baking Potato,$1.40
1179,Red Leaf Lettuce1 ea,$2.98
1180,Anjou Pears,$1.31
1181,Tomato on the Vine Red,$5.45
1182,Purple Eggplants,$2.49
1183,Farmer's MarketFM CarrotsMini 2LB2 lb bag,$3.98
1184,Farmer's MarketHoneycrisp Apples4 lb bag,$7.98
1185,"President's ChoiceWhite Mushrooms, Sliced227 g",$2.48
1186,President's ChoicePC Red Potato Mini 680g1.50 lb bag,$2.98
1187,Farmer's MarketGala Apples4 lb Bag,$5.98
1188,Farmer's MarketYellow Onions3 lb bag,$2.48
1189,PC OrganicsCarrots2 lb bag,$2.98
1190,Sweet Green Peppers,$1.84
1191,PC OrganicsOrganic Clementines2 lb bag,$5.98
1192,Ambrosia Apples,$1.20
1193,Celery Stalks1 ea,$2.98
1194,Farmer's MarketNavel Oranges2.27 kg,$5.00
1195,Hass Avocado1 ea,$1.68
1196,Roma Tomatoes,$0.39
1197,Green Leaf Lettuce1 ea,$2.98
1198,PC OrganicsGrape Tomatoes255 g,$3.48
1199,Broccoli1 ea,$1.98
1200,Cauliflower1 ea,$3.98
1201,Raspberries1 ea,$6.98
1202,PC OrganicsGala Apples3 lb bag,$5.98
1203,"Bananas, Bunch",$1.45
1204,Roma Tomatoes1 ea,$6.98
1205,Royal Gala Apples,$1.15
1206,Limes1 ea,$0.68
1207,Granny Smith Apples,$1.09
1208,President's ChoicePC Yellow Potato Mini 680g1.50 lb bag,$2.98
1209,Red Delicious Apples,$0.92
1210,Jazz Apples,$0.78
1211,DoleCaesar Salad Kit216 g,$3.98
1212,Zucchini,$1.53
1213,Brussels Sprouts,$0.44
1214,Kale1 ea,$1.98
1215,Blueberries510 g,$5.98
1216,Farmer's MarketRed Potatoes10 lb bag,$3.98
1217,President's ChoiceEasy To Peel Orri Mandarin Oranges907 g,$4.98
1218,Mini Seedless Watermelon1 ea,$3.98
1219,Cilantro1 ea,$0.98
1220,Yellow Peaches,$1.31
1221,Kiwis1 ea,$0.78
1222,PC OrganicsHass Avocados3 Pack,$5.98
1223,Mango1 ea,$1.28
1224,Yellow Asian Pears,$1.75
1225,Organic Red Tomato on the Vine,$7.91
1226,Blackberries1 pint,$4.98
1227,Ataulfo Mango1 ea,$1.28
1228,Green Cabbage,$2.52
1229,SunRidge FarmsRomaine Hearts6 Pack,$4.98
1230,Peaches,$1.05
1231,Kiwis1 kg,$3.98
1232,PC OrganicsOrganic Peppers2 Pack,$3.98
1233,"Papaya, Ripe & Ready",$4.24
1234,Romaine Lettuce1 ea,$2.98
1235,Farmer's MarketFM English Cucumber 3Ct3 Pack,$3.98
1236,"President's ChoiceCremini Mushrooms, Whole227 g",$2.28
1237,No NameNaturally Imperfect Peppers1.11 kg,$5.98
1238,Farmer's MarketCorn On The Cob4 Pack,$3.98
1239,White Potatoes,$1.57
1240,Red Onion,$1.62
1241,Red Seedless Grapes,$3.23
1242,Butternut Squash,$7.04
1243,Farmer's MarketMini Cucumbers6 Pack,$3.98
1244,Envy Apples,$1.09
1245,"Greenhouse Peppers, Yellow",$1.64
1246,"Pineapple, Large1 ea",$2.99
1247,Organic English Cucumber1 ea,$1.98
1248,Celery Hearts2 Pack,$3.48
1249,McIntosh Apples,$0.87
1250,Red Grapefruit1 ea,$1.28
1251,Navel Orange,$1.53
1252,Green Onion1 bunch,$1.48
1253,Red Mango850 g,$3.98
1254,President's ChoiceWhite Mushrooms454 g,$3.28
1255,DoleChop Chop Chipotle & Cheddar Salad Kit366 g,$4.98
1256,Organic Gala Apples,$1.20
1257,Villagio Marzano Tomatoes681 g,$6.98
1258,Blueberries340 g,$4.98
1259,Romaine Heart 3 pk3 Pack,$3.98
1260,"Avocado, 5/6-Count1 ea",$2.98
1261,President's ChoiceVariety Pack Tomatoes680 g,$5.98
1262,"Greenhouse Peppers, Orange",$1.58
1263,PC OrganicsField Greens Salad Mix142 g,$4.48
1264,Spanish Onion,$1.44
1265,Pink Lady Apples,$1.15
1266,Farmer's MarketMini Cucumbers1 kg,$5.00
1267,Farmer's MarketYellow Potato 10LB10 lb bag,$3.98
1268,"President's ChoiceCremini Mushrooms, Whole454 g",$3.28
1269,Farmer's MarketFM Grape Tomato 907g908 g,$5.00
1270,PC OrganicsField Greens312 g,$5.98
1271,Farmer's MarketLemons2 g,$3.98
1272,Tomato Beefsteak  Red,$1.76
1273,Spaghetti Squash,$5.51
1274,Farmer's MarketYellow Potato 5LB5 lb bag,$4.98
1275,Farmer's MarketMini Carrots340 g,$1.98
1276,Green Beans,$0.33
1277,Lemon1 ea,$0.98
1278,Baking Potato,$1.40
1279,Red Leaf Lettuce1 ea,$2.98
1280,Anjou Pears,$1.31
1281,Tomato on the Vine Red,$5.45
1282,Purple Eggplants,$2.49
1283,Farmer's MarketFM CarrotsMini 2LB2 lb bag,$3.98
1284,Farmer's MarketHoneycrisp Apples4 lb bag,$7.98
1285,"President's ChoiceWhite Mushrooms, Sliced227 g",$2.48
1286,President's ChoicePC Red Potato Mini 680g1.50 lb bag,$2.98
1287,Farmer's MarketGala Apples4 lb Bag,$5.98
1288,Farmer's MarketYellow Onions3 lb bag,$2.48
1289,PC OrganicsCarrots2 lb bag,$2.98
1290,Sweet Green Peppers,$1.84
1291,PC OrganicsOrganic Clementines2 lb bag,$5.98
1292,Ambrosia Apples,$1.20
1293,Celery Stalks1 ea,$2.98
1294,Farmer's MarketNavel Oranges2.27 kg,$5.00
1295,Hass Avocado1 ea,$1.68
1296,Roma Tomatoes,$0.39
1297,Green Leaf Lettuce1 ea,$2.98
1298,PC OrganicsGrape Tomatoes255 g,$3.48
1299,Broccoli1 ea,$1.98
1300,Cauliflower1 ea,$3.98
1301,Raspberries1 ea,$6.98
1302,PC OrganicsGala Apples3 lb bag,$5.98
1303,"Bananas, Bunch",$1.45
1304,Roma Tomatoes1 ea,$6.98
1305,Royal Gala Apples,$1.15
1306,Limes1 ea,$0.68
1307,Granny Smith Apples,$1.09
1308,President's ChoicePC Yellow Potato Mini 680g1.50 lb bag,$2.98
1309,Red Delicious Apples,$0.92
1310,Jazz Apples,$0.78
1311,DoleCaesar Salad Kit216 g,$3.98
1312,Zucchini,$1.53
1313,Brussels Sprouts,$0.44
1314,Kale1 ea,$1.98
1315,Blueberries510 g,$5.98
1316,Farmer's MarketRed Potatoes10 lb bag,$3.98
1317,President's ChoiceEasy To Peel Orri Mandarin Oranges907 g,$4.98
1318,Mini Seedless Watermelon1 ea,$3.98
1319,Cilantro1 ea,$0.98
1320,Yellow Peaches,$1.31
1321,Kiwis1 ea,$0.78
1322,PC OrganicsHass Avocados3 Pack,$5.98
1323,Mango1 ea,$1.28
1324,Yellow Asian Pears,$1.75
1325,Organic Red Tomato on the Vine,$7.91
1326,Blackberries1 pint,$4.98
1327,Ataulfo Mango1 ea,$1.28
1328,PampersBaby Wipes Sensitive 9X Pop-Top504 ea,$19.98
1329,PampersBaby Wipes Sensitive 3X Refill 192 Count192 ea,$8.38
1330,PampersPure Protection Diapers Size 2 68 Count68 ea,$19.94
1331,PampersBaby-Dry Diapers Size 6 64 Count64 ea,$19.98
1332,PampersBaby-Dry Diapers Size 4 92 Count92 ea,$19.98
1333,PampersBaby-Dry Diapers Size 5 78 Count78 ea,$19.98
1334,PampersPure Protection Diapers Size 4 52 Count52 ea,$22.54
1335,PampersBaby-Dry Diapers Size 3 104 Count104 ea,$19.98
1336,PampersBaby Wipes Sensitive 9X Pop-Top504 ea,$19.98
1337,PampersBaby Wipes Sensitive 3X Refill 192 Count192 ea,$8.38
1338,PampersPure Protection Diapers Size 2 68 Count68 ea,$19.94
1339,PampersBaby-Dry Diapers Size 6 64 Count64 ea,$19.98
1340,PampersBaby-Dry Diapers Size 4 92 Count92 ea,$19.98
1341,PampersBaby-Dry Diapers Size 5 78 Count78 ea,$19.98
1342,PampersPure Protection Diapers Size 4 52 Count52 ea,$22.54
1343,PampersBaby-Dry Diapers Size 3 104 Count104 ea,$19.98
1344,PampersBaby Wipes Sensitive 9X Pop-Top504 ea,$19.98
1345,PampersBaby Wipes Sensitive 3X Refill 192 Count192 ea,$8.38
1346,PampersPure Protection Diapers Size 2 68 Count68 ea,$19.94
1347,PampersBaby-Dry Diapers Size 6 64 Count64 ea,$19.98
1348,PC OrganicsToddler Blue Fruit Twist60 g,$3.98
1349,"PC OrganicsMini Cereal Bars, Blueberry160 g",$2.25
1350,"PC OrganicsCereal, Multigrain Banana125 g",$2.25
1351,"PC OrganicsToddlers Mini Pasta, Bowties454 g",$2.25
1352,PC OrganicsApple And Strawberry Whole Grain Puffs Puffed Cereal42 g,$2.25
1353,"President's ChoiceYogurt Melt, Mixed Berry1 ea",$3.28
1354,PC OrganicsMango And Carrot Whole Grain Puffs Puffed Cereal42 g,$2.25
1355,"PC OrganicsOrange, Carrot & Cinnamon Fruit, Veggie And Oat Bars90 g",$2.25
1356,PC OrganicsMashed Potatoes & Turkey185 g,$2.25
1357,PC OrganicsStars Pasta454 g,$2.25
1358,"PC OrganicsToddler Entrée, Fruity Chicken185 g",$2.25
1359,PC OrganicsSpaghetti in Turkey Meat Sauce185 g,$2.25
1360,PC OrganicsAnimal Cookies For Toddlers 170 g,$2.25
1361,"PC OrganicsMini Cereal Bars, Berry Pomegranate160 g",$2.25
1362,PC OrganicsStrawberry Mango Naturally Flavoured Fruit Snack60 g,$3.98
1363,President's ChoiceNaturally Flavoured Toddlers Strawberry Yogurt Snack1 ea,$3.28
1364,"PC OrganicsMini Cereal Bars, Banana Berry160 g",$2.25
1365,"PC OrganicsMini Cereal Bars, Apple, Acai160 g",$2.25
1366,PC OrganicsCheddar Cheese Whole Grain Puffs42 g,$2.25
1367,PC OrganicsOrganics Broccoli And Kale Baked Whole Grain Corn Puffs42 g,$2.25
1368,PC OrganicsPurple Carrot And Blueberry Whole Grain Puffs Puffed Cereal42 g,$2.25
1369,PC OrganicsToddler Apple Juice1 L,$1.88
1370,"President's ChoiceTotal Pediatric Nutrition, Vanilla6x235mL",$9.98
1371,"PC OrganicsToddler Mini Pasta, Alphabet454 g",$2.25
1372,PC OrganicsBroccoli And Spinach Whole Grain Puffs Puffed Cereal42 g,$2.25
1373,"PC OrganicsFruit, Veggie, & Oat Bars, Raspberry Beet90 g",$2.25
1374,PC OrganicsToddler Blue Fruit Twist60 g,$3.98
1375,"PC OrganicsMini Cereal Bars, Blueberry160 g",$2.25
1376,"PC OrganicsCereal, Multigrain Banana125 g",$2.25
1377,"PC OrganicsToddlers Mini Pasta, Bowties454 g",$2.25
1378,PC OrganicsApple And Strawberry Whole Grain Puffs Puffed Cereal42 g,$2.25
1379,"President's ChoiceYogurt Melt, Mixed Berry1 ea",$3.28
1380,PC OrganicsMango And Carrot Whole Grain Puffs Puffed Cereal42 g,$2.25
1381,"PC OrganicsOrange, Carrot & Cinnamon Fruit, Veggie And Oat Bars90 g",$2.25
1382,PC OrganicsMashed Potatoes & Turkey185 g,$2.25
1383,PC OrganicsStars Pasta454 g,$2.25
1384,"PC OrganicsToddler Entrée, Fruity Chicken185 g",$2.25
1385,PC OrganicsSpaghetti in Turkey Meat Sauce185 g,$2.25
1386,PC OrganicsAnimal Cookies For Toddlers 170 g,$2.25
1387,"PC OrganicsMini Cereal Bars, Berry Pomegranate160 g",$2.25
1388,PC OrganicsStrawberry Mango Naturally Flavoured Fruit Snack60 g,$3.98
1389,President's ChoiceNaturally Flavoured Toddlers Strawberry Yogurt Snack1 ea,$3.28
1390,"PC OrganicsMini Cereal Bars, Banana Berry160 g",$2.25
1391,"PC OrganicsMini Cereal Bars, Apple, Acai160 g",$2.25
1392,PC OrganicsCheddar Cheese Whole Grain Puffs42 g,$2.25
1393,PC OrganicsOrganics Broccoli And Kale Baked Whole Grain Corn Puffs42 g,$2.25
1394,PC OrganicsPurple Carrot And Blueberry Whole Grain Puffs Puffed Cereal42 g,$2.25
1395,PC OrganicsToddler Apple Juice1 L,$1.88
1396,"President's ChoiceTotal Pediatric Nutrition, Vanilla6x235mL",$9.98
1397,"PC OrganicsToddler Mini Pasta, Alphabet454 g",$2.25
1398,PC OrganicsBroccoli And Spinach Whole Grain Puffs Puffed Cereal42 g,$2.25
1399,"PC OrganicsFruit, Veggie, & Oat Bars, Raspberry Beet90 g",$2.25
1400,PC OrganicsToddler Blue Fruit Twist60 g,$3.98
1401,"PC OrganicsMini Cereal Bars, Blueberry160 g",$2.25
1402,"PC OrganicsCereal, Multigrain Banana125 g",$2.25
1403,"PC OrganicsToddlers Mini Pasta, Bowties454 g",$2.25
1404,"MunchkinMiracle 360 Trainer Cup, 7oz1 ea",$7.98
1405,Snotsucker Nasal Aspirator1 ea,$21.98
1406,LansinohNursing Pads100 ea,$12.98
1407,KushiesSilibeads Pacifier Clip1 ea,$11.98
1408,Baby Brezza Formula Pro Advanced1 ea,$239.98
1409,"MunchkinMiracle 360 Trainer Cup, 7oz1 ea",$7.98
1410,Snotsucker Nasal Aspirator1 ea,$21.98
1411,LansinohNursing Pads100 ea,$12.98
1412,KushiesSilibeads Pacifier Clip1 ea,$11.98
1413,Baby Brezza Formula Pro Advanced1 ea,$239.98
1414,"MunchkinMiracle 360 Trainer Cup, 7oz1 ea",$7.98
1415,Snotsucker Nasal Aspirator1 ea,$21.98
1416,LansinohNursing Pads100 ea,$12.98
1417,KushiesSilibeads Pacifier Clip1 ea,$11.98
1418,"ContigoStainless Steel Superior Grey Mug, 20 oz1 ea",$23.98
1419,KeurigVan Houtte Original House Blend K-Cup Pods30 ea,$15.98
1420,ThermosStainless King Travel Mug 470ml1 ea,$25.98
1421,FolgersMorning Café K-Cup Coffee Pods240 g,$17.48
1422,KeurigKeurig Timothy's Breakfast Blend K-Cup Pods30 ea,$16.98
1423,President's ChoiceWest Coast Dark Roast Gourmet Single Serve Coffee Pods30 ea,$16.98
1424,ThermosStainless Steel Bottle 1L1 ea,$20.98
1425,President's ChoiceMedium Roast Gourmet 100% Arabica Coffee Single Serve Coffee Pods30 ea,$16.98
1426,KeurigLively Colombian K-Cup Coffee Pods30 ea,$17.48
1427,President's ChoiceStainless Steel Thermal Mug1 ea,$16.98
1428,KeurigVan Houtte Colombian Medium Roast30 ea,$15.98
1429,KeurigPike Place K-Cup Coffee Pods10 ea,$7.98
1430,President's ChoiceTextured To-Go Mug1 ea,$4.98
1431,Everyday EssentialsStainless Steel Mug1 ea,$8.48
1432,BubbaTravel Mug1 ea,$22.98
1433,"President's ChoiceInsulated Vacuum Bottle, 465mL1 ea",$16.98
1434,President's ChoiceThe Great Canadian Light To Medium Roast 100% Arabica Coffee Single Serve Coffee Pods30 ea,$16.98
1435,President's ChoiceBamboo Grip To-Go Mug1 ea,$9.48
1436,"Tim HortonsSingle Serve Coffee Pods, Original126 g",$10.48
1437,"KeurigK35 Classic Series Coffee Maker, Black1 ea",$98.00
1438,"ContigoStainless Steel Superior Grey Mug, 20 oz1 ea",$23.98
1439,KeurigVan Houtte Original House Blend K-Cup Pods30 ea,$15.98
1440,ThermosStainless King Travel Mug 470ml1 ea,$25.98
1441,FolgersMorning Café K-Cup Coffee Pods240 g,$17.48
1442,KeurigKeurig Timothy's Breakfast Blend K-Cup Pods30 ea,$16.98
1443,President's ChoiceWest Coast Dark Roast Gourmet Single Serve Coffee Pods30 ea,$16.98
1444,ThermosStainless Steel Bottle 1L1 ea,$20.98
1445,President's ChoiceMedium Roast Gourmet 100% Arabica Coffee Single Serve Coffee Pods30 ea,$16.98
1446,KeurigLively Colombian K-Cup Coffee Pods30 ea,$17.48
1447,President's ChoiceStainless Steel Thermal Mug1 ea,$16.98
1448,KeurigVan Houtte Colombian Medium Roast30 ea,$15.98
1449,KeurigPike Place K-Cup Coffee Pods10 ea,$7.98
1450,President's ChoiceTextured To-Go Mug1 ea,$4.98
1451,Everyday EssentialsStainless Steel Mug1 ea,$8.48
1452,BubbaTravel Mug1 ea,$22.98
1453,"President's ChoiceInsulated Vacuum Bottle, 465mL1 ea",$16.98
1454,President's ChoiceThe Great Canadian Light To Medium Roast 100% Arabica Coffee Single Serve Coffee Pods30 ea,$16.98
1455,President's ChoiceBamboo Grip To-Go Mug1 ea,$9.48
1456,"Tim HortonsSingle Serve Coffee Pods, Original126 g",$10.48
1457,"KeurigK35 Classic Series Coffee Maker, Black1 ea",$98.00
1458,"ContigoStainless Steel Superior Grey Mug, 20 oz1 ea",$23.98
1459,KeurigVan Houtte Original House Blend K-Cup Pods30 ea,$15.98
1460,ThermosStainless King Travel Mug 470ml1 ea,$25.98
1461,FolgersMorning Café K-Cup Coffee Pods240 g,$17.48
1462,Everyday EssentialsCoffee Grinder1 ea,$14.98
1463,Coffee Capsule Reusable Single Coffee Filter1 ea,$14.98
1464,Tim HortonsOriginal Fine Grind Coffee930 g,$17.98
1465,"Everyday EssentialsKettle, 1.7L Black1 ea",$19.98
1466,President's ChoiceDouble Wall Tapered Mug1 ea,$8.48
1467,President's ChoiceDouble Wall Latte Glass1 ea,$6.98
1468,"Everyday Essentials6-Cup Coffee Press, Black1 ea",$8.48
1469,"Pride Of ArabiaPride of Arabia Coffee, Whole Bean907 g",$14.98
1470,President's ChoiceGourmet Swiss Water** Process Decaffeinated Medium Roast 100% Arabica Coffee875 g,$8.88
1471,NabobTraditional Fine Grind Ground Coffee930 g,$18.48
1472,Hamilton Beach1L Satainless Steel Kettle1 ea,$39.98
1473,"BodumElectric Coffee Grinder, Black1 ea",$28.98
1474,CuisinartEspresso Maker1 ea,$183.98
1475,President's ChoiceCoffee Burr Grinder1 ea,$44.98
1476,No NameMedium Roast Ground Coffee925 g,$6.98
1477,President's ChoiceWest Coast Dark Roast Gourmet Whole Bean Coffee907 g,$14.98
1478,President's ChoiceMedium Roast Gourmet Whole Bean Coffee907 g,$14.98
1479,CuisinartCoffee Grinder1 ea,$49.98
1480,President's ChoiceThe Great Canadian Coffee930 g,$8.88
1481,President's ChoiceGourmet Medium Roast 100% Arabica Coffee930 g,$8.88
1482,President's ChoiceGlass Kettle1 ea,$34.98
1483,Bialetti Moka Express 6 Cup6x1ea,$31.98
1484,"Bodum3-Cup Brazil Coffee Press, Black1 ea",$22.98
1485,NescafeRICH Instant Coffee475 g,$14.98
1486,CuisinartCuisinart Brew Central 12 Cup Coffee Maker1 ea,$99.98
1487,"KeurigK35 Classic Series Coffee Maker, Black1 ea",$98.00
1488,"Everyday Essentials6-Cup Coffee Press, Red1 ea",$7.98
1489,President's Choice5-Cup Digital Coffee Maker1 ea,$24.98
1490,"Black & DeckerDigital Coffee Maker, 12 Cup Black1 ea",$31.98
1491,"Everyday EssentialsJug Kettle, 1L Black1 ea",$12.98
1492,PC  Club PackGourmet Medium Roast 100% Arabica Coffee930 g,$8.88
1493,"Tim HortonsCoffee, Dark Roast875 g",$17.98
1494,FolgersClassic Roast Ground Coffee920 g,$6.98
1495,Maxwell HouseOriginal Roast Ground Coffee925 g,$8.98
1496,CuisinartCuisinart PerfecTemp Cordless Electric Programmable Kettle1 ea,$99.98
1497,KeurigDescaling Solution For Brewers1 ea,$12.98
1498,President's ChoiceDark Roast West Coast Gourmet875 g,$8.88
1499,"Bodum3-Cup Brazil French Coffee, Red1 ea",$22.98
1500,Everyday EssentialsCoffee Grinder1 ea,$14.98
1501,Coffee Capsule Reusable Single Coffee Filter1 ea,$14.98
1502,Tim HortonsOriginal Fine Grind Coffee930 g,$17.98
1503,"Everyday EssentialsKettle, 1.7L Black1 ea",$19.98
1504,President's ChoiceDouble Wall Tapered Mug1 ea,$8.48
1505,President's ChoiceDouble Wall Latte Glass1 ea,$6.98
1506,"Everyday Essentials6-Cup Coffee Press, Black1 ea",$8.48
1507,"Pride Of ArabiaPride of Arabia Coffee, Whole Bean907 g",$14.98
1508,President's ChoiceGourmet Swiss Water** Process Decaffeinated Medium Roast 100% Arabica Coffee875 g,$8.88
1509,NabobTraditional Fine Grind Ground Coffee930 g,$18.48
1510,Hamilton Beach1L Satainless Steel Kettle1 ea,$39.98
1511,"BodumElectric Coffee Grinder, Black1 ea",$28.98
1512,CuisinartEspresso Maker1 ea,$183.98
1513,President's ChoiceCoffee Burr Grinder1 ea,$44.98
1514,No NameMedium Roast Ground Coffee925 g,$6.98
1515,President's ChoiceWest Coast Dark Roast Gourmet Whole Bean Coffee907 g,$14.98
1516,President's ChoiceMedium Roast Gourmet Whole Bean Coffee907 g,$14.98
1517,CuisinartCoffee Grinder1 ea,$49.98
1518,President's ChoiceThe Great Canadian Coffee930 g,$8.88
1519,President's ChoiceGourmet Medium Roast 100% Arabica Coffee930 g,$8.88
1520,President's ChoiceGlass Kettle1 ea,$34.98
1521,Bialetti Moka Express 6 Cup6x1ea,$31.98
1522,"Bodum3-Cup Brazil Coffee Press, Black1 ea",$22.98
1523,NescafeRICH Instant Coffee475 g,$14.98
1524,CuisinartCuisinart Brew Central 12 Cup Coffee Maker1 ea,$99.98
1525,"KeurigK35 Classic Series Coffee Maker, Black1 ea",$98.00
1526,"Everyday Essentials6-Cup Coffee Press, Red1 ea",$7.98
1527,President's Choice5-Cup Digital Coffee Maker1 ea,$24.98
1528,"Black & DeckerDigital Coffee Maker, 12 Cup Black1 ea",$31.98
1529,"Everyday EssentialsJug Kettle, 1L Black1 ea",$12.98
1530,PC  Club PackGourmet Medium Roast 100% Arabica Coffee930 g,$8.88
1531,"Tim HortonsCoffee, Dark Roast875 g",$17.98
1532,FolgersClassic Roast Ground Coffee920 g,$6.98
1533,Maxwell HouseOriginal Roast Ground Coffee925 g,$8.98
1534,CuisinartCuisinart PerfecTemp Cordless Electric Programmable Kettle1 ea,$99.98
1535,KeurigDescaling Solution For Brewers1 ea,$12.98
1536,President's ChoiceDark Roast West Coast Gourmet875 g,$8.88
1537,"Bodum3-Cup Brazil French Coffee, Red1 ea",$22.98
1538,Everyday EssentialsCoffee Grinder1 ea,$14.98
1539,Coffee Capsule Reusable Single Coffee Filter1 ea,$14.98
1540,Tim HortonsOriginal Fine Grind Coffee930 g,$17.98
1541,"Everyday EssentialsKettle, 1.7L Black1 ea",$19.98
1542,Everyday EssentialsCoffee Grinder1 ea,$14.98
1543,"Bodum3-Cup Brazil French Coffee, Red1 ea",$22.98
1544,PC OrganicsDark Roast Ground Coffee284 g,$9.98
1545,Kicking HorseDark Roast Grizzly Claw454 g,$11.98
1546,Ethical BeanBold Dark Roast Whole Bean Coffee340 g,$11.98
1547,President's ChoiceDark Roast West Coast Coffee330 g,$8.98
1548,CuisinartCoffee Grinder1 ea,$49.98
1549,PC OrganicsDark Roast Whole Bean Coffee454 g,$10.98
1550,"NescafeGOLD Cappuccino, Instant Coffee Sachets112 g",$4.98
1551,"Bodum3-Cup Brazil Coffee Press, Black1 ea",$22.98
1552,PC OrganicsDark Roast Whole Bean Coffee907 g,$17.98
1553,CuisinartEspresso Maker1 ea,$183.98
1554,Kicking HorseOrganic Dark Roast Kick Ass454 g,$11.98
1555,"BodumElectric Coffee Grinder, Black1 ea",$28.98
1556,President's ChoiceDark Roast West Coast Gourmet875 g,$8.88
1557,President's ChoiceCoffee Burr Grinder1 ea,$44.98
1558,Bialetti Moka Express 6 Cup6x1ea,$31.98
1559,Maxwell HouseRich Dark Roast Ground Coffee925 g,$8.98
1560,Everyday EssentialsCoffee Grinder1 ea,$14.98
1561,"Bodum3-Cup Brazil French Coffee, Red1 ea",$22.98
1562,PC OrganicsDark Roast Ground Coffee284 g,$9.98
1563,Kicking HorseDark Roast Grizzly Claw454 g,$11.98
1564,Ethical BeanBold Dark Roast Whole Bean Coffee340 g,$11.98
1565,President's ChoiceDark Roast West Coast Coffee330 g,$8.98
1566,CuisinartCoffee Grinder1 ea,$49.98
1567,PC OrganicsDark Roast Whole Bean Coffee454 g,$10.98
1568,"NescafeGOLD Cappuccino, Instant Coffee Sachets112 g",$4.98
1569,"Bodum3-Cup Brazil Coffee Press, Black1 ea",$22.98
1570,PC OrganicsDark Roast Whole Bean Coffee907 g,$17.98
1571,CuisinartEspresso Maker1 ea,$183.98
1572,Kicking HorseOrganic Dark Roast Kick Ass454 g,$11.98
1573,"BodumElectric Coffee Grinder, Black1 ea",$28.98
1574,President's ChoiceDark Roast West Coast Gourmet875 g,$8.88
1575,President's ChoiceCoffee Burr Grinder1 ea,$44.98
1576,Bialetti Moka Express 6 Cup6x1ea,$31.98
1577,Maxwell HouseRich Dark Roast Ground Coffee925 g,$8.98
1578,Everyday EssentialsCoffee Grinder1 ea,$14.98
1579,"Bodum3-Cup Brazil French Coffee, Red1 ea",$22.98
1580,PC OrganicsDark Roast Ground Coffee284 g,$9.98
1581,Kicking HorseDark Roast Grizzly Claw454 g,$11.98
1582,"PC OrganicsBiscuits, Digestives200 g",$4.98
1583,President's ChoiceMilk Chocolate Covered Digestive Biscuits300 g,$2.78
1584,President's ChoiceOriginal Oatmeal Cookies350 g,$2.47
1585,President's ChoiceOatmeal Raisin Cookies350 g,$2.47
1586,President's ChoiceCentrefulls Chocolatey Filling Double Chocolate Cookies280 g,$3.00
1587,President's ChoiceConcerto Dark Chocolate Cookie240 g,$2.78
1588,President's ChoiceDark Chocolate Covered Digestive Biscuits300 g,$2.78
1589,President's ChoiceArrowroot Cookies350 g,$3.28
1590,"PC OrganicsBiscuits, Digestives200 g",$4.98
1591,President's ChoiceMilk Chocolate Covered Digestive Biscuits300 g,$2.78
1592,President's ChoiceOriginal Oatmeal Cookies350 g,$2.47
1593,President's ChoiceOatmeal Raisin Cookies350 g,$2.47
1594,President's ChoiceCentrefulls Chocolatey Filling Double Chocolate Cookies280 g,$3.00
1595,President's ChoiceConcerto Dark Chocolate Cookie240 g,$2.78
1596,President's ChoiceDark Chocolate Covered Digestive Biscuits300 g,$2.78
1597,President's ChoiceArrowroot Cookies350 g,$3.28
1598,"PC OrganicsBiscuits, Digestives200 g",$4.98
1599,President's ChoiceMilk Chocolate Covered Digestive Biscuits300 g,$2.78
1600,President's ChoiceOriginal Oatmeal Cookies350 g,$2.47
1601,President's ChoiceOatmeal Raisin Cookies350 g,$2.47
1602,Fresh Tilapia Fillets,$22.31
1603,Cod Fillet,$20.80
1604,Basa Fillets,$19.08
1605,No NameNapkins500 Sheets,$6.98
1606,"PC Blue MenuBlue Menu Thick & Juicy Beef Burger, Club Pack2.27 kg",$24.98
1607,"No NameHoney Graham Crumbs, Club Pack1 kg",$4.98
1608,"No Name Club PackAssorted Cream Bars, Club Pack30x60mL",$7.48
1609,San DanieleSan Daniele Family Pack Prosciutto Slice250 g,$10.00
1610,Strawberries2 ea,$5.98
1611,Hass Avocados Bag1 ea,$2.98
1612,"No NameShredded Cheese, Medium Cheddar900 g",$11.00
1613,"No NameShredded Cheese, Mozzarella900 g",$11.00
1614,"President's ChoicePistachios, Roasted620 g",$12.00
1615,"Inside Round Marinating Steak, Club Pack",$16.79
1616,President's ChoiceThe Great Canadian Coffee930 g,$8.88
1617,Farmer's MarketMixed Mini Potatoes5 lb bag,$6.98
1618,"Maple LeafNatural Selections Oven Roasted Turkey Breast, Family Size Club Pack375 g",$10.00
1619,President's ChoiceGourmet Medium Roast 100% Arabica Coffee930 g,$8.88
1620,President's ChoiceCarbonated Spring Water750 mL,$1.28
1621,"No Name Club PackPerogies, Potato and Cheddar, Club Pack2 kg",$3.88
1622,PC  Club PackArrowroot Cookies1.40 kg,$9.98
1623,"Tilapia Fillets, Club Pack",$23.17
1624,"PC  Club PackTaco Shells, Club Pack468 g",$5.98
1625,POM Wonderful100% Pomegranate & Blueberry Juice1.40 L,$10.98
1626,"No NameBurgers, Club Pack2.27 kg",$15.98
1627,"Flank Steak, Club Pack",$28.63
1628,"President's ChoiceCertified Angus Beef, Strip Loin Steak, Club Pack",$43.02
1629,RoosterGarlic1 kg,$3.98
1630,Farmer's MarketYellow Onions10 lb bag,$4.98
1631,"OlymelBologna, Family Pack Club Pack600 g",$5.00
1632,No Name100% Whole Grain Quick Oats2.25 kg,$5.48
1633,No NameParty Mix908 g,$7.98
1634,No NameOrange Juice2.63 L,$3.48
1635,Farmer's MarketChocolate Chip Cookies798 g,$6.00
1636,No Name Club PackHash Browns2 kg,$4.18
1637,No NameExtra Virgin Olive Oil Tin3 L,$18.98
1638,No Name Club PackPasta Sauce with Mushrooms1.80 L,$5.18
1639,"No Name Club PackVanilla Ice Cream Bars, Club Pack30x60mL",$7.48
1640,"President's ChoiceBlack Forrest Ham, Club Pack400 g",$10.48
1641,Roma Tomatoes1 ea,$6.98
1642,President's ChoiceDistilled Water4 L,$1.00
1643,"Eye Of Round Marinating Steak, Club Pack",$22.61
1644,No NameCanola Oil3 L,$6.28
1645,"No NameSalad Dressing, Ranch950 mL",$2.98
1646,"No NameLaundry Detergent, Fresh Scent4.43 L",$10.98
1647,No NameCalifornia Blend Veggies2 kg,$3.98
1648,President's ChoiceHavarti Cheese Sliced 23% M.F. Club Pack500 g,$12.48
1649,"No Name Club PackAll Beef Wieners, Club Pack1.50 kg",$13.00
1650,Earths OwnOat Unsweetened Vanilla Prisma250 mL,$3.48
1651,So NiceBarista Blend Soy Milk 946 mL,$2.48
1652,Cocoa CaminoBittersweet Chocolate Chips225 g,$6.28
1653,Fortified Almond Beverage Unsweetened Vanilla946 mL,$2.98
1654,Earths OwnAlmond On The Go! Chocolate3x250mL,$3.48
1655,"Earths OwnAlmond On The Go!, Original3x250mL",$3.48
1656,Cashew Fresh Original1.89 L,$3.48
1657,"KinnikinnickMontana's Cookies, Chocolate Chip220 g",$4.48
1658,"KinniTOOS, Vanilla Sandwich Crème220 g",$4.48
1659,"So NiceOrganic Almond Milk, Original1.75 L",$3.48
1660,Earths OwnOat Chocolate Prisma250 mL,$3.48
1661,"Earths OwnAlmond Beverage, Unsweetened946 mL",$2.98
1662,CaminoSemi-Sweet Baking Chocolate200 g,$7.48
1663,"Earths OwnAlmond Fresh, Vanilla1.89 L",$3.48
1664,"Earths OwnAlmond Fresh, Original1.89 L",$3.48
1665,Enjoy LifeRicemilk Crunch Chocolate Bars32 g,$1.88
1666,"So NiceOrganic Almond Milk, Unsweetened1.75 L",$3.48
1667,"KinnikinnickS'moreables, Graham Style Crackers220 g",$4.48
1668,Enjoy LifeBoom Choco Boom Candy Bar Chocolateriz32 g,$1.88
1669,"Kinninritters, Animal Cookies220 g",$4.48
1670,"Earths OwnAlmond Fresh, Unsweetened Vanilla1.89 L",$3.48
1671,Enjoy LifeEnergy Bites Dipped Banana180 g,$6.98
1672,SoFresh Oat Fortified Oat Beverage Unsweetened Original946 mL,$2.98
1673,SoFresh Fortified Cashew Beverage Unsweetened Original946 mL,$2.98
1674,"CaminoBaking Chocolate, 100% Cacao Unsweetened200 g",$7.48
1675,"Earths OwnAlmond Fresh, Coconut1.89 L",$3.48
1676,"KinniTOOS, Chocolate Sandwich Crème220 g",$4.48
1677,"Earths OwnAlmond Fresh, Chocolate1.89 L",$3.48
1678,Cocoa CaminoSemi-Sweet Chocolate Chips225 g,$6.28
1679,"Earths OwnAlmond Fresh, Unsweetened1.89 L",$3.48
1680,CaminoOrganic Whole Brown Sugar1 kg,$7.98
1681,CaminoOrganic Unsweetened Shredded Coconut200 g,$3.78
1682,Cocoa CaminoOrganic Cocoa Powder224 g,$6.48
1683,SoFresh Fortified Cashew Beverage Original946 mL,$2.98
1684,So NiceSo Nice Fortified Almond Beverage Unsweetened Vanilla Organic Almond1.75 L,$3.48
1685,Earths OwnOat Barista Edition946 mL,$4.48
1686,Crofter'sJust Fruit Spread Organic Raspberry235 mL,$3.98
1687,"YosoSoygo Yogurt, Multipack6x125g",$5.28
1688,"Crofter'sPremium Spread, Strawberry383 mL",$4.48
1689,"YosoCultured Coconut Yogurt, Vanilla440 g",$4.48
1690,"Simply ProteinWhey Bar, Coconut40 g",$2.98
1691,"Kinninritters, Animal Cookies220 g",$4.48
1692,"NaturPeanut Butter, Creamy500 g",$5.48
1693,Chosen FoodsAvocado Oil Spray140 mL,$9.98
1694,"KinniTOOS, Vanilla Sandwich Crème220 g",$4.48
1695,"Love GrownHot Oats, Apple Cinnamon63 g",$2.28
1696,Stoked OatsAphrodisi-Oats500 g,$9.98
1697,"KinnikinnickS'moreables, Graham Style Crackers220 g",$4.48
1698,"Simply ProteinProtein Bar, Whey Chocolate Mint40 g",$2.98
1699,"YosoCultured Coconut Yogurt, Unsweetened440 g",$4.48
1700,Simply ProteinKids Bar Chocolate Brownie 5 x (100 g)100 g,$5.98
1701,"NaturPeanut Butter, Crunchy500 g",$5.48
1702,CapilanoManuka Honey Liquid375 g,$14.98
1703,"Love GrownHot Oats, Blueberry Banana Walnut63 g",$2.28
1704,"KinniTOOS, Chocolate Sandwich Crème220 g",$4.48
1705,Stoked OatsStone Age Bag500 g,$9.98
1706,PC Organics100% Coconut Water1 L,$4.78
1707,NaturPeanut and Cocoa Spread500 g,$7.48
1708,Chosen FoodsAvocado Oil750 mL,$15.98
1709,Crofter'sJust Fruit Spread Organic Strawberry235 mL,$3.98
1710,Crofter'sOrganic Raspberry Spread383 mL,$4.48
1711,Chosen FoodsAvocado Oil Mayonnaise355 mL,$15.98
1712,"Simply ProteinKids Protein Bar, Strawberry Vanilla5x20g",$5.98
1713,President's ChoiceWhite Mushrooms454 g,$3.28
1714,"President's ChoiceSalsa, Extra Chunky Medium430 mL",$1.98
1715,"WesternSour Cream, Regular 14%500 mL",$3.78
1716,"President's ChoiceTortillas, Original650 g",$3.38
1717,"Old El PasoSoft Tortillas, Large334 g",$3.28
1718,Old El PasoSoft Taco Dinner Kit400 g,$3.48
1719,Hass Avocado1 ea,$1.68
1720,Roma Tomatoes,$0.39
1721,Old El PasoStand N Stuff Taco Shells    133 g,$3.28
1722,"Old El PasoTaco Shells, Nacho Cheese153 g",$3.28
1723,President's ChoiceSoft Taco Kit427 g,$3.88
1724,"President's ChoiceSalsa, Mild430 mL",$1.98
1725,"President's ChoiceExtra Chunky Salsa, Medium 650 mL",$1.98
1726,"Chicken Breas Strips, Club Pack500 g",$10.00
1727,"President's ChoiceExtra Chunky Mild Salsa, Club Pack1.85 L",$5.68
1728,"President's ChoiceWhite Corn & Black Beans Salsa, Mild650 mL",$1.98
1729,"Gay LeaSour Cream, Regular 14%250 mL",$2.48
1730,President's ChoiceHot Taco Seasoning Mix30 g,$0.98
1731,"No NameShredded Cheese, Nacho 3 Cheese900 g",$11.00
1732,"President's ChoicePickled, Sliced Jalapeño Peppers250 mL",$2.88
1733,"Old El PasoTaco Shells, Ranch153 g",$3.28
1734,"President's ChoiceSour Cream, Lactose Free500 mL",$2.98
1735,"Old El PasoThick n' Chunky Salsa, Medium    650 mL",$3.48
1736,PC OrganicsOrganic Peppers2 Pack,$3.98
1737,Romaine Lettuce1 ea,$2.98
1738,White Onion,$1.62
1739,President's ChoiceTaco Seasoning Mix30 g,$0.98
1740,"Greenhouse Peppers, Yellow",$1.64
1741,Spanish Onion,$1.44
1742,"No NameShredded Cheese, Medium Cheddar900 g",$11.00
1743,Old El PasoStand 'N Stuff Taco Dinner Kit250 g,$3.48
1744,Old El PasoTaco Shells125 g,$3.28
1745,Certified Angus Beef Extra Lean Ground Sirloin,$8.97
1746,"President's ChoiceSalsa, Hot430 mL",$1.98
1747,Green Onion1 bunch,$1.48
1748,President's ChoiceMedium Salsa650 mL,$1.98
1749,"Old El PasoSmart Fiesta Dinner Kit, Soft Taco354 g",$3.48
1750,"No NameSour Cream, Light 5%250 mL",$1.25
1751,PC Black LabelOriginal Salsa430 mL,$1.98
1752,"Gay LeaSour Cream, Regular 14%500 mL",$2.98
1753,"Old El PasoTaco Sauce, Hot215 mL",$3.28
1754,Farmer's MarketSweet Baby Peppers4 Pack,$3.98
1755,President's ChoiceOriginal Tortillas340 g,$2.98
1756,"PC  Club PackTaco Shells, Club Pack468 g",$5.98
1757,"Old El PasoTaco Sauce, Mild215 mL",$3.28
1758,"No NameShredded Cheese, Mozzarella900 g",$11.00
1759,"Old El PasoHard Taco Dinner Kit, Extra Mild330 g",$3.48
1760,Farmer's MarketYellow Onions3 lb bag,$2.48
1761,Blueberries340 g,$4.98
1762,Cantaloupe1 ea,$1.98
1763,Farmer's MarketMini Cucumbers6 Pack,$3.98
1764,"Greenhouse Peppers, Orange",$1.58
1765,Red Peppers    ,$1.58
1766,English Cucumber1 ea,$1.68
1767,Red Leaf Lettuce1 ea,$2.98
1768,Kohlrabi,$2.14
1769,Green Leaf Lettuce1 ea,$2.98
1770,Green Swiss Chard1 ea,$3.48
1771,Cauliflower1 ea,$3.98
1772,Broccoli1 ea,$1.98
1773,Farmer's MarketFM English Cucumber 3Ct3 Pack,$3.98
1774,Kale1 ea,$1.98
1775,Sweet Green Peppers,$1.84
1776,Green Cabbage,$2.52
1777,Romaine Lettuce1 ea,$2.98
1778,Red Swiss Chard1 ea,$3.48
1779,Zucchini,$1.53
1780,"Greenhouse Peppers, Yellow",$1.64
1781,Celery Stalks1 ea,$2.98
1782,Green Onion1 bunch,$1.48
1783,Green Beans,$0.33
1784,Purple Eggplants,$2.49
1785,Farmer's MarketSweet Baby Peppers4 Pack,$3.98
1786,"Spinach, Bunched1 ea",$1.98
1787,Red Cabbage,$2.87
1788,"Carrots, Bunched1 bunch",$2.48
1789,Broccoli Crowns,$2.50
1790,"Red Beets, Bunched1 bunch",$3.98
1791,Lettuce Iceberg1 ea,$2.98
1792,Farmer's MarketMini Cucumbers6 Pack,$3.98
1793,"Greenhouse Peppers, Orange",$1.58
1794,Red Peppers    ,$1.58
1795,English Cucumber1 ea,$1.68
1796,Red Leaf Lettuce1 ea,$2.98
1797,Kohlrabi,$2.14
1798,Green Leaf Lettuce1 ea,$2.98
1799,Green Swiss Chard1 ea,$3.48
1800,Cauliflower1 ea,$3.98
1801,Broccoli1 ea,$1.98
1802,Farmer's MarketFM English Cucumber 3Ct3 Pack,$3.98
1803,Kale1 ea,$1.98
1804,Sweet Green Peppers,$1.84
1805,Green Cabbage,$2.52
1806,Romaine Lettuce1 ea,$2.98
1807,Red Swiss Chard1 ea,$3.48
1808,Zucchini,$1.53
1809,"Greenhouse Peppers, Yellow",$1.64
1810,Celery Stalks1 ea,$2.98
1811,Green Onion1 bunch,$1.48
1812,Green Beans,$0.33
1813,Purple Eggplants,$2.49
1814,Farmer's MarketSweet Baby Peppers4 Pack,$3.98
1815,"Spinach, Bunched1 ea",$1.98
1816,Red Cabbage,$2.87
1817,"Carrots, Bunched1 bunch",$2.48
1818,Broccoli Crowns,$2.50
1819,"Red Beets, Bunched1 bunch",$3.98
1820,Lettuce Iceberg1 ea,$2.98
1821,Farmer's MarketMini Cucumbers6 Pack,$3.98
1822,"Greenhouse Peppers, Orange",$1.58
1823,Red Peppers    ,$1.58
1824,English Cucumber1 ea,$1.68
1825,Cilantro1 ea,$0.98
1826,Italian Parsley1 ea,$1.48
1827,Tomato Beefsteak  Red,$1.76
1828,"President's ChoiceWhite Mushrooms, Whole227 g",$2.28
1829,President's ChoiceWhite Mushrooms454 g,$3.28
1830,Villagio Marzano Tomatoes681 g,$6.98
1831,White Mushrooms,$0.26
1832,"President's ChoiceCremini Mushrooms, Whole227 g",$2.28
1833,Curly Parsley1 ea,$1.48
1834,Tomato on the Vine Red,$5.45
1835,Cilantro1 ea,$0.98
1836,Italian Parsley1 ea,$1.48
1837,Tomato Beefsteak  Red,$1.76
1838,"President's ChoiceWhite Mushrooms, Whole227 g",$2.28
1839,President's ChoiceWhite Mushrooms454 g,$3.28
1840,Villagio Marzano Tomatoes681 g,$6.98
1841,White Mushrooms,$0.26
1842,"President's ChoiceCremini Mushrooms, Whole227 g",$2.28
1843,Curly Parsley1 ea,$1.48
1844,Tomato on the Vine Red,$5.45
1845,Cilantro1 ea,$0.98
1846,Italian Parsley1 ea,$1.48
1847,Tomato Beefsteak  Red,$1.76
1848,"President's ChoiceWhite Mushrooms, Whole227 g",$2.28
