,Item,Price
0,"President's ChoiceCremini Mushrooms, Whole227 g",$2.28
1,Royal Gala Apples,$0.68
2,BolthouseBerry Boost Juice450 mL,$3.98
3,Eddoes,$0.49
4,Farmer's MarketLemons2 g,$4.98
5,"Eggplant, Baby",$0.37
6,Diced Cantaloupe,$1.86
7,Bartlett Pears,$0.68
8,BolthouseChocolate Protein Plus450 mL,$3.98
9,Hot Finger Peppers1 ea,$3.98
10,President's ChoiceHoneycrisp Sweet Apple Cider3000 mL,$5.98
11,Yellow Nectarine907 g,$4.98
12,President's ChoiceNavel Oranges Cara Cara3 lb bag,$4.98
13,Jamaican Sweet Potatoes,$3.07
14,White Mushrooms,$0.26
15,President's ChoicePC Yellow Potato Mini 680g1.50 lb bag,$3.98
16,PC OrganicsGranny Smith Apples3 lb bag,$5.98
17,Watermelon Spears595 g,$5.00
18,Radishes454 g,$2.48
19,Organic Gala Apples,$1.20
20,PC OrganicsGrape Tomatoes255 g,$3.48
21,Palmer Mango1 ea,$3.98
22,Indian Okra,$2.92
23,Kohlrabi,$2.14
24,Thai Banana,$3.26
25,PC OrganicsOrganic Green Onions1 bunch,$1.68
26,Farmer's MarketWhite Potatoes10 lb bag,$4.98
27,Farmer's MarketYellow Potato 10LB10 lb bag,$5.98
28,Happy PlanetExtreme Green Fruit Smoothie900 mL,$4.98
29,"Natural California Pistachios, Salted",$1.10
30,"President's ChoiceCremini Mushrooms, Sliced227 g",$2.48
31,No NameAvocados (Bag)1.36 kg,$6.98
32,Baby Bok Choy,$2.88
33,Red Seeded Watermelon1 ea,$5.98
34,"Romaine Salad, Small",$5.14
35,Mini Seedless Watermelon1 ea,$3.98
36,Red Swiss Chard1 ea,$3.48
37,No NameLimes907 g,$3.98
38,Granny Smith Apples4 lb bag,$5.98
39,Farmer's MarketMini Cucumbers6 Pack,$3.98
40,President's ChoiceBroccoli Slaw340 g,$2.98
41,PC OrganicsOrganic Peppers2 Pack,$3.98
42,Happy PlanetFraser Valley Mushroom 500 mL,$5.00
43,President's ChoiceRoasted Salted Peanuts454 g,$3.00
44,AuroraDried Turkish Figs200 g,$2.98
45,Farmer's MarketGala Apples4 lb Bag,$3.00
46,Organic Broccoli1 ea,$3.98
47,Celery Stalks1 ea,$1.98
48,Fresh Tilapia Fillets,$22.31
49,President's ChoiceMaple Flavoured Naturally Smoked Bacon500 g,$5.98
50,"President's ChoiceFree From Chicken Drumsticks, Club Pack",$16.66
51,MarcangeloBacon Wrapped Pork Loin Roast700 g,$12.00
52,"Chicken Leg Quarters, Service Case",$8.57
53,Anchor BayCooked Clam Meat340 g,$5.28
54,LilydaleDaystarters Sausage Turkey 375 g,$2.98
55,"President's ChoiceShrimp, Cooked1.50 kg",$29.98
56,SeaquestSmoked Wild Coho Salmon150 g,$9.98
57,No NameMild Sugar-Cured Bacon500 g,$4.98
58,High LinerCrispy Breaded Fish Fillets350 g,$3.48
59,"No NameClub Pack Stuffed Breaded Chicken Breast Cutlets, Ham & Cheese852 g",$10.00
60,PC Blue MenuShepherd’S Pie900 g,$11.98
61,"President's ChoiceFree From French Rib Roast, Tray Pack",$22.71
62,"JanesBoneless Bites, Honey Garlic & Thai900 g",$16.98
63,Feature FoodsHerring Fillets in Wine Marinade320 g,$5.98
64,Halal Chicken Thigh,$8.96
65,Zabiha HalalChicken Burgers908 g,$10.48
66,SeaquestKing Crab Flavoured Wild Alaska Pollock Chunks227 g,$3.00
67,President's ChoiceCreamy Bacon Pacific White Shrimp With A Rich And Creamy Bacon Sauce480 g,$12.98
68,President's ChoiceToo Good To Be Wings Butter Chicken Boneless Breaded Chicken Breast Chunks800 g,$9.98
69,"Cedar Plank Salmon, Applewood with Orange & Ginger685 g",$22.00
70,President's ChoiceOriginal Breakfast Pork Sausages375 g,$5.98
71,President's ChoiceFree From Sausages300 g,$4.98
72,Whole Porgy,$16.65
73,"Live Lobster, 2lbs or More",$39.30
74,Zabiha HalalSliced Cooked Chicken Breast Roast200 g,$4.98
75,No NameCantonese Veggie Spring Rolls1.25 kg,$11.98
76,"Halal Chicken Drumsticks, Lemon",$7.80
77,"Fresh Atlantic Salmon Portion, Jerk Flavour, 113G113 g",$4.98
78,MillionnairesFlat Fillets of Anchovies50 g,$4.48
79,SchneiderSausages Oktoberfest375 g,$4.98
80,"Certified Angus Beef, Sirloin Tip Roast",$51.81
81,Kale Feta Stuffed Chicken175 g,$3.98
82,Zabiha HalalBeef Burger907 g,$14.98
83,Chicken Parmesan1130 g,$10.00
84,"SeaquestCalamari Rings, Uncooked340 g",$7.00
85,"Pasta Clams, Live",$0.62
86,"SchneiderSmoked Ham Steak, Low Fat175 g",$3.98
87,"President's ChoiceFree From Pork Shoulder Blade Steaks, Club Pack",$10.13
88,MarcangeloPork Bratwurst Sausage500 g,$6.48
89,President's ChoiceFree From Maple Flavoured Bacon375 g,$5.98
90,"President's ChoiceChicken Wings, Medium Buffalo with Sauce907 g",$11.98
91,"Bottom Blade Steak, Boneless",$7.93
92,Breaded Swiss Chicken Breast1.13 kg,$10.00
93,"PC Blue MenuBlue Menu Rainbow Trout Fillet, Skinless280 g",$11.98
94,MannarichFried Fish Balls240 g,$3.98
95,President's ChoiceShrimp & Scallops Au Gratin240 g,$9.98
96,Coffee MateBliss Almond Caramel473 mL,$2.98
97,KraftOriginal Slices410 g,$4.98
98,Coffee MateDouble Double-mate Liquid Coffee Enhancer1.89 L,$6.98
99,"Yoplait YopDrinkable Yogurt, Raspberry200 mL",$0.75
100,"LiberteOrganic Yogurt, Plain 2.5%750 g",$5.28
101,"Gray RidgePremium White Eggs, Large18 Eggs",$5.28
102,"LiberteGreek Yogurt, Coconut 2%    4x100g",$3.28
103,Cracker BarrelTex Mex Cheese Shreds320 g,$5.98
104,"Organic MeadowOrganic Yogurt, Plain 2%750 g",$5.48
105,"No NameCream Cheese Spread, Herb & Garlic340 g",$2.48
106,"PC OrganicsOrganic Fresh Churned Butter, Salted250 g",$5.28
107,Skyr Vanilla Yogurt 0%500 g,$5.78
108,NeilsonWhipping Cream473 mL,$4.08
109,The Laughing CowLight133 g,$3.88
110,VelveetaProcessed Cheese Loaf450 g,$7.28
111,OikosOikos 9% Blueberry275 g,$3.28
112,Kozy ShackTapioca Pudding Cups6x113g,$4.78
113,"Gray RidgeGrade A Premium White Eggs, Large12 Eggs",$3.68
114,"OikosGreek Yogurt, Fat Free, Plain, 0% M.F., 750g750 g",$4.98
115,"Gray RidgeWhite Eggs, Large6 Eggs",$2.08
116,"LiberteGreek Yogurt, Lemon 2%4x100g",$3.28
117,Cracker BarrelSwiss Sliced Cheese220 g,$4.78
118,"Danone CreamyCreamy Yogurt, Raspberry/Strawberry/Peach Flavour, 100g (Pack of 16)16x100g",$4.98
119,President's ChoicePower Fruit Skyr Icelandic Style 0% M.F. Yogurt4x100g,$3.98
120,"President's ChoiceCoconut Milk Yogurt, Blueberry500 g",$3.98
121,Black DiamondCombo Monterey Jack Cheese127.60 g,$4.98
122,AstroOriginal Kefir Yogourt Vanilla800 g,$4.98
123,"OikosGreek Yogurt, Triple Zero, Fat Free, No Preservatives, No Artificial Sweeteners, Peach Flavour, 100g (Pack of 4)4x100g",$4.18
124,President's ChoiceVanilla 2% M.F. Greek Yogurt908 g,$5.78
125,"No NameCottage Cheese, Fat Free500 g",$2.48
126,"ArzProbiotic Yogurt 3%, Plain750 g",$2.54
127,NeilsonChocolate Milk237 mL,$1.68
128,SimplyAlmond Unsweetened  1.50 L,$4.48
129,"BeatriceFruit Bottom Yogurt, Strawberry175 g",$0.88
130,"International DelightFat Free Coffee Whitener, Hazelnut946 mL",$4.98
131,"PCGreek Yogurt, Vanilla908 g",$5.78
132,NeilsonHomogenized Milk4 L,$5.38
133,BecelOriginal Margarine907 g,$4.98
134,"OikosGreek Yogurt, Fat-free, Peach-Mango Flavour, 0% M.F., 100g (Pack of 4)4x100g",$4.18
135,"AmoozaTwists, Mozzarella-Cheddar252 g",$6.28
136,PhiladelphiaOnion Dip340 g,$5.28
137,LiberteGoat Milk 1% M.F1 L,$4.08
138,"LiberteGreek Yogurt, Plain 2%750 g",$4.98
139,"Yogurt, Cherry500 g",$4.98
140,"PCBaked by You Cookie Dough, Oatmeal Chocolate Chip468 g",$2.98
141,"Golden D White Eggs, Large18 Eggs",$6.18
142,PCGreek Yogurt500 g,$3.00
143,"No NameEvaporated Milk, 2%354 mL",$1.28
144,Old MillHamburger Buns540 g,$2.58
145,White Bread Sliced450 g,$2.48
146,President's ChoiceProfiteroles625 g,$11.98
147,Crispy Besan Roti10x400g,$2.54
148,"Rolls, Butter Flakey200 g",$2.78
149,Crispy Pound Cake0.37 kg,$2.98
150,WestonWhole Wheat Dinner Rolls20x43g,$3.98
151,T&TAlmond Cookies304 g,$3.48
152,"Casa Mendosa6 Large Tortillas, Tomato Salsa384 g",$3.98
153,President's ChoiceThins Rustic White Buns450 g,$2.98
154,"T&TTropical Cake, Coconut180 g",$1.28
155,President's ChoiceGluten Free Chocolate Chip Cookies350 g,$5.98
156,ACERoasted Garlic Mini Crisps180 g,$4.98
157,Baklava Traditional160 g,$3.98
158,President's ChoiceThins Original Bagels6x62g,$3.28
159,"AnnettesOld Fashioned Mini Donuts, 40 pk Club Pack600 g",$4.00
160,Sliced Italian Loaf450 g,$1.00
161,Little DebbieSwiss Rolls 12 Snack Cakes369 g,$2.00
162,WestonHearty Grains Bread570 g,$4.48
163,Cumin/Zeera Short Bread Cookie0.35 kg,$3.98
164,Sliced Brioche Bread500 g,$4.98
165,"Plain Croissants, 12 pack600 g",$5.00
166,Farmer's MarketLemon Meringue Pie1 kg,$6.00
167,"ACECrostino, Roasted Garlic125 g",$3.98
168,President's ChoiceWhole Wheat Naan Rounds Buns480 g,$3.00
169,"ACEDemi-Baguette, White200 g",$1.50
170,"President's ChoiceMini Muffins, Blueberry275 g",$4.00
171,PC OrganicsWhite with Whole Grain Bread709 g,$3.79
172,HostessTwinkies8x37.50g,$3.78
173,President's ChoiceTramezzini Whole Wheat Bread250 g,$2.98
174,T&TStrawberry Tropical Cake180 g,$1.28
175,"Bagel, Plain113 g",$3.00
176,"Casa Mendosa10 Medium Tortillas, Whole Wheat340 g",$2.50
177,Ready BakeBake at Home Garlic Toast325 g,$3.98
178,Ready BakeFrozen White Pizza Dough650 g,$2.98
179,Baker StreetBakerstreet Chocolate Peanut Butter Cake900 g,$19.98
180,"Submarine Buns, White130 g",$2.78
181,"6"" Chocolate Brownie Cheesecake600 g",$12.00
182,President's ChoiceMultigrain Flatbread300 g,$2.50
183,Ozery'sBlueberry Morning Rounds450 g,$4.08
184,Cheese Swirl Buns400 g,$4.98
185,ACEToasted Sesame Mini Crisps180 g,$4.98
186,ACEDinner Roll Clusters545 g,$2.50
187,Farmer's MarketOatmeal Raisin Cookies798 g,$6.00
188,"DItalianoBread, Brizzolio Sausage Buns420 g",$2.47
189,President's ChoiceGluten Free Blueberry Muffins372 g,$5.98
190,"ACEBread, White Baguette350 g",$2.98
191,President's ChoiceGluten Free Oatmeal Raisin Cookies350 g,$5.98
192,SchneiderThuringer Sausage 4/Cs,$24.80
193,"San DanieleMortadella, Hot (Thin Sliced)",$2.28
194,SchneiderHoney Garlic Pepperettes375 g,$8.00
195,President's ChoiceAlfredo Pasta Sauce580 mL,$6.98
196,"Tre StelleBocconcini, Pearls200 g",$6.00
197,PC Blue MenuExtra Firm Tofu350 g,$2.48
198,SabraHummus Roasted Garlic283 g,$4.48
199,Maple LeafNatural Selections Hickory Smoked Turkey Breast Shaved175 g,$6.00
200,OlivieriTortellini with Beef700 g,$7.00
201,President's ChoiceTraditional Black Forest Ham175 g,$6.28
202,SaputoParmesan Petals300 g,$10.00
203,President's ChoiceLa Belle Rivière Washed-Rind Soft Surface Ripened Cheese170 g,$7.28
204,Small Sweet Kale Salad,$8.80
205,SchneiderSCH LM 2 CHEESE PIZZA KIT 12X1120 g,$3.48
206,"OlivieriPasta Sauce, Alfredo Herb600 mL",$7.00
207,"President's ChoiceHavarti with Jalapeno, Sliced160 g",$5.68
208,SchneiderLunch Mate Stackers Summer Sausage90 g,$3.28
209,AgropurJarlsberg Cheese450 g,$13.48
210,ArlaHavarti Jalapeno FW200 g,$5.48
211,Ziggy'sExtra Lean Cooked Ham (Thin Sliced),$2.38
212,"Madame ChevreChevre, Cranberry with Port170 g",$6.28
213,"ZertoParmesan, Shredded140 g",$7.00
214,"PC Splendido4 Cheese Tortellini, Small300 g",$4.88
215,"PC SplendidoSun Dried Mozzarella Tortellini, Large600 g",$7.98
216,Ziggy'sStuffed Mammoth Olives500 mL,$6.48
217,Ziggy'sCooked Turkey300 g,$5.00
218,"Ziggy'sCheese, Havarti 23%200 g",$5.00
219,OlymelOlymel Smoked Ham Black Forest150 g,$4.98
220,Mini Cheese and Pepperoni Tray400 g,$6.00
221,Broccoli Slaw,$9.90
222,RosenborgExtra Creamy Blue Cheese Wedge125 g,$5.00
223,Pumpernickel With Spinach Dip Party Tray1 ea,$12.00
224,LousSteam-Cooked Golden Beets300 g,$7.98
225,ArlaHavarti Creamy800 g,$15.98
226,President's ChoiceMini Roasted Garlic Hummus Chickpea Dip And Spread12x57g,$6.00
227,Gourmet Roast Beef Sandwich1 ea,$5.98
228,President's ChoiceCreamy Havarti Cheese Slices160 g,$5.68
229,YucatanGuacamole Spicy227 g,$3.98
230,SardoJalapeño Feta Cheese250 mL,$5.28
231,Sila Dry Salami-Memphis Style BBQ-Duo175 g,$5.00
232,BothwellCheese Slices450 g,$12.98
233,"OlymelBologna, Family Pack Club Pack600 g",$5.00
234,"Harvest Salad, Small",$6.70
235,"Snack Cup, Veggies & Dip200 g",$3.00
236,MastroCooked Italian Meat Trio250 g,$9.28
237,Soup's On SoupBarley Soup's On Soup Broccoli925 mL,$7.00
238,Earth Island Mozzarella Slices200 g,$6.98
239,St HubertFresh Chicken Pie645 g,$8.48
240,Chicken & Vegetable Potstickers1250 g,$10.00
241,Swiss ChaletPork Back Ribs Honey Garlic 1 Full Rack600 g,$11.98
242,ChapmansVanilla1 L,$4.98
243,ChapmansVanilla Almond Balltop Grizzly Cone5x140mL,$5.48
244,President's ChoiceFrozen Broccoli1.75 kg,$7.00
245,Zabiha HalalChicken Burgers908 g,$10.48
246,Anchor BayCooked Clam Meat340 g,$5.28
247,CadburyCARAMILK Frozen Dessert1.50 L,$4.98
248,President's ChoiceProfiteroles625 g,$11.98
249,PC Blue MenuBlue Menu Scottish Haddock600 g,$10.98
250,"AmysOrganic Burrito, Bean & Rice170 g",$3.98
251,"President's ChoiceShrimp, Cooked1.50 kg",$29.98
252,"President's ChoiceThe Decadent Cookies, Vanilla Sandwich6x100mL",$4.98
253,LousPulled Pork400 g,$7.98
254,SeaquestSmoked Wild Coho Salmon150 g,$9.98
255,Asian InspirationsThai Chicken400 g,$6.98
256,No NameCalifornia Blend Veggies2 kg,$3.98
257,DelissioThin Crispy Crust Hawaiian Pizza510 g,$5.98
258,"PillsburyToaster Strudel, Apple    326 g",$1.98
259,FlamingoCajun  Chicken Thigh Pieces700 g,$10.98
260,"ShanaNaan, Garlic300 g",$1.98
261,Michelina's Chicken Stir Fry227 g,$1.98
262,President's ChoiceVanilla Ice Cream1.65 L,$4.00
263,PopsicleFudgsicle Bars720 mL,$2.98
264,BreyersFamily Classic Heavenly Hash1.66 L,$5.98
265,Mccain BreakfastBreakfast Potatoes Pancakes600 g,$2.48
266,President's ChoiceEdamame500 g,$2.88
267,"President's ChoiceIce Cream Shop Flavours, Peanut Butter & Chocolate946 mL",$3.78
268,ChapmansRainbow2 L,$4.98
269,"No NameWaffles, Blueberry1680 g",$8.88
270,Haagen DazsChocolate Peanut Butter Ice Cream500 mL,$6.48
271,"Dr OetkerMini Pizzas, Deluxe738 g",$6.28
272,President's Choice3 Peppers & Onion Blend500 g,$2.88
273,"Lean CuisineSelections, Sweet & Sour Chicken238 g",$3.48
274,President's ChoiceCooked 31-40 Shrimp400 g,$12.00
275,Minute MaidVariety Pack8x295mL,$5.44
276,SUFRAChicken Strips840 g,$8.98
277,President's ChoiceSustainably Sourced Wild Atlantic Cod Skinless Boneless Fillets1.36 kg,$32.98
278,"JanesPopcorn Chicken and Fries, Fully Cooked SnackPack1.40 kg",$17.98
279,"FurlaniTexas Toast, Garlic638 g",$3.78
280,"PC Blue MenuBlue Menu Smoothie Bars, Fudge6x80mL",$5.98
281,"T&TPork & Shrimp Dumplings, Cooked200 g",$3.28
282,President's ChoiceFree From Angus Beef Meatball850 g,$10.98
283,ChapmansAlmonds & Milk Chocolate Bars8x55mL,$4.98
284,Vegetable and Pork Dumplings380 g,$3.68
285,Dr OetkerCasa di Mama Pulled Pork Pizza395 g,$3.98
286,Blue WaterSmart & Crunchy Breaded Fish Fingers445 g,$6.48
287,GardeinSeven Grain Crispy Tenders255 g,$5.48
288,"Ocean Spray100% Juice, Cranberry and Grape1.77 L",$3.98
289,San PellegrinoCarbonated Mineral Water8x330mL,$6.98c
290,Thirsty BuddhaSparkling Coconut Water with Lime330 mL,$1.98
291,CarnationRich And Creamy Carnation Hot Chocolate25 g,$3.98
292,"Tim HortonsSingle Serve Coffee Pods, Original126 g",$10.48
293,PC  Club PackOrange Pekoe Tea216 ea,$7.98
294,Diet Pepsi Soda591 mL,$1.98
295,"Kool-AidJammers, Cherry, 10 Pouches10x180mL",$2.48
296,Kool-AidTropical Punch Liquid Drink Mix48 mL,$3.68
297,Whole Bean Coffee340 g,$13.98
298,No NameOrange Juice1.75 L,$2.28
299,President's ChoiceClub Pack Apple Juice From Concentrate3.78 L,$3.98
300,"NestlePure Life Sparkling, Raspberry Lime (Case)8x355mL",$4.98
301,"MontellierCarbonated Water, Lime1 L",$1.28
302,PaldoAloe Vera drink1.50 L,$2.98
303,Twinings50ct English Breakfast50 ea,$8.98
304,BolthouseBerry Boost Juice450 mL,$3.98
305,"Crystal LightLiquid Drink Mix, Blueberry Razz48 mL",$3.68
306,Al RifaiBrazilian Coffee with Cardamom200 g,$2.98
307,StarbucksCaffè Verona Whole Bean Coffee340 g,$10.98
308,"Talking Rain Sparkling Ice, Coconut Pineapple503 mL",$1.28
309,President's Choice100% Apple & Grape10x200mL,$2.68
310,"Tea IndiaChai Tea Latte Mix, Milk Tea224 g",$6.98
311,NestleCOFFEE-MATE Light Powder450 g,$4.48
312,Real LemonSingle Strength Lemon Juice945 mL,$3.18
313,UjinotsuyuUji no Tsuyu Genmaicha40 g,$3.98
314,Diet Coke Caffeine Free 2 L,$1.98
315,Five AlivePassionate Peach1.75 L,$2.48
316,TassimoPresident's Choice The Great Canadian Light Medium Roast14 ea,$6.48
317,Kicking HorseMedium Roast Cliff Hanger Espresso454 g,$11.98
318,BolthouseChocolate Protein Plus450 mL,$3.98
319,"GlaceauVitamin Water, XXX (Case)12x591mL",$19.99
320,"PerrierCarbonated Natural Spring Water, Slim Cans, Lime (Case)10x250mL",$5.78
321,President's ChoiceHoneycrisp Sweet Apple Cider3000 mL,$5.98
322,Diet 7UP Soda (Case)12x355mL,$5.48
323,TropicanaHomestyle (Some Pulp)2.63 L,$6.78
324,President's ChoiceRuby Red Grapefruit Cocktail1.89 L,$2.78
325,Minute MaidLight Lemonade1.75 L,$2.28
326,OvaltineMalted Milk Drink400 g,$5.78
327,"Diet Coke, Cans6x222mL",$2.78
328,YogiOrganic Ginger Tea32 g,$5.48
329,YogiRestful Sleep Herbal Tea1 ea,$5.48
330,"OasisFruitZoo, Apple Juice with Calcium8x200mL",$2.88
331,Tasters ChoiceClassic Instant Coffee100 g,$6.98
332,"Van HoutteHouse Blend Decaf, Medium Roast30 ea",$17.98
333,"Kicking HorseOrganic Smart Ass Ground Coffee, Medium Roast284 g",$10.98
334,RegalPink Guava Juice2 L,$3.88
335,PerrierCarbonated Natural Spring Water (Case)12x750mL,$16.98
336,President's ChoiceRefrigerated Spring Herb Vinaigrette350 mL,$3.98
337,No NameArtificial Vanilla Extract250 mL,$3.48
338,ParleHide & Seek Fab! Orange Cookie112 g,$0.98
339,"BuglesCorn Snacks, Original213 g",$2.48
340,"Betty CrockerFruit Snacks, Animated Edition226 g",$2.98
341,"Humpty DumptyParty Mix, Cheese280 g",$3.28
342,"ChristieTRISCUIT with Garlic, Onion & Poppy Seed200 g",$3.00
343,"No NameCake Mix, Chocolate Deluxe468 g",$1.68
344,No NamePecan Pieces400 g,$11.98
345,"ChristieRitz Crisp & Thin Crackers, Cheddar Cheese115 g",$3.00
346,President's ChoicePure Vanilla Extract125 mL,$15.98
347,MeijiYan Yan Strawberry57 g,$1.68
348,HeinzDeep-Browned Beans with Pork & Tomato Sauce398 mL,$1.28
349,SurajHusked Split Desi Chick Peas1.80 kg,$6.78
350,Club HousePure Almond Extract43 mL,$3.98
351,PC Blue MenuFruit & Nut Mixed Berry Chewy Bars165 g,$2.58
352,Seeds Of ChangeIndian Style Lentils261 g,$4.28
353,CadburyDark Milk Mint Bar133 g,$5.00
354,Betty CrockerDessert Mix & Frosting Peanut Butter204 g,$2.18
355,BioitaliaOrganic Peeled Tomatoes398 mL,$2.98
356,MDHKashmiri Mirch Masala100 g,$1.98
357,"SurajCardamom, Ground75 g",$3.98
358,CatelliSpaghetti Supergreens Pasta300 g,$2.48
359,No NameFruit Cocktail in Juice From Concentrate398 mL,$1.78
360,"RyvitaSnackbread, Multigrain125 g",$2.48
361,President's ChoiceTomatoes First  Tomato Sauce With Basil680 mL,$1.68
362,"Roasted Seaweed Snack, Teriyaki10 g",$2.98
363,"No NamePie Filling, Blueberry540 mL",$2.98
364,Del MonteRed Grapefruit in Slightly Sweetened Water 8 Cups x (1.52 L) (Case)8x190mL,$11.48
365,"TostitosTortilla Chips, Hint of Lime275 g",$2.98
366,NestleCaramel Crisp Wafer Bar120 g,$2.00
367,"Jell-OGrape Jelly Powder, Gelatin Mix85 g",$0.88
368,"Cake MateDécor Mix, Teddy's Picnic79 g",$5.58
369,"Simply ProteinWhey Bar, Coconut40 g",$2.98
370,"Stock and BarrelBanana Chips, Sweetened220 g",$4.00
371,Simply OrganicPeppercorn Blend85 g,$7.98
372,President's ChoiceGarlic Powder67 g,$7.48
373,"No NamePie Filling, Cherry540 mL",$2.98
374,"FritosClassic Mix, Variety Pack560 g",$6.98
375,"Hidden ValleySalad Dressing, Original Ranch473 mL",$4.28
376,"CalbeeSnapea Crisps, Black Pepper93 g",$2.48
377,Pâté Sandwich Spread78 g,$1.78
378,Rice Stick Noodles454 g,$2.18
379,RoosterRice Cracker Savoury520 g,$2.98
380,"Blue DragonStir Fry Sauce, Sweet and Sour140 mL",$2.18
381,MailleCrunchy Gherkins375 mL,$5.48
382,President's ChoicePC  Seasoned Whole Grain Croutons140 g,$2.00
383,"McCormicksInternational Sauce Mix, Roast Gravy For Poultry30 g",$1.98
384,GardeinMeat - Free the Ultimate Beefless Ground390 g,$5.48
385,Figgy Pops Supersnacks Organic Fruit & Nut Snacks Cranberry Pistachio88 g,$6.98
386,PC OrganicsPC ORGANICS GRD BLACK PEPPER47 g,$3.48
387,Lentils Curry Original55 g,$2.28
388,TerraSweets & Beet170 g,$3.98
389,The Good BeanChili & Lime Chick Peas Snack170 g,$4.48
390,PC OrganicsSpaghetti in Turkey Meat Sauce185 g,$2.25
391,"ClifLuna Bar, Caramel Walnut Brownie (Case)48 g",$22.98c
392,KijuOrganic 100% Lemonade4x200mL,$2.28
393,"Simply ProteinWhey Bar, Coconut40 g",$2.98
394,Simply OrganicPeppercorn Blend85 g,$7.98
395,"CaminoOrganic Milk Chocolate Bar, Sea Salt 38%100 g",$4.58
396,"Simply ProteinProtein Cookie, Peanut Butter50 g",$2.98
397,PC OrganicsHoneycrisp Apples,$1.66
398,"AmysOrganic Burrito, Bean & Rice170 g",$3.98
399,"Oat DreamOatmega Bar, Chocolate Coconut51 g",$2.48
400,Blue DiamondNatural Almond Milk (Case)12x946mL,$31.98c
401,President's ChoiceGluten-Free Fusilli340 g,$2.68
402,Suzie's Good FatsSuzie's Good Fats Peanut Butter Chocolate Chip Cookie Dough39 g,$33.98c
403,Nature's PathOrganic KAMUT Krisp750 g,$8.98
404,"ClifBuilders Bar, Chocolate Mint (Case)12x68g",$22.48
405,Go Go QuinoaFusilli Cauliflower Rice Quinoa227 g,$4.18
406,Nature's PathSmart Bran 300 g,$4.48
407,President's ChoiceOriginal Breakfast Pork Sausages375 g,$5.98
408,President's ChoiceFree From Sausages300 g,$4.98
409,Earth BalanceCreamy Coconut & Peanut Spread500 g,$6.98
410,NutivaOrganic Coconut Flour454 g,$5.98
411,"Kind barKind Bar, Mini Dark Chocolate Nuts and Sea Salt200 g",$10.98
412,Oil Spray Avocado140 mL,$7.98
413,PC OrganicsUnsweetened Apple Sauce650 mL,$2.48
414,EPIC Bar Peanut Butter53 g,$2.78
415,"Epic Provisions Bar Bison Bacon Cranberry, Uncured37 g",$3.98
416,Simply OrganicVanilla Extract118 mL,$24.98
417,PranaOrganic Whole White Chia Seeds300 g,$7.48
418,Simply OrganicTaco Seasoning32 g,$1.98
419,PC OrganicsExtra Virgin Olive Oil Spray140 g,$6.98
420,"Eat NakdFruit & Nut Nibbles, Coconut Bliss40 g",$1.78
421,Organic Strawberries454 g,$4.98
422,Banana Maple Cookies 7 Individually Wrapped Cookies154 g,$3.98
423,Chickpea and Vegetable Curry350 g,$8.48
424,"ClifZ Bars, Chocolate Chip180.02 g",$4.98
425,LakewoodOrganic Juice Pure Prune946 mL,$10.98
426,YogiOrganic Ginger Tea32 g,$5.48
427,"Genuine HealthFermented Greek Yogurt Proteins+, Berry Cashew55 g",$2.98
428,PC OrganicsRed Kidney Beans540 mL,$2.98
429,"Love Child OrganicsPat-A-Cakes, Apple & Cinnamon40 g",$2.98
430,"Cordon BleuNon Dairy Frozen Dessert, Chocolate Hazelnut Fudge473 mL",$8.28
431,Pressels Sea Salt Thin & Crispy Pretzel Chips200 g,$3.78
432,PampersBaby-Dry Diapers Size 3 104 Count104 ea,$26.98
433,PampersPure Protection Diapers Size 2 68 Count68 ea,$19.94
434,PampersBaby-Dry Diapers Size 6 64 Count64 ea,$26.98
435,PampersBaby-Dry Diapers Size 5 78 Count78 ea,$26.98
436,PampersBaby Wipes Sensitive 3X Refill 192 Count192 ea,$7.38
437,PampersBaby-Dry Diapers Size 4 92 Count92 ea,$26.98
438,PampersBaby Wipes Sensitive 9X Pop-Top504 ea,$19.98
439,PampersBaby-Dry Diapers Size 3 104 Count104 ea,$26.98
440,PampersPure Protection Diapers Size 2 68 Count68 ea,$19.94
441,PampersBaby-Dry Diapers Size 6 64 Count64 ea,$26.98
442,PampersBaby-Dry Diapers Size 5 78 Count78 ea,$26.98
443,PampersBaby Wipes Sensitive 3X Refill 192 Count192 ea,$7.38
444,PampersBaby-Dry Diapers Size 4 92 Count92 ea,$26.98
445,PampersBaby Wipes Sensitive 9X Pop-Top504 ea,$19.98
446,PampersBaby-Dry Diapers Size 3 104 Count104 ea,$26.98
447,PampersPure Protection Diapers Size 2 68 Count68 ea,$19.94
448,PampersBaby-Dry Diapers Size 6 64 Count64 ea,$26.98
449,PampersBaby-Dry Diapers Size 5 78 Count78 ea,$26.98
450,PC OrganicsMango And Carrot Whole Grain Puffs Puffed Cereal42 g,$2.25
451,PC OrganicsMashed Potatoes & Turkey185 g,$2.25
452,"PC OrganicsCereal, Multigrain Banana125 g",$2.25
453,"PC OrganicsFruit, Veggie, & Oat Bars, Raspberry Beet90 g",$2.25
454,"PC OrganicsOrange, Carrot & Cinnamon Fruit, Veggie And Oat Bars90 g",$2.25
455,PC OrganicsToddler Apple Juice1 L,$1.88
456,"PC OrganicsMini Cereal Bars, Blueberry160 g",$2.25
457,PC OrganicsCheddar Cheese Whole Grain Puffs42 g,$2.25
458,"PC OrganicsToddler Entrée, Fruity Chicken185 g",$2.25
459,PC OrganicsBroccoli And Spinach Whole Grain Puffs Puffed Cereal42 g,$2.25
460,"PC OrganicsToddler Mini Pasta, Alphabet454 g",$2.25
461,PC OrganicsStrawberry Mango Naturally Flavoured Fruit Snack60 g,$3.98
462,"President's ChoiceYogurt Melt, Mixed Berry1 ea",$3.28
463,"PC OrganicsMini Cereal Bars, Apple, Acai160 g",$2.25
464,PC OrganicsOrganics Broccoli And Kale Baked Whole Grain Corn Puffs42 g,$2.25
465,"PC OrganicsMini Cereal Bars, Banana Berry160 g",$2.25
466,"PC OrganicsToddlers Mini Pasta, Bowties454 g",$2.25
467,"PC OrganicsMini Cereal Bars, Berry Pomegranate160 g",$2.25
468,PC OrganicsApple And Strawberry Whole Grain Puffs Puffed Cereal42 g,$2.25
469,PC OrganicsStars Pasta454 g,$2.25
470,PC OrganicsSpaghetti in Turkey Meat Sauce185 g,$2.25
471,President's ChoiceNaturally Flavoured Toddlers Strawberry Yogurt Snack1 ea,$3.28
472,"President's ChoiceTotal Pediatric Nutrition, Vanilla6x235mL",$9.98
473,PC OrganicsAnimal Cookies For Toddlers 170 g,$2.25
474,PC OrganicsPurple Carrot And Blueberry Whole Grain Puffs Puffed Cereal42 g,$2.25
475,PC OrganicsToddler Blue Fruit Twist60 g,$3.98
476,PC OrganicsMango And Carrot Whole Grain Puffs Puffed Cereal42 g,$2.25
477,PC OrganicsMashed Potatoes & Turkey185 g,$2.25
478,"PC OrganicsCereal, Multigrain Banana125 g",$2.25
479,"PC OrganicsFruit, Veggie, & Oat Bars, Raspberry Beet90 g",$2.25
480,"PC OrganicsOrange, Carrot & Cinnamon Fruit, Veggie And Oat Bars90 g",$2.25
481,PC OrganicsToddler Apple Juice1 L,$1.88
482,"PC OrganicsMini Cereal Bars, Blueberry160 g",$2.25
483,PC OrganicsCheddar Cheese Whole Grain Puffs42 g,$2.25
484,"PC OrganicsToddler Entrée, Fruity Chicken185 g",$2.25
485,PC OrganicsBroccoli And Spinach Whole Grain Puffs Puffed Cereal42 g,$2.25
486,"PC OrganicsToddler Mini Pasta, Alphabet454 g",$2.25
487,PC OrganicsStrawberry Mango Naturally Flavoured Fruit Snack60 g,$3.98
488,"President's ChoiceYogurt Melt, Mixed Berry1 ea",$3.28
489,"PC OrganicsMini Cereal Bars, Apple, Acai160 g",$2.25
490,PC OrganicsOrganics Broccoli And Kale Baked Whole Grain Corn Puffs42 g,$2.25
491,"PC OrganicsMini Cereal Bars, Banana Berry160 g",$2.25
492,"PC OrganicsToddlers Mini Pasta, Bowties454 g",$2.25
493,"PC OrganicsMini Cereal Bars, Berry Pomegranate160 g",$2.25
494,PC OrganicsApple And Strawberry Whole Grain Puffs Puffed Cereal42 g,$2.25
495,PC OrganicsStars Pasta454 g,$2.25
496,PC OrganicsSpaghetti in Turkey Meat Sauce185 g,$2.25
497,President's ChoiceNaturally Flavoured Toddlers Strawberry Yogurt Snack1 ea,$3.28
498,"President's ChoiceTotal Pediatric Nutrition, Vanilla6x235mL",$9.98
499,PC OrganicsAnimal Cookies For Toddlers 170 g,$2.25
500,PC OrganicsPurple Carrot And Blueberry Whole Grain Puffs Puffed Cereal42 g,$2.25
501,PC OrganicsToddler Blue Fruit Twist60 g,$3.98
502,PC OrganicsMango And Carrot Whole Grain Puffs Puffed Cereal42 g,$2.25
503,PC OrganicsMashed Potatoes & Turkey185 g,$2.25
504,"PC OrganicsCereal, Multigrain Banana125 g",$2.25
505,"PC OrganicsFruit, Veggie, & Oat Bars, Raspberry Beet90 g",$2.25
506,Baby Brezza Formula Pro Advanced1 ea,$239.98
507,LansinohNursing Pads100 ea,$9.98
508,KushiesSilibeads Pacifier Clip1 ea,$11.98
509,Snotsucker Nasal Aspirator1 ea,$21.98
510,"MunchkinMiracle 360 Trainer Cup, 7oz1 ea",$7.98
511,Baby Brezza Formula Pro Advanced1 ea,$239.98
512,LansinohNursing Pads100 ea,$9.98
513,KushiesSilibeads Pacifier Clip1 ea,$11.98
514,Snotsucker Nasal Aspirator1 ea,$21.98
515,"MunchkinMiracle 360 Trainer Cup, 7oz1 ea",$7.98
516,Baby Brezza Formula Pro Advanced1 ea,$239.98
517,LansinohNursing Pads100 ea,$9.98
518,KushiesSilibeads Pacifier Clip1 ea,$11.98
519,Snotsucker Nasal Aspirator1 ea,$21.98
520,"TideLiquid Pods, Original Cold Water12 ea",$5.48
521,"TideLiquid Pod, Scent Free & Gentle16 ea",$5.48
522,"PapermateFelt Tip Pens, Flair Colours12 ea",$13.98
523,"TideLiquid Pods, Original16 ea",$5.48
524,President's ChoiceLawn & Leaf Bags5 ea,$2.98
525,"Post itNotes, Canary1 ea",$9.98
526,GainLaundry Detergent Liquid Pod Blissful Breeze14 ea,$4.98
527,TideLaundry Detergent Liquid 2X High Suds Refreshing Breeze Simply With Oxi3.40 L,$10.98
528,Sistema Small Soup Mug1 ea,$6.28
529,PapermateStarter Set5 ea,$4.98
530,Sistema Multi Split To Go1 ea,$9.48
531,Snack Capsule To Go1 ea,$6.28
532,ReynoldsCut-Rite Wax Paper1 ea,$4.48
533,SharpieAssorted Pens6x1ea,$10.98
534,GainLaundry Detergent Liquid 2X High Suds Blissful Breeze Regular1.47 L,$5.98
535,GladSquare Plates 100 Set100x1ea,$16.48
536,CardinalTops Executive Notebook1 ea,$9.98
537,SharpieUltra Fine Coloured Markers24x1ea,$28.98
538,Sylvania15000 Hour LED 2.5W B102x1ea,$16.48
539,"Life at HomeSlim Pedal Bin, Stainless Steel, 10L1 ea",$31.98
540,Polyfoam Padfolio1 ea,$4.98
541,No NameDisposable Duster Kit1 ea,$3.98
542,TouchColoured Round Toothpicks in a Jar250 ea,$1.99
543,BER BLANKET 2-300G DARK GREY1 ea,$10.98
544,"EnergizerMAX Alkaline AAA Batteries, 10 Pack10x1ea",$14.98
545,HP65 Tri Color Ink Cartridge1 ea,$15.94
546,"RenuzitAdjustable Air Freshener, Tahiti Breeze198 g",$1.28
547,"No NameQuick-Tie Lawn & Garden Bags, Extra Large50 ea",$12.98
548,PC GreenGreen Box with Strap1 ea,$5.98
549,"No NameCake Pans, 13x19""2x1ea",$3.98
550,"SwifferDuster Kit, Unscented1 ea",$5.98
551,"Everyday EssentialsSwing Bin, White 6.5L1 ea",$6.48
552,"GainLaundry Detergent Pacs, Original, 14 count342 g",$4.98
553,Oxi CleanMax Force Gel Stick183 mL,$4.98
554,ElmersSchool Glue1 ea,$1.98
555,ZiplocSandwich Mega Bags270 ea,$8.98
556,BicCristal Ball Point Pens10 Pack,$2.78
557,"FebrezeOne Plug Dual Refill, Bamboo52 mL",$11.98
558,"No NameFoam Plates, 7in150 ea",$5.98
559,Everyday Essentials14-Piece Square Food Storage Set1 ea,$10.48
560,BLANKET SHADOW PURPLE1 ea,$10.98
561,BRNT SUPER VALUE ROYAL BLUE1 ea,$5.98
562,President's ChoiceSensitive Skin Dishwashing Liquid1 L,$2.78
563,BRNT SUPER VALUE DARK GRAY1 ea,$5.98
564,"TideLiquid Pods Plus Febreze, Botanical Rain1.35 kg",$19.98
565,FantastikAll Purpose Cleaner3.80 L,$11.98
566,Scrubbing BubblesShower Foam946 mL,$4.48
567,"President's ChoiceLocking Lid Food Storage, 600mL1 ea",$5.98
568,LOreal ParisVoluminous 300 White Primer7 mL,$6.00
569,LOreal ParisTrue Match Lumi Healthy Luminous Makeup1 ea,$10.98
570,"Sinful ColoursNail Colour, Spice1 ea",$3.99
571,LOreal ParisVoluminous Original Bold Volume Building Mascara 305 Black8 mL,$6.00
572,"LOreal ParisVoluminous Waterproof Mascara, Black8 mL",$6.00
573,"MaybellineGreat Lash Mascara, Very Black12.70 mL",$4.48
574,"LOreal ParisVoluminous Curved Brush Mascara, Black8 mL",$6.00
575,"MaybellineVolum' Express The Colossal Washable Mascara, Classic Black9.20 mL",$5.96
576,"MaybellineGreat Lash Mascara, Blackest Black12.70 mL",$4.48
577,"Cover GirlLashblast Mascara, Very Black13.10 mL",$6.98
578,LOreal ParisBrow Stylist Definer Ultra-Fine Tip Shaping Pencil 389 Brunette0.24 g,$8.98
579,LOreal ParisBrow Stylist Definer Ultra-Fine Tip Shaping Pencil 390 Dark Brunette0.24 g,$8.98
580,"Cover GirlPerfect Point Plus Eye Liner, Black Onyx0.23 g",$6.98
581,"MaybellineEye Studio Brow Define + Fill Duo, Soft Brown0.10 mL",$8.98
582,"RevlonSo Fierce Vinyl Eyeliner, Powerful Plum1 ea",$7.98
583,"Cover GirlUltra Matte Lipstick, Real Thing1 ea",$7.98
584,"LOreal ParisVoluminous Curved Brush Mascara, Black Brown8 mL",$6.00
585,"LOreal ParisTelescopic Mascara, Carbon Black8 mL",$8.98
586,"Cover GirlClean Oil Control, Pressed Powder, Puff Beige10 g",$6.98
587,"LOreal ParisInfallible Never Fail Eyeliner, Black1.14 g",$11.98
588,"LOreal ParisDouble Extend Beauty Tubes Mascara, Blackest Black6.20 mL",$13.98
589,"RevlonColorstay Eyeliner, Black-Brown1 ea",$9.98
590,"ElfStudio Face Primer, Poreless1 ea",$8.00
591,"RevlonColorstay Eyeliner Pencil, Black1 ea",$9.98
592,"LOreal ParisTelescopic Mascara, Black1 ea",$8.98
593,"LOreal ParisVoluminous Original Waterproof Mascara, Carbon Black8 mL",$6.00
594,LOreal ParisLash Volume Mascara 8 mL,$6.00
595,MaybellineSuperstay Matte Ink Lip Founder5 mL,$8.98
596,"MaybellineFit Me Matte Foundation, Classic Ivory1 ea",$5.98
597,"LOreal ParisInfallible Super Slim Liquid Eyeliner, Black1 mL",$10.98
598,"Cover GirlLashblast Fusion Mascara, Very Black13.10 mL",$6.98
599,"MaybellineInstant Age Rewind Eraser Concealer, Fair6 mL",$12.98
600,"MaybellineGreat Lash Waterproof Mascara, Very Black12.70 mL",$4.48
601,"MaybellineFit Me Concealer, Fair6.80 mL",$5.98
602,MaybellineVolum' Express The Colossal Washable Mascara - Glam Black9.20 mL,$5.96
603,"RevlonPhotoReady Face Powder, Light Medium1 ea",$16.98
604,"Cover GirlLashblast Volume Blasting Mascara, Very Black13.10 mL",$6.98
605,"LOreal ParisVoluminous Waterproof Mascara, Brown8 mL",$6.00
606,"MaybellineVolum' Express The Colossal Waterproof Mascara, Glam Black9.20 mL",$5.96
607,"LOreal ParisVoluminous Mascara, Carbon Black8 mL",$6.00
608,MaybellineLash Sensational Volumizing Mascara 253 Blackest Black1 ea,$6.98
609,"MaybellineGreat Lash Waterproof Mascara, Brown Black12.70 mL",$4.48
610,LOreal ParisInfallible Pro-Spray & Makeup Extender Setting Spray1 ea,$15.98
611,MaybellineNew York Fit Me! Foundation 340 Cappuccino30 mL,$5.98
612,MaybellineInstant Age Rewind Concealer + Treatment 120 Light 6.0 ml6 mL,$12.98
613,"MaybellineInstant Age Rewind Eraser, Neutralizer6 mL",$12.98
614,"MaybellineFit Me! Foundation, SPF 18, Classic Ivory30 mL",$5.98
615,"Cover GirlUltra Matte Lipstick, High Roller1 ea",$7.98
616,"Cover GirlLashblast Mascara, Black13.10 mL",$6.98
617,"MaybellineUnstoppable Eyeliner, Waterproof & Smudge-Proof, Onyx1 ea",$7.98
618,MaybellineNew York Fit Me! Concealer 20 Sand6.80 mL,$5.98
619,"LOreal ParisTelescopic Mascara, Blackest Black1 ea",$8.98
620,"Cover GirlPerfect Point Plus Eye Liner, Espresso0.23 g",$6.98
621,"MaybellineLash Sensational Mascara, Very Black1 ea",$6.98
622,"Rimmel LondonLasting Finish Extreme Lipstick, Thirsty Bae1 ea",$8.98
623,"RevlonSo Fierce Mascara, Blackest Black1 ea",$7.98
624,"MaybellineDream Fresh 8-In-1 Beauty Balm, Light Tint1 ea",$10.98
625,LOreal ParisVoluminous 300 White Primer7 mL,$6.00
626,LOreal ParisTrue Match Lumi Healthy Luminous Makeup1 ea,$10.98
627,"Sinful ColoursNail Colour, Spice1 ea",$3.99
628,LOreal ParisVoluminous Original Bold Volume Building Mascara 305 Black8 mL,$6.00
629,"LOreal ParisVoluminous Waterproof Mascara, Black8 mL",$6.00
630,"MaybellineGreat Lash Mascara, Very Black12.70 mL",$4.48
631,"LOreal ParisVoluminous Curved Brush Mascara, Black8 mL",$6.00
632,"MaybellineVolum' Express The Colossal Washable Mascara, Classic Black9.20 mL",$5.96
633,"MaybellineGreat Lash Mascara, Blackest Black12.70 mL",$4.48
634,"Cover GirlLashblast Mascara, Very Black13.10 mL",$6.98
635,LOreal ParisBrow Stylist Definer Ultra-Fine Tip Shaping Pencil 389 Brunette0.24 g,$8.98
636,LOreal ParisBrow Stylist Definer Ultra-Fine Tip Shaping Pencil 390 Dark Brunette0.24 g,$8.98
637,"Cover GirlPerfect Point Plus Eye Liner, Black Onyx0.23 g",$6.98
638,"MaybellineEye Studio Brow Define + Fill Duo, Soft Brown0.10 mL",$8.98
639,"RevlonSo Fierce Vinyl Eyeliner, Powerful Plum1 ea",$7.98
640,"Cover GirlUltra Matte Lipstick, Real Thing1 ea",$7.98
641,"LOreal ParisVoluminous Curved Brush Mascara, Black Brown8 mL",$6.00
642,"LOreal ParisTelescopic Mascara, Carbon Black8 mL",$8.98
643,"Cover GirlClean Oil Control, Pressed Powder, Puff Beige10 g",$6.98
644,"LOreal ParisInfallible Never Fail Eyeliner, Black1.14 g",$11.98
645,"LOreal ParisDouble Extend Beauty Tubes Mascara, Blackest Black6.20 mL",$13.98
646,"RevlonColorstay Eyeliner, Black-Brown1 ea",$9.98
647,"ElfStudio Face Primer, Poreless1 ea",$8.00
648,"RevlonColorstay Eyeliner Pencil, Black1 ea",$9.98
649,"LOreal ParisTelescopic Mascara, Black1 ea",$8.98
650,"LOreal ParisVoluminous Original Waterproof Mascara, Carbon Black8 mL",$6.00
651,LOreal ParisLash Volume Mascara 8 mL,$6.00
652,MaybellineSuperstay Matte Ink Lip Founder5 mL,$8.98
653,"MaybellineFit Me Matte Foundation, Classic Ivory1 ea",$5.98
654,"LOreal ParisInfallible Super Slim Liquid Eyeliner, Black1 mL",$10.98
655,"Cover GirlLashblast Fusion Mascara, Very Black13.10 mL",$6.98
656,"MaybellineInstant Age Rewind Eraser Concealer, Fair6 mL",$12.98
657,"MaybellineGreat Lash Waterproof Mascara, Very Black12.70 mL",$4.48
658,"MaybellineFit Me Concealer, Fair6.80 mL",$5.98
659,MaybellineVolum' Express The Colossal Washable Mascara - Glam Black9.20 mL,$5.96
660,"RevlonPhotoReady Face Powder, Light Medium1 ea",$16.98
661,"Cover GirlLashblast Volume Blasting Mascara, Very Black13.10 mL",$6.98
662,"LOreal ParisVoluminous Waterproof Mascara, Brown8 mL",$6.00
663,"MaybellineVolum' Express The Colossal Waterproof Mascara, Glam Black9.20 mL",$5.96
664,"LOreal ParisVoluminous Mascara, Carbon Black8 mL",$6.00
665,MaybellineLash Sensational Volumizing Mascara 253 Blackest Black1 ea,$6.98
666,"MaybellineGreat Lash Waterproof Mascara, Brown Black12.70 mL",$4.48
667,LOreal ParisInfallible Pro-Spray & Makeup Extender Setting Spray1 ea,$15.98
668,MaybellineNew York Fit Me! Foundation 340 Cappuccino30 mL,$5.98
669,MaybellineInstant Age Rewind Concealer + Treatment 120 Light 6.0 ml6 mL,$12.98
670,"MaybellineInstant Age Rewind Eraser, Neutralizer6 mL",$12.98
671,"MaybellineFit Me! Foundation, SPF 18, Classic Ivory30 mL",$5.98
672,"Cover GirlUltra Matte Lipstick, High Roller1 ea",$7.98
673,"Cover GirlLashblast Mascara, Black13.10 mL",$6.98
674,"MaybellineUnstoppable Eyeliner, Waterproof & Smudge-Proof, Onyx1 ea",$7.98
675,MaybellineNew York Fit Me! Concealer 20 Sand6.80 mL,$5.98
676,"LOreal ParisTelescopic Mascara, Blackest Black1 ea",$8.98
677,"Cover GirlPerfect Point Plus Eye Liner, Espresso0.23 g",$6.98
678,"MaybellineLash Sensational Mascara, Very Black1 ea",$6.98
679,"Rimmel LondonLasting Finish Extreme Lipstick, Thirsty Bae1 ea",$8.98
680,"RevlonSo Fierce Mascara, Blackest Black1 ea",$7.98
681,"MaybellineDream Fresh 8-In-1 Beauty Balm, Light Tint1 ea",$10.98
682,LOreal ParisVoluminous 300 White Primer7 mL,$6.00
683,LOreal ParisTrue Match Lumi Healthy Luminous Makeup1 ea,$10.98
684,"Sinful ColoursNail Colour, Spice1 ea",$3.99
685,LOreal ParisVoluminous Original Bold Volume Building Mascara 305 Black8 mL,$6.00
686,"AnnabelleSatin Single Eyeshadow, Cloud 1212 ea",$4.98
687,MaybellineThe Matte Bar Eye Shadow Palette1 ea,$12.98
688,"AnnabelleSatin Single Eyeshadow, Aura2 ea",$4.98
689,"Joe Fresh StyleEyeshadow, Meteor1 ea",$2.94
690,"AnnabelleSingle Eyeshadow, Metallic Turquoise1 ea",$4.98
691,Cover GirlLid Lock Up Eye Shadow Primer 100 Universal1 ea,$8.98
692,"AnnabelleMatte Single Eyeshadow, Ivory 2252 ea",$4.98
693,"Joe Fresh StyleEyeshadow, Chmpgne1 ea",$2.94
694,"AnnabelleSatin Single Eyeshadow, Cloud 1212 ea",$4.98
695,MaybellineThe Matte Bar Eye Shadow Palette1 ea,$12.98
696,"AnnabelleSatin Single Eyeshadow, Aura2 ea",$4.98
697,"Joe Fresh StyleEyeshadow, Meteor1 ea",$2.94
698,"AnnabelleSingle Eyeshadow, Metallic Turquoise1 ea",$4.98
699,Cover GirlLid Lock Up Eye Shadow Primer 100 Universal1 ea,$8.98
700,"AnnabelleMatte Single Eyeshadow, Ivory 2252 ea",$4.98
701,"Joe Fresh StyleEyeshadow, Chmpgne1 ea",$2.94
702,"AnnabelleSatin Single Eyeshadow, Cloud 1212 ea",$4.98
703,MaybellineThe Matte Bar Eye Shadow Palette1 ea,$12.98
704,"AnnabelleSatin Single Eyeshadow, Aura2 ea",$4.98
705,"Joe Fresh StyleEyeshadow, Meteor1 ea",$2.94
706,"Cover GirlLashblast Mascara, Black13.10 mL",$6.98
707,"Cover GirlLashblast Fusion Water Resistant Mascara, Black Brown13.10 mL",$6.98
708,"LOreal ParisVoluminous Superstar Waterproof Mascara, Blackest Black12.70 mL",$12.98
709,LOreal ParisVoluminous Original Bold Volume Building Mascara 305 Black8 mL,$6.00
710,"Cover GirlLashblast Volume Blasting Mascara, Very Black13.10 mL",$6.98
711,"Cover GirlLashblast Mascara, Black/Brown13.10 mL",$8.47
712,Cover GirlCG EXH MASCARA NORTHERN BLACK1 ea,$8.98
713,"LOreal ParisVoluminous Superstar Waterproof Mascara, Blackest Black12.70 mL",$12.98
714,"LOreal ParisTelescopic Mascara, Black1 ea",$8.98
715,Rimmel LondonWonderluxe Mascara Black1 ea,$9.98
716,"Cover GirlLashblast Fusion Mascara, Very Black13.10 mL",$6.98
717,"Cover GirlLashblast Mascara, Black13.10 mL",$6.98
718,"Cover GirlLashblast Fusion Water Resistant Mascara, Black Brown13.10 mL",$6.98
719,"LOreal ParisVoluminous Superstar Waterproof Mascara, Blackest Black12.70 mL",$12.98
720,LOreal ParisVoluminous Original Bold Volume Building Mascara 305 Black8 mL,$6.00
721,"Cover GirlLashblast Volume Blasting Mascara, Very Black13.10 mL",$6.98
722,"Cover GirlLashblast Mascara, Black/Brown13.10 mL",$8.47
723,Cover GirlCG EXH MASCARA NORTHERN BLACK1 ea,$8.98
724,"LOreal ParisVoluminous Superstar Waterproof Mascara, Blackest Black12.70 mL",$12.98
725,"LOreal ParisTelescopic Mascara, Black1 ea",$8.98
726,Rimmel LondonWonderluxe Mascara Black1 ea,$9.98
727,"Cover GirlLashblast Fusion Mascara, Very Black13.10 mL",$6.98
728,"Cover GirlLashblast Mascara, Black13.10 mL",$6.98
729,"Cover GirlLashblast Fusion Water Resistant Mascara, Black Brown13.10 mL",$6.98
730,"LOreal ParisVoluminous Superstar Waterproof Mascara, Blackest Black12.70 mL",$12.98
731,LOreal ParisVoluminous Original Bold Volume Building Mascara 305 Black8 mL,$6.00
732,LOreal ParisInfallible Never Fail Mechanical Eyeliner Original 541 Navy1.14 g,$11.98
733,LOreal ParisInfallible Never Fail Mechanical Eyeliner Original 521 Slate1.14 g,$11.98
734,Cover GirlEyeliner Amber Intensity1 ea,$9.98
735,"Cover GirlEyeliner Ink, Black1 ea",$9.98
736,"Cover GirlEyeliner Ink, Gray All Day1 ea",$9.98
737,Cover GirlGet In Line Liquid Liner 325 Black Vinyl1 ea,$9.98
738,LOreal ParisInfallible Never Fail Mechanical Eyeliner Original 541 Navy1.14 g,$11.98
739,LOreal ParisInfallible Never Fail Mechanical Eyeliner Original 521 Slate1.14 g,$11.98
740,Cover GirlEyeliner Amber Intensity1 ea,$9.98
741,"Cover GirlEyeliner Ink, Black1 ea",$9.98
742,"Cover GirlEyeliner Ink, Gray All Day1 ea",$9.98
743,Cover GirlGet In Line Liquid Liner 325 Black Vinyl1 ea,$9.98
744,LOreal ParisInfallible Never Fail Mechanical Eyeliner Original 541 Navy1.14 g,$11.98
745,LOreal ParisInfallible Never Fail Mechanical Eyeliner Original 521 Slate1.14 g,$11.98
746,Cover GirlEyeliner Amber Intensity1 ea,$9.98
747,"Cover GirlEyeliner Ink, Black1 ea",$9.98
748,RevlonSuper Lustrous Lipstick Pearl 657 Fuchsia Fusion1 ea,$5.98
749,RevlonSuper Lustrous Lipstick Crème 463 Sassy Mauve1 ea,$5.98
750,RevlonSuper Lustrous Lipstick Pearl 457 Wild Orchid1 ea,$5.98
751,RevlonRevlonUltra HD Matte Lipcolor 660 HD Romance 5.9 ml1 ea,$9.98
752,RevlonSuper Lustrous Lipstick Pearl 205 Champagne on Ice1 ea,$5.98
753,RevlonSuper Lustrous Lip Gloss 247 Desert Spice1 ea,$5.98
754,"Rimmel LondonKate Moss, Lipstick, 41 Nude1 ea",$6.98
755,"Cover GirlColorlicious Lipstick, Caramel Kiss 2403.50 g",$7.98
756,"MilaniColor Statement Lipstick, Pink Frost1 ea",$6.99
757,RevlonSuper Lustrous Lip Gloss 255 Sandstorm1 ea,$5.98
758,RevlonSuper Lustrous Lipstick Crème 654 Ravish Me Red1 ea,$5.98
759,RevlonSuper Lustrous Lipstick Pearl 103 Caramel Glace1 ea,$5.98
760,"MilaniColor Statement Lipstick, Nude Crème1 ea",$6.99
761,RevlonSuper Lustrous Lipstick Pearl 420 Blushed1 ea,$5.98
762,RevlonSuper Lustrous Lip Gloss 243 Solar Coral1 ea,$5.98
763,"MilaniColor Statement Lipstick, Naturally Chic1 ea",$6.99
764,RevlonSuper Lustrous Lip Gloss 207 Sky Pink1 ea,$5.98
765,"RevlonUltra HD Matte LipColor, Forever1 ea",$9.98
766,RevlonUltra HD Matte Lipcolor 655 HD Kisses1 ea,$9.98
767,RevlonSuper Lustrous Lipstick Crème 535 Rum Raisin1 ea,$5.98
768,RevlonSuper Lustrous Lipstick Crème 440 Cherries in the Snow1 ea,$5.98
769,RevlonSuper Lustrous Lipstick Pearl 657 Fuchsia Fusion1 ea,$5.98
770,RevlonSuper Lustrous Lipstick Crème 463 Sassy Mauve1 ea,$5.98
771,RevlonSuper Lustrous Lipstick Pearl 457 Wild Orchid1 ea,$5.98
772,RevlonRevlonUltra HD Matte Lipcolor 660 HD Romance 5.9 ml1 ea,$9.98
773,RevlonSuper Lustrous Lipstick Pearl 205 Champagne on Ice1 ea,$5.98
774,RevlonSuper Lustrous Lip Gloss 247 Desert Spice1 ea,$5.98
775,"Rimmel LondonKate Moss, Lipstick, 41 Nude1 ea",$6.98
776,"Cover GirlColorlicious Lipstick, Caramel Kiss 2403.50 g",$7.98
777,"MilaniColor Statement Lipstick, Pink Frost1 ea",$6.99
778,RevlonSuper Lustrous Lip Gloss 255 Sandstorm1 ea,$5.98
779,RevlonSuper Lustrous Lipstick Crème 654 Ravish Me Red1 ea,$5.98
780,RevlonSuper Lustrous Lipstick Pearl 103 Caramel Glace1 ea,$5.98
781,"MilaniColor Statement Lipstick, Nude Crème1 ea",$6.99
782,RevlonSuper Lustrous Lipstick Pearl 420 Blushed1 ea,$5.98
783,RevlonSuper Lustrous Lip Gloss 243 Solar Coral1 ea,$5.98
784,"MilaniColor Statement Lipstick, Naturally Chic1 ea",$6.99
785,RevlonSuper Lustrous Lip Gloss 207 Sky Pink1 ea,$5.98
786,"RevlonUltra HD Matte LipColor, Forever1 ea",$9.98
787,RevlonUltra HD Matte Lipcolor 655 HD Kisses1 ea,$9.98
788,RevlonSuper Lustrous Lipstick Crème 535 Rum Raisin1 ea,$5.98
789,RevlonSuper Lustrous Lipstick Crème 440 Cherries in the Snow1 ea,$5.98
790,RevlonSuper Lustrous Lipstick Pearl 657 Fuchsia Fusion1 ea,$5.98
791,RevlonSuper Lustrous Lipstick Crème 463 Sassy Mauve1 ea,$5.98
792,RevlonSuper Lustrous Lipstick Pearl 457 Wild Orchid1 ea,$5.98
793,RevlonRevlonUltra HD Matte Lipcolor 660 HD Romance 5.9 ml1 ea,$9.98
794,"MilaniColor Statement Lip Liner, Bordeaux1 ea",$3.98
795,LOreal ParisColour Riche Anti-Feathering Lip Liner 781 Nudes For Life1 ea,$7.98
796,"LOreal ParisColour Riche Lip Liner, Lasting Plum1 ea",$7.98
797,"AnnabelleLipliner, Cherry1 ea",$5.98
798,"MilaniColor Statement Lip Liner, Nude1 ea",$3.98
799,LOreal ParisColour Riche Anti-Feathering Lip Liner 780 au Naturale1 ea,$7.98
800,"MilaniColor Statement Lip Liner, Bordeaux1 ea",$3.98
801,LOreal ParisColour Riche Anti-Feathering Lip Liner 781 Nudes For Life1 ea,$7.98
802,"LOreal ParisColour Riche Lip Liner, Lasting Plum1 ea",$7.98
803,"AnnabelleLipliner, Cherry1 ea",$5.98
804,"MilaniColor Statement Lip Liner, Nude1 ea",$3.98
805,LOreal ParisColour Riche Anti-Feathering Lip Liner 780 au Naturale1 ea,$7.98
806,"MilaniColor Statement Lip Liner, Bordeaux1 ea",$3.98
807,LOreal ParisColour Riche Anti-Feathering Lip Liner 781 Nudes For Life1 ea,$7.98
808,"LOreal ParisColour Riche Lip Liner, Lasting Plum1 ea",$7.98
809,"AnnabelleLipliner, Cherry1 ea",$5.98
810,"RevlonPowder Blush, Naughty Nude1 ea",$9.98
811,RevlonPowder Blush 003 Mauvelous 5.0 g1 ea,$9.98
812,"MilaniBaked Blush, Rose Doro1 ea",$6.38
813,"MilaniBaked Blush, Berry Amore1 ea",$6.38
814,LOreal ParisTrue Match Super-Blendable Warm Blush W3-4 Barely Blushing 6.0 g1 ea,$10.98
815,"MilaniRose Powder Blush, Romantic Rose1 ea",$6.38
816,"ElfBlush Palette, Light1 ea",$5.94
817,"LOreal ParisTrue Match Blush, Tender Rose1 ea",$10.98
818,"Cover GirlCheekers Blush, Soft Sable3.40 g",$2.84
819,"MilaniBaked Blush, Dolce Pink1 ea",$6.38
820,"Cover GirlCheekers Blush, Classic Pink3.40 g",$2.84
821,AnnabelleBlush #32 Pronto1 ea,$6.98
822,"RevlonPowder Blush, Oh Baby Pink1 ea",$9.98
823,"MilaniBaked Blush, Luminoso1 ea",$6.38
824,LOreal ParisTrue Match Super-Blendable Cool Blush C1-2 Baby Blossoms 6.0 g1 ea,$10.98
825,"RevlonPowder Blush, Naughty Nude1 ea",$9.98
826,RevlonPowder Blush 003 Mauvelous 5.0 g1 ea,$9.98
827,"MilaniBaked Blush, Rose Doro1 ea",$6.38
828,"MilaniBaked Blush, Berry Amore1 ea",$6.38
829,LOreal ParisTrue Match Super-Blendable Warm Blush W3-4 Barely Blushing 6.0 g1 ea,$10.98
830,"MilaniRose Powder Blush, Romantic Rose1 ea",$6.38
831,"ElfBlush Palette, Light1 ea",$5.94
832,"LOreal ParisTrue Match Blush, Tender Rose1 ea",$10.98
833,"Cover GirlCheekers Blush, Soft Sable3.40 g",$2.84
834,"MilaniBaked Blush, Dolce Pink1 ea",$6.38
835,"Cover GirlCheekers Blush, Classic Pink3.40 g",$2.84
836,AnnabelleBlush #32 Pronto1 ea,$6.98
837,"RevlonPowder Blush, Oh Baby Pink1 ea",$9.98
838,"MilaniBaked Blush, Luminoso1 ea",$6.38
839,LOreal ParisTrue Match Super-Blendable Cool Blush C1-2 Baby Blossoms 6.0 g1 ea,$10.98
840,"RevlonPowder Blush, Naughty Nude1 ea",$9.98
841,RevlonPowder Blush 003 Mauvelous 5.0 g1 ea,$9.98
842,"MilaniBaked Blush, Rose Doro1 ea",$6.38
843,"MilaniBaked Blush, Berry Amore1 ea",$6.38
844,MaybellineMaybelline New York Dream Matte Mousse Nude Light 4 Foundation15 g,$12.98
845,MaybellineFit Me! Hydrate+Smooth Foundation 210 Sandy Beige SPF 1830 mL,$5.98
846,"LOreal ParisInfallible Fresh Wear Foundation, Natural30 mL",$19.98
847,MaybellineNew York Fit Me! Hydrate + Smooth Foundation 225 Medium Buff SPF 1830 mL,$5.98
848,"MaybellineFit Me! Foundation, SPF 18, Classic Ivory30 mL",$5.98
849,Cover GirlAqua CG Smoothers Makeup 750 Creamy Beige30 mL,$7.98
850,"ElfStudio Flawless Finish Foundation, Sand23 g",$8.00
851,MaybellineNew York Fit Me! Hydrate+Smooth Foundation 220 Natural Beige SPF 1830 mL,$5.98
852,"LOreal ParisInfallible Fresh Wear Foundation, Porcelain30 mL",$19.98
853,MaybellineDream Matte Mousse Porcelain Ivory Light 1 Foundation15 g,$12.98
854,MaybellineDream Matte Mousse Classic Ivory Light 2 Foundation15 g,$12.98
855,"Joe Fresh StyleFoundation Stck, Sand1 ea",$6.94
856,"MaybellineFit Me! Foundation, SPF 18, Nude Beige30 mL",$5.98
857,MaybellineDream Matte Mousse Pure Beige Medium 2 Foundation15 g,$12.98
858,MaybellineMaybelline New York Dream Matte Mousse Nude Light 4 Foundation15 g,$12.98
859,MaybellineFit Me! Hydrate+Smooth Foundation 210 Sandy Beige SPF 1830 mL,$5.98
860,"LOreal ParisInfallible Fresh Wear Foundation, Natural30 mL",$19.98
861,MaybellineNew York Fit Me! Hydrate + Smooth Foundation 225 Medium Buff SPF 1830 mL,$5.98
862,"MaybellineFit Me! Foundation, SPF 18, Classic Ivory30 mL",$5.98
863,Cover GirlAqua CG Smoothers Makeup 750 Creamy Beige30 mL,$7.98
864,"ElfStudio Flawless Finish Foundation, Sand23 g",$8.00
865,MaybellineNew York Fit Me! Hydrate+Smooth Foundation 220 Natural Beige SPF 1830 mL,$5.98
866,"LOreal ParisInfallible Fresh Wear Foundation, Porcelain30 mL",$19.98
867,MaybellineDream Matte Mousse Porcelain Ivory Light 1 Foundation15 g,$12.98
868,MaybellineDream Matte Mousse Classic Ivory Light 2 Foundation15 g,$12.98
869,"Joe Fresh StyleFoundation Stck, Sand1 ea",$6.94
870,"MaybellineFit Me! Foundation, SPF 18, Nude Beige30 mL",$5.98
871,MaybellineDream Matte Mousse Pure Beige Medium 2 Foundation15 g,$12.98
872,MaybellineMaybelline New York Dream Matte Mousse Nude Light 4 Foundation15 g,$12.98
873,MaybellineFit Me! Hydrate+Smooth Foundation 210 Sandy Beige SPF 1830 mL,$5.98
874,"LOreal ParisInfallible Fresh Wear Foundation, Natural30 mL",$19.98
875,MaybellineNew York Fit Me! Hydrate + Smooth Foundation 225 Medium Buff SPF 1830 mL,$5.98
876,MarcelleFlawless Concealer Light to Medium5.60 mL,$10.98
877,"AlmaySmart Shade Concealer, Light/Medium1 ea",$10.49
878,"RevlonPhotoready Concealer, 004 Medium1 ea",$11.98
879,"AlmaySmart Shade Concealer, Pale1 ea",$10.49
880,RevlonPhotoready Concealer Stick 001 Fair1 ea,$11.98
881,"Cover GirlInvisible Concealer, Fair1 ea",$8.98
882,MarcelleFlawless Concealer Light to Medium5.60 mL,$10.98
883,"AlmaySmart Shade Concealer, Light/Medium1 ea",$10.49
884,"RevlonPhotoready Concealer, 004 Medium1 ea",$11.98
885,"AlmaySmart Shade Concealer, Pale1 ea",$10.49
886,RevlonPhotoready Concealer Stick 001 Fair1 ea,$11.98
887,"Cover GirlInvisible Concealer, Fair1 ea",$8.98
888,MarcelleFlawless Concealer Light to Medium5.60 mL,$10.98
889,"AlmaySmart Shade Concealer, Light/Medium1 ea",$10.49
890,"RevlonPhotoready Concealer, 004 Medium1 ea",$11.98
891,"AlmaySmart Shade Concealer, Pale1 ea",$10.49
892,Sally HansenMiracle Gel Coat Activator Nail Colour1 ea,$8.98
893,"Sally HansenInsta-Dri Nail Polish, Pink Blink1 ea",$3.98
894,"EssieNail Lacquer, Ballet Slippers13.50 mL",$7.98
895,"RevlonClassic Nail, Amethyst Smoke1 ea",$3.98
896,"EssieNail Lacquer, Blanc13.50 mL",$7.98
897,"RevlonColorstay Gel Envy Nail Enamel, Top Coat1 ea",$8.99
898,"Sally HansenInsta-Dri Nail Polish, Petal Pusher1 ea",$3.98
899,"RevlonNail Enamel, Clear1 ea",$3.98
900,"Sally HansenComplete Salon Manicure Nail Polish, Clear'd for Takeoff14.70 mL",$8.98
901,EssieNail Color 00 Top Coat13.50 mL,$10.98
902,"EssieNail Lacquer, Lilcism13.50 mL",$7.98
903,"Sinful ColoursSinfulColors, Clear Coat Nail Polish1 ea",$1.99
904,"EssieNail Color, Ladylike1 ea",$9.99
905,"EssieNail Lacquer, Eternal Optimist13.50 mL",$7.98
906,"EssieNail Color, Bikini So Teeny1 ea",$9.99
907,"Sally HansenInsta-Dri Nail Polish, Clearly Quick1 ea",$3.98
908,Sally HansenMiracle Gel Coat Activator Nail Colour1 ea,$8.98
909,"Sally HansenInsta-Dri Nail Polish, Pink Blink1 ea",$3.98
910,"EssieNail Lacquer, Ballet Slippers13.50 mL",$7.98
911,"RevlonClassic Nail, Amethyst Smoke1 ea",$3.98
912,"EssieNail Lacquer, Blanc13.50 mL",$7.98
913,"RevlonColorstay Gel Envy Nail Enamel, Top Coat1 ea",$8.99
914,"Sally HansenInsta-Dri Nail Polish, Petal Pusher1 ea",$3.98
915,"RevlonNail Enamel, Clear1 ea",$3.98
916,"Sally HansenComplete Salon Manicure Nail Polish, Clear'd for Takeoff14.70 mL",$8.98
917,EssieNail Color 00 Top Coat13.50 mL,$10.98
918,"EssieNail Lacquer, Lilcism13.50 mL",$7.98
919,"Sinful ColoursSinfulColors, Clear Coat Nail Polish1 ea",$1.99
920,"EssieNail Color, Ladylike1 ea",$9.99
921,"EssieNail Lacquer, Eternal Optimist13.50 mL",$7.98
922,"EssieNail Color, Bikini So Teeny1 ea",$9.99
923,"Sally HansenInsta-Dri Nail Polish, Clearly Quick1 ea",$3.98
924,Sally HansenMiracle Gel Coat Activator Nail Colour1 ea,$8.98
925,"Sally HansenInsta-Dri Nail Polish, Pink Blink1 ea",$3.98
926,"EssieNail Lacquer, Ballet Slippers13.50 mL",$7.98
927,"RevlonClassic Nail, Amethyst Smoke1 ea",$3.98
928,"NiveaMen, Revitalizing Body Lotion625 mL",$8.98
929,NiveaCrème Tin30 mL,$1.48
930,"Burt's beesLip Balm, Assorted4.25 g",$8.98
931,AveenoUltra Calming Make Up Remover Wipes25 ea,$10.48
932,"OlayAge Defying ADVANCED Gel Moisturizer with Hyaluronic Acid, 50 mL50 mL",$19.99
933,"NeutrogenaMakeup Remover Cleansing Wipes, Trial Size7 ea",$2.98
934,Oral BPro-Health Stages 3 Disney Pixar Cars Toothbrush1 ea,$3.75
935,Bio OilGel100 mL,$12.98
936,"Tom's of MaineToothpaste, Mint85 mL",$9.98
937,Life BrandOrtho Flossups for Braces24 ea,$3.00
938,"AveenoDaily Moisturizing Lotion, Travel Size71 mL",$4.00
939,CrestGum Detoxify Gentle Whitening Toothpaste90 mL,$6.50
940,Funcare10 Bathtub Crayons 3+1 ea,$9.24
941,MennenSpeedstick Power Fresh85 g,$3.48
942,Oral BCavity Defense Toothbrush6 ea,$7.00
943,AvalonVitamin C Renewal? Balancing Toner250 mL,$11.98
944,"Life BrandTampon Pearl, Regular18 ea",$2.48
945,Schick EdgeEdge Sensitive Skin198 g,$2.68
946,Joe Fresh Style2-In-1 Bath Brush1 ea,$5.00
947,"GilletteVenus Base Shower Shaving Cream, Vanilla295 mL",$3.98
948,OlayMoisture Ribbons Plus Shea + Blue Lotus532 mL,$8.48
949,"ColgateOptic White Mouthwash, Sparkling Mint946 mL",$7.50
950,"ListerineMouth Wash, Original1 L",$6.28
951,"MisshaPerfect Cover BB Cream, SPF 42, No 3150 mL",$22.99
952,DoveAntiperspirant Stick Cool Essentials74 g,$5.98
953,Oral BPro-Health All-In-One Toothbrush 4 Pack4 ea,$9.98
954,AveenoSkin Relief 24-Hour Moisturizing Lotion227 mL,$7.68
955,OlayProX Microdermabrasion Plus Advanced Facial Cleansing Brush System1 ea,$39.98
956,"DialNaturals Liquid Hand Soap, Tangerine & Guava221 mL",$2.68
957,"Green BeaverNatural Toothpaste, Frosty Mint75 mL",$5.48
958,GilletteMach Turbo Cartridge Refills8 ea,$26.98
959,CrestCavity Protection Regular Toothpaste130 mL,$1.78
960,"DermalCollagen Essence Full Face Facial Mask Sheet, Snail250 g",$9.99
961,Life BrandDaily Moisturizing Lotion227 mL,$6.00
962,LOreal ParisMicellar Cleansing Water All-in-1 Cleanser & Waterproof Makeup Remover400 mL,$11.48
963,GilletteVenus Smooth Sensitive4 ea,$16.98
964,VeetNatural Inspirations Hair Removal Cream Legs & Body Normal & Dry Skin200 mL,$11.18
965,Green BeaverFoaming Hand Soap Lavender Rosemary250 mL,$8.98
966,"Bausch+LombRenu Fresh Multi-Purpose Solution, Travel Kit2x355mL",$16.98
967,"NeutrogenaHealthy Defense, Daily Moisturizer, SPF 4550 mL",$14.48
968,GilletteFusion Proglide Razor1 ea,$11.28
969,OlayRegenerist Enhancing UV Lotion Advanced Anti-Aging 75ml75 mL,$34.98
970,Derma EHydrating Cleanser with Hyaluronic Acid175 mL,$16.58
971,ProbaclacProbaclac B Probiotics with Cranberry45 ea,$26.98
972,"MitchumWomen Advanced Gel, Shower Fresh    96 g",$6.28
973,"Nature CleanHand Soap Foaming, White Tea415 mL",$4.68
974,LOreal ParisMen Expert Barber Club 3-in-1 Wash200 mL,$11.48
975,NiveaExtra Nourishing Body Milk625 mL,$6.48
976,BetadineBetadine Antiseptic Cream15 g,$9.98
977,Band-AidPaw Patrol Theme20 ea,$4.78
978,Shoe Rescue Cleaning Wipes1 ea,$5.98
979,A VogelA.Vogel Deep Sleep Tincture50 mL,$15.98
980,"PedialyteAdvancedCare, Cherry Punch1 ea",$9.98
981,uSwim Soft Silicone Ear Plugs4 ea,$4.48
982,"ExactCalcium Antacid, Mint150 ea",$3.48
983,Nature's BountyValue Size Lutein 20 mg 60 Liquid Softgels60 ea,$18.98
984,Irrigo Sterile Sodium Chloride 0.9%60 mL,$2.98
985,HallsMenthol Kids Strawberry Flavour Cough and Sore Throat Pops 10 Lozenges10 ea,$6.48
986,Band-AidTough-Strips20 Pack,$4.23
987,"VicksDayQuil Cough & Congestion Syrup, Cooling Citrus354 mL",$9.98
988,Dr SchollsDiabetes & Circulatory 2 Pair White Women's Ankle Size 4-102 ea,$12.98
989,BoironArnicare Gel75 g,$15.98
990,"RicolaThroat Drops, Mountain Herb75 g",$2.50
991,ArnicaExtra Strength Cream100 g,$7.48
992,ExactCallus Removers6 ea,$4.48
993,Gold BondMedicated Body Powder113 g,$5.78
994,TensorKinesiology Knee Support 1 ea,$11.99
995,"CepacolSensations Sucrose Free Lemon, Sore Throat Lozenges16 ea",$3.48
996,"Gas-XChewable, Extra Strength Cherry18 ea",$6.98
997,Dr SchollsCallous Removers1 ea,$5.98
998,TensorNeoprene Knee Support1 ea,$18.68
999,GavisconPocket Pouches8 ea,$4.28
1000,"PoisePads, Ultimate Regular33 ea",$15.98
1001,Fungi NailToe & Foot Ointment20 g,$14.98
1002,BraunThermoscan Ear Thermometer1 ea,$94.98
1003,"DependsUnderwear For Men, Max Absorption Extra Large15 ea",$15.98
1004,LindsayLaxative Jelly225 g,$11.98
1005,RicolaCough Suppressant Throat Lozenges Extra Strength Icy Menthol 10 Lozenges10 ea,$1.48
1006,"MetamucilSugar-Free Fiber Suplement Powder, Orange425 g",$15.98
1007,Band-AidSpiderman20 ea,$4.06
1008,PoiseOvernight Pads Extra Coverage Ultimate Absorbency Pads 24 Pads24 ea,$15.98
1009,"Luden'sSore Throat Lozenges, Wild Cherry30 ea",$2.48
1010,HallsMenthol Honey Vanilla Flavour 9 Cough Tablets9 ea,$1.28
1011,"JamiesonMulti 100% Complete Adult, Chewable60 ea",$15.48
1012,HerbionHerbion Naturals Chest Rub Topical Analgesic100 g,$11.98
1013,SoftheatNeck & Shoulder Pad1 ea,$24.98
1014,AmopeAmopé Pedi Perfect Ultra Coarse Roller Heads (2 refills)2 ea,$18.48
1015,"KiwiColour Shine, Black75 mL",$7.48
1016,"TensorDeluxe Wrist Brace, S/M1 ea",$28.03
1017,Active Liver30 ea,$36.99
1018,"A VogelEchinaforce Echinacea Tablets, Extra Strength30 ea",$17.98
1019,FridaBaby Smile Frida Baby Bath Brush1 ea,$12.98
1020,WebberChromium Tablets180 ea,$9.48
1021,"TylenolDrops, Cherry24 mL",$7.48
1022,"Russell StoverBites, Cranberry142 g",$5.98
1023,BoironArnicare Gel240 ea,$13.98
1024,Natures PlusOrganic Animal Parade Kids Immune Booster90 ea,$11.98
1025,Raw Organic Chocolate Protein Powder664 g,$57.48
1026,"AscentaNutraSea hp EPA Omega-3 Supplement, Zesty Lemon200 mL",$44.98
1027,"SlimquickGummies, Mixed Berry60 ea",$29.99
1028,Nature's WayAshwagandha60 ea,$29.98
1029,JamiesonVitamin B12 250mcg100 ea,$10.48
1030,Webber NaturalsMagnesium Muscle & Heart Support 250 mg 100 Caplets100 ea,$13.98
1031,"Webber NaturalsGlucosamine Chondrotin Sulfate, Extra Strength144 ea",$25.98
1032,"VegaProtein Smoothie, Viva Vanilla264 g",$19.98
1033,"VegaOne Nutritional Shake, Chocolate    461 g",$34.98
1034,A VogelA.Vogel Deep Sleep Tincture50 mL,$15.98
1035,ExactCalcium Carbonate120 ea,$5.98
1036,Nature's BountyValue Size Lutein 20 mg 60 Liquid Softgels60 ea,$18.98
1037,Oh YeahOH YEAH ONE BAR PENUT BUTR CUP60 g,$3.98
1038,"BoostPowder, Chocolate880 g",$14.98
1039,"QuestbarProtein Bar, Chocolate Brownie60 g",$3.98
1040,"North Coast Naturals100% ISO Protein, Vanilla680 g",$36.98
1041,"Amazing GrassAmazing Grass Green SuperFood, Original240 g",$32.48
1042,FloraHoly Basil Capsules60 ea,$14.68
1043,BoironArnicare Gel75 g,$15.98
1044,Amazing GrassAmazing Grass Wheat Grass240 g,$32.48
1045,Nature's BountyCod Liver Oil100 ea,$8.98
1046,"Genuine HealthVegan Proteins, Double Chocolate780 g",$44.98
1047,StresstabsB-Complex Vitamins for Women100 ea,$14.48
1048,BoostPLUS Calories Strawberry Formulated Liquid Diet Drink6x237mL,$9.98
1049,MusclePharmCombat Crunch Chocolate Peanut Butter Cup (Case)12x63g,$38.99
1050,"One A DayMulti-Vitamins, Women 50+90 ea",$12.98
1051,Webber NaturalsOmega-3 SuperVision with 10mg Lutein90 ea,$19.98
1052,JamiesonValerian60 ea,$12.48
1053,"VegaProtein Smoothie, Bodacious Berry262 g",$19.98
1054,"Six StarWhey Protein, French Vanilla Cream907 g",$25.88
1055,RedoxonDouble Action Vitamin C15 ea,$5.98
1056,SisuEster-C Supreme 600mg210 ea,$49.98
1057,HolistaOregano Oil with Vitamin E Extra Strength 60 Softgels60 ea,$19.98
1058,"JamiesonEssentials Plus Protein, Chocolate355 g",$20.98
1059,Sundown NaturalsSundownNaturals Folic Acid 1 mg 200 Tablets200 ea,$9.98
1060,"SisuU-Cubes, Kids Multivitamins120 ea",$24.98
1061,Nature's BountyValue size Turmeric Curcumin 450 mg120 ea,$19.98
1062,ExactProbiotic 10 Billion60 ea,$19.98
1063,Nature's BountyVitamin C 1000mg with Rose Hips100 ea,$9.48
1064,SisuOmega 3 Bursts120 ea,$26.98
1065,Webber NaturalsOsteo Joint Ease for Chronic Pain80 ea,$28.98
1066,"President's ChoiceTrim Plan Bar, Chocolate6x60g",$9.28
1067,SisuVitamin C Plus D Tablets120 ea,$10.98
1068,BoironArnicare Gel240 ea,$13.98
1069,Webber NaturalsWomen's 50+ Most Complete Multi 90 Vegetarian Capsules90 ea,$19.98
1070,"AllmaxMuscle Prime, White Raspberry266 g",$19.98
1071,"JamiesonAdult 50+ Probiotic Complex, 15 Billion30 ea",$22.98
1072,Gorilla Glue Clear 51Ml51 mL,$9.98
1073,"PapermateFelt Tip Pens, Flair Colours12 ea",$13.98
1074,Glass Mixing Bowl1 ea,$5.28
1075,Moj Moj Plush1 ea,$18.98
1076,"Post itNotes, Canary1 ea",$9.98
1077,PapermateStarter Set5 ea,$4.98
1078,L.O.L. Surprise! O.M.G. Doll with 20 Surprises1 ea,$39.98
1079,SharpieAssorted Pens6x1ea,$10.98
1080,Gorilla Epoxy25 mL,$8.98
1081,ElmersTac 'N Stik1 ea,$3.48
1082,Better LivingBetter Living Nickel Toilet Caddy1 ea,$29.98
1083,"Life at HomeDrylon Bath Rug, White1 ea",$17.98
1084,"Breakfast Napkins, Red Foil Stamp16x1ea",$2.25
1085,"Hanging Decor, White 16""1 ea",$2.25
1086,Tera Gear3-in-1 Grill Brush Light Grey1 ea,$9.58
1087,JUMP Kids World12-Piece Fork and Spoon Set1 ea,$3.98
1088,"ThermosElement 5 Cooler, 6-Can1 ea",$19.98
1089,Better LivingBetter Living Chrome Toilet Caddy1 ea,$29.98
1090,"Plates, Teal 9""1 ea",$1.25
1091,"Better LivingFoam Dispenser, Black1 ea",$14.98
1092,Everyday EssentialsMini 24-Cup Muffin Pan1 ea,$9.48
1093,"Plastic Spoon, 9.5"", Clear1 ea",$1.00
1094,"Everyday Essentials16"" Side Table Brown1 ea",$16.00
1095,Everyday EssentialsApple Wedger1 ea,$3.78
1096,OxoSoftWorks Apple Divider1 ea,$10.98
1097,SylvaniaHalogen 40W B11C Clear VP21 ea,$4.48
1098,SharpieUltra Fine Coloured Markers24x1ea,$28.98
1099,Spiderman Sticker Sheets1 ea,$2.00
1100,Everyday EssentialsTG 52K BTU 4+1B Gas Grill 1 ea,$299.00
1101,8 Lovely Pink 9oz Paper Cups1 ea,$1.25
1102,"3.5"" Plastic Square Bowl Red8x1ea",$4.50
1103,Life at HomeStripe Grey Fabric Shower Curtain1 ea,$23.98
1104,RubbermaidIce Cube Tray1 ea,$3.48
1105,Kubota10-in-1 Screwdriver Set1 ea,$7.98
1106,Polyfoam Padfolio1 ea,$4.98
1107,"SylvaniaLED Night Light Bear, Plug8301 ea",$9.98
1108,"President's ChoiceRectangle Container, 180mL1 ea",$3.48
1109,"President's Choice4"" Forged Paring Knife1 ea",$12.98
1110,3MCommand Picture & Frame Hanging Strip1 ea,$8.98
1111,"Plastic Tablecover All Over Print, 54 x 102"", Circus Party1 ea",$3.00
1112,Everyday EssentialsMicrofiber Shower Curtain1 ea,$21.98
1113,HP65 Tri Color Ink Cartridge1 ea,$15.94
1114,President's ChoiceHammered Tray1 ea,$8.98
1115,Duraflame100% Natural Apple Wood Chips2 kg,$5.98
1116,Everyday EssentialsHigh Back Cushion Blue Geo1 ea,$12.00
1117,"No NameCake Pans, 13x19""2x1ea",$3.98
1118,ScotchMagic Green Tape1 ea,$2.48
1119,"UniqueGolden Birthday Plates 7""8x1ea",$2.25
1120,Yellow Asian Pears,$1.75
1121,Purple Eggplants,$3.12
1122,Romaine Lettuce1 ea,$2.98
1123,Red Grapefruit1 ea,$1.28
1124,"President's ChoiceCremini Mushrooms, Whole227 g",$2.28
1125,Sweet Onion,$2.01
1126,Red Seedless Grapes,$7.59
1127,PC OrganicsOrganic Clementines2 lb bag,$5.98
1128,Fuji Apples,$1.31
1129,Royal Gala Apples,$0.68
1130,Farmer's MarketLemons2 g,$4.98
1131,PC OrganicsHoneycrisp Apples,$1.66
1132,"Avocado, 5/6-Count1 ea",$4.98
1133,Navel Orange,$1.53
1134,"Bananas, Bunch",$1.45
1135,Farmer's MarketYellow Potato 10LB10 lb bag,$5.98
1136,Strawberries1 ea,$3.98
1137,Farmer's MarketMcIntosh Apples4 lb bag,$5.98
1138,Celery Stalks1 ea,$1.98
1139,Red Peppers    ,$2.10
1140,Farmer's MarketFM English Cucumber 3Ct3 Pack,$2.98
1141,Red Seedless Watermelon1 ea,$9.98
1142,Green Cabbage,$2.52
1143,Lemon1 ea,$0.98
1144,Organic English Cucumber1 ea,$2.48
1145,PC OrganicsGala Apples3 lb bag,$5.98
1146,PC OrganicsField Greens Salad Mix142 g,$4.48
1147,Pineapple1 ea,$1.98
1148,Farmer's MarketHoneycrisp Apples4 lb bag,$7.98
1149,McIntosh Apples,$0.87
1150,Organic Raspberries0.50 pint,$3.98
1151,PC OrganicsHass Avocados3 Pack,$5.98
1152,President's ChoiceVariety Pack Tomatoes680 g,$5.00
1153,Jazz Apples,$1.15
1154,Farmer's MarketFM CarrotsMini 2LB2 lb bag,$3.98
1155,"Papaya, Ripe & Ready",$4.81
1156,Red Delicious Apples,$0.92
1157,"PC OrganicsOrganic Bananas, Bunch",$2.38
1158,Farmer's MarketMini Carrots340 g,$1.98
1159,Bartlett Pears,$0.68
1160,Organic Strawberries454 g,$4.98
1161,President's ChoiceNavel Oranges Cara Cara3 lb bag,$4.98
1162,English Cucumber1 ea,$1.68
1163,"President's ChoiceWhite Mushrooms, Whole227 g",$2.28
1164,"Greenhouse Peppers, Orange",$2.10
1165,President's ChoiceWhite Mushrooms454 g,$2.98
1166,Raspberries 1/2 Pint0.50 pint,$4.98
1167,Red Mango850 g,$3.98
1168,PC OrganicsSweet Potatoes3 lb bag,$7.98
1169,Farmer's MarketFM Grape Tomato 907g908 g,$5.00
1170,Ataulfo Mango1 ea,$0.98
1171,Sweet Potato,$2.05
1172,Red Grapefruit1 ea,$1.98
1173,Butternut Squash,$7.04
1174,Roma Tomatoes,$0.79
1175,No NameNaturally Imperfect Peppers1.11 kg,$5.98
1176,President's ChoiceBlood Oranges907 g,$4.98
1177,Mango1 ea,$1.68
1178,"Navel Orange, Medium",$1.49
1179,Farmer's MarketWhite Potatoes/Russet 10LB10 lb bag,$4.98
1180,Farmer's MarketRed Potatoes10 lb bag,$5.98
1181,Farmer's MarketNavel Oranges2.27 kg,$4.98
1182,Organic Celery Hearts1 ea,$3.98
1183,PC OrganicsBaby Spinach142 g,$4.48
1184,PC OrganicsCarrots2 lb bag,$2.98
1185,Blackberries1 pint,$3.48
1186,Asparagus,$3.88
1187,"Grapefruit, Ruby Red1.36 kg",$3.00
1188,Farmer's MarketYellow Onions3 lb bag,$1.98
1189,Kale1 ea,$2.48
1190,Cauliflower1 ea,$2.98
1191,Lettuce Iceberg1 ea,$1.98
1192,Farmer's MarketFM Grape Tomato Pint1 pint,$3.48
1193,Red Onion,$1.62
1194,Raspberries1 ea,$3.48
1195,Black Plums,$0.66
1196,Tomato on the Vine Red,$5.45
1197,Granny Smith Apples,$1.09
1198,Kiwis1 ea,$0.78
1199,Bosc Pears,$1.20
1200,Cilantro1 ea,$0.68
1201,Blackberries 1/2 Pint0.50 pint,$3.98
1202,Farmer's MarketFM Carrots  3LB3 lb bag,$1.98
1203,PC OrganicsField Greens312 g,$5.00
1204,Organic Lemons2 lb bag,$4.98
1205,Pink Lady Apples,$1.15
1206,"Bi-Colour Corn, Corn on the Cob1 ea",$0.48
1207,Green Leaf Lettuce1 ea,$2.98
1208,Red Leaf Lettuce1 ea,$2.98
1209,Green Onion1 bunch,$1.48
1210,"President's ChoiceCremini Mushrooms, Whole454 g",$2.98
1211,DoleChop Chop Chipotle & Cheddar Salad Kit366 g,$4.98
1212,Spaghetti Squash,$5.51
1213,Celery Hearts2 Pack,$3.48
1214,Organic Blackberries0.50 pint,$5.98
1215,Anjou Pears,$1.31
1216,Tomato Beefsteak  Red,$1.76
1217,Nectarines,$0.92
1218,No NameImperfect Apples6 lb,$3.98
1219,Broccoli Crowns,$2.08
1220,Yellow Asian Pears,$1.75
1221,Purple Eggplants,$3.12
1222,Romaine Lettuce1 ea,$2.98
1223,Red Grapefruit1 ea,$1.28
1224,"President's ChoiceCremini Mushrooms, Whole227 g",$2.28
1225,Sweet Onion,$2.01
1226,Red Seedless Grapes,$7.59
1227,PC OrganicsOrganic Clementines2 lb bag,$5.98
1228,Fuji Apples,$1.31
1229,Royal Gala Apples,$0.68
1230,Farmer's MarketLemons2 g,$4.98
1231,PC OrganicsHoneycrisp Apples,$1.66
1232,"Avocado, 5/6-Count1 ea",$4.98
1233,Navel Orange,$1.53
1234,"Bananas, Bunch",$1.45
1235,Farmer's MarketYellow Potato 10LB10 lb bag,$5.98
1236,Strawberries1 ea,$3.98
1237,Farmer's MarketMcIntosh Apples4 lb bag,$5.98
1238,Celery Stalks1 ea,$1.98
1239,Red Peppers    ,$2.10
1240,Farmer's MarketFM English Cucumber 3Ct3 Pack,$2.98
1241,Red Seedless Watermelon1 ea,$9.98
1242,Green Cabbage,$2.52
1243,Lemon1 ea,$0.98
1244,Organic English Cucumber1 ea,$2.48
1245,PC OrganicsGala Apples3 lb bag,$5.98
1246,PC OrganicsField Greens Salad Mix142 g,$4.48
1247,Pineapple1 ea,$1.98
1248,Farmer's MarketHoneycrisp Apples4 lb bag,$7.98
1249,McIntosh Apples,$0.87
1250,Organic Raspberries0.50 pint,$3.98
1251,PC OrganicsHass Avocados3 Pack,$5.98
1252,President's ChoiceVariety Pack Tomatoes680 g,$5.00
1253,Jazz Apples,$1.15
1254,Farmer's MarketFM CarrotsMini 2LB2 lb bag,$3.98
1255,"Papaya, Ripe & Ready",$4.81
1256,Red Delicious Apples,$0.92
1257,"PC OrganicsOrganic Bananas, Bunch",$2.38
1258,Farmer's MarketMini Carrots340 g,$1.98
1259,Bartlett Pears,$0.68
1260,Organic Strawberries454 g,$4.98
1261,President's ChoiceNavel Oranges Cara Cara3 lb bag,$4.98
1262,English Cucumber1 ea,$1.68
1263,"President's ChoiceWhite Mushrooms, Whole227 g",$2.28
1264,"Greenhouse Peppers, Orange",$2.10
1265,President's ChoiceWhite Mushrooms454 g,$2.98
1266,Raspberries 1/2 Pint0.50 pint,$4.98
1267,Red Mango850 g,$3.98
1268,PC OrganicsSweet Potatoes3 lb bag,$7.98
1269,Farmer's MarketFM Grape Tomato 907g908 g,$5.00
1270,Ataulfo Mango1 ea,$0.98
1271,Sweet Potato,$2.05
1272,Red Grapefruit1 ea,$1.98
1273,Butternut Squash,$7.04
1274,Roma Tomatoes,$0.79
1275,No NameNaturally Imperfect Peppers1.11 kg,$5.98
1276,President's ChoiceBlood Oranges907 g,$4.98
1277,Mango1 ea,$1.68
1278,"Navel Orange, Medium",$1.49
1279,Farmer's MarketWhite Potatoes/Russet 10LB10 lb bag,$4.98
1280,Farmer's MarketRed Potatoes10 lb bag,$5.98
1281,Farmer's MarketNavel Oranges2.27 kg,$4.98
1282,Organic Celery Hearts1 ea,$3.98
1283,PC OrganicsBaby Spinach142 g,$4.48
1284,PC OrganicsCarrots2 lb bag,$2.98
1285,Blackberries1 pint,$3.48
1286,Asparagus,$3.88
1287,"Grapefruit, Ruby Red1.36 kg",$3.00
1288,Farmer's MarketYellow Onions3 lb bag,$1.98
1289,Kale1 ea,$2.48
1290,Cauliflower1 ea,$2.98
1291,Lettuce Iceberg1 ea,$1.98
1292,Farmer's MarketFM Grape Tomato Pint1 pint,$3.48
1293,Red Onion,$1.62
1294,Raspberries1 ea,$3.48
1295,Black Plums,$0.66
1296,Tomato on the Vine Red,$5.45
1297,Granny Smith Apples,$1.09
1298,Kiwis1 ea,$0.78
1299,Bosc Pears,$1.20
1300,Cilantro1 ea,$0.68
1301,Blackberries 1/2 Pint0.50 pint,$3.98
1302,Farmer's MarketFM Carrots  3LB3 lb bag,$1.98
1303,PC OrganicsField Greens312 g,$5.00
1304,Organic Lemons2 lb bag,$4.98
1305,Pink Lady Apples,$1.15
1306,"Bi-Colour Corn, Corn on the Cob1 ea",$0.48
1307,Green Leaf Lettuce1 ea,$2.98
1308,Red Leaf Lettuce1 ea,$2.98
1309,Green Onion1 bunch,$1.48
1310,"President's ChoiceCremini Mushrooms, Whole454 g",$2.98
1311,DoleChop Chop Chipotle & Cheddar Salad Kit366 g,$4.98
1312,Spaghetti Squash,$5.51
1313,Celery Hearts2 Pack,$3.48
1314,Organic Blackberries0.50 pint,$5.98
1315,Anjou Pears,$1.31
1316,Tomato Beefsteak  Red,$1.76
1317,Nectarines,$0.92
1318,No NameImperfect Apples6 lb,$3.98
1319,Broccoli Crowns,$2.08
1320,Yellow Asian Pears,$1.75
1321,Purple Eggplants,$3.12
1322,Romaine Lettuce1 ea,$2.98
1323,Red Grapefruit1 ea,$1.28
1324,PampersBaby-Dry Diapers Size 3 104 Count104 ea,$26.98
1325,PampersPure Protection Diapers Size 2 68 Count68 ea,$19.94
1326,PampersBaby-Dry Diapers Size 6 64 Count64 ea,$26.98
1327,PampersBaby-Dry Diapers Size 5 78 Count78 ea,$26.98
1328,PampersBaby Wipes Sensitive 3X Refill 192 Count192 ea,$7.38
1329,PampersBaby-Dry Diapers Size 4 92 Count92 ea,$26.98
1330,PampersBaby Wipes Sensitive 9X Pop-Top504 ea,$19.98
1331,PampersBaby-Dry Diapers Size 3 104 Count104 ea,$26.98
1332,PampersPure Protection Diapers Size 2 68 Count68 ea,$19.94
1333,PampersBaby-Dry Diapers Size 6 64 Count64 ea,$26.98
1334,PampersBaby-Dry Diapers Size 5 78 Count78 ea,$26.98
1335,PampersBaby Wipes Sensitive 3X Refill 192 Count192 ea,$7.38
1336,PampersBaby-Dry Diapers Size 4 92 Count92 ea,$26.98
1337,PampersBaby Wipes Sensitive 9X Pop-Top504 ea,$19.98
1338,PampersBaby-Dry Diapers Size 3 104 Count104 ea,$26.98
1339,PampersPure Protection Diapers Size 2 68 Count68 ea,$19.94
1340,PampersBaby-Dry Diapers Size 6 64 Count64 ea,$26.98
1341,PampersBaby-Dry Diapers Size 5 78 Count78 ea,$26.98
1342,PC OrganicsApple And Strawberry Whole Grain Puffs Puffed Cereal42 g,$2.25
1343,PC OrganicsAnimal Cookies For Toddlers 170 g,$2.25
1344,"PC OrganicsCereal, Multigrain Banana125 g",$2.25
1345,"PC OrganicsFruit, Veggie, & Oat Bars, Raspberry Beet90 g",$2.25
1346,PC OrganicsSpaghetti in Turkey Meat Sauce185 g,$2.25
1347,President's ChoiceNaturally Flavoured Toddlers Strawberry Yogurt Snack1 ea,$3.28
1348,"PC OrganicsMini Cereal Bars, Berry Pomegranate160 g",$2.25
1349,PC OrganicsPurple Carrot And Blueberry Whole Grain Puffs Puffed Cereal42 g,$2.25
1350,PC OrganicsOrganics Broccoli And Kale Baked Whole Grain Corn Puffs42 g,$2.25
1351,"President's ChoiceYogurt Melt, Mixed Berry1 ea",$3.28
1352,"President's ChoiceTotal Pediatric Nutrition, Vanilla6x235mL",$9.98
1353,"PC OrganicsMini Cereal Bars, Apple, Acai160 g",$2.25
1354,PC OrganicsStrawberry Mango Naturally Flavoured Fruit Snack60 g,$3.98
1355,PC OrganicsToddler Blue Fruit Twist60 g,$3.98
1356,PC OrganicsMashed Potatoes & Turkey185 g,$2.25
1357,PC OrganicsMango And Carrot Whole Grain Puffs Puffed Cereal42 g,$2.25
1358,PC OrganicsStars Pasta454 g,$2.25
1359,"PC OrganicsOrange, Carrot & Cinnamon Fruit, Veggie And Oat Bars90 g",$2.25
1360,PC OrganicsToddler Apple Juice1 L,$1.88
1361,"PC OrganicsMini Cereal Bars, Blueberry160 g",$2.25
1362,PC OrganicsCheddar Cheese Whole Grain Puffs42 g,$2.25
1363,"PC OrganicsToddler Entrée, Fruity Chicken185 g",$2.25
1364,"PC OrganicsToddler Mini Pasta, Alphabet454 g",$2.25
1365,PC OrganicsBroccoli And Spinach Whole Grain Puffs Puffed Cereal42 g,$2.25
1366,"PC OrganicsMini Cereal Bars, Banana Berry160 g",$2.25
1367,"PC OrganicsToddlers Mini Pasta, Bowties454 g",$2.25
1368,PC OrganicsApple And Strawberry Whole Grain Puffs Puffed Cereal42 g,$2.25
1369,PC OrganicsAnimal Cookies For Toddlers 170 g,$2.25
1370,"PC OrganicsCereal, Multigrain Banana125 g",$2.25
1371,"PC OrganicsFruit, Veggie, & Oat Bars, Raspberry Beet90 g",$2.25
1372,PC OrganicsSpaghetti in Turkey Meat Sauce185 g,$2.25
1373,President's ChoiceNaturally Flavoured Toddlers Strawberry Yogurt Snack1 ea,$3.28
1374,"PC OrganicsMini Cereal Bars, Berry Pomegranate160 g",$2.25
1375,PC OrganicsPurple Carrot And Blueberry Whole Grain Puffs Puffed Cereal42 g,$2.25
1376,PC OrganicsOrganics Broccoli And Kale Baked Whole Grain Corn Puffs42 g,$2.25
1377,"President's ChoiceYogurt Melt, Mixed Berry1 ea",$3.28
1378,"President's ChoiceTotal Pediatric Nutrition, Vanilla6x235mL",$9.98
1379,"PC OrganicsMini Cereal Bars, Apple, Acai160 g",$2.25
1380,PC OrganicsStrawberry Mango Naturally Flavoured Fruit Snack60 g,$3.98
1381,PC OrganicsToddler Blue Fruit Twist60 g,$3.98
1382,PC OrganicsMashed Potatoes & Turkey185 g,$2.25
1383,PC OrganicsMango And Carrot Whole Grain Puffs Puffed Cereal42 g,$2.25
1384,PC OrganicsStars Pasta454 g,$2.25
1385,"PC OrganicsOrange, Carrot & Cinnamon Fruit, Veggie And Oat Bars90 g",$2.25
1386,PC OrganicsToddler Apple Juice1 L,$1.88
1387,"PC OrganicsMini Cereal Bars, Blueberry160 g",$2.25
1388,PC OrganicsCheddar Cheese Whole Grain Puffs42 g,$2.25
1389,"PC OrganicsToddler Entrée, Fruity Chicken185 g",$2.25
1390,"PC OrganicsToddler Mini Pasta, Alphabet454 g",$2.25
1391,PC OrganicsBroccoli And Spinach Whole Grain Puffs Puffed Cereal42 g,$2.25
1392,"PC OrganicsMini Cereal Bars, Banana Berry160 g",$2.25
1393,"PC OrganicsToddlers Mini Pasta, Bowties454 g",$2.25
1394,PC OrganicsApple And Strawberry Whole Grain Puffs Puffed Cereal42 g,$2.25
1395,PC OrganicsAnimal Cookies For Toddlers 170 g,$2.25
1396,"PC OrganicsCereal, Multigrain Banana125 g",$2.25
1397,"PC OrganicsFruit, Veggie, & Oat Bars, Raspberry Beet90 g",$2.25
1398,Baby Brezza Formula Pro Advanced1 ea,$239.98
1399,LansinohNursing Pads100 ea,$9.98
1400,KushiesSilibeads Pacifier Clip1 ea,$11.98
1401,Snotsucker Nasal Aspirator1 ea,$21.98
1402,"MunchkinMiracle 360 Trainer Cup, 7oz1 ea",$7.98
1403,Baby Brezza Formula Pro Advanced1 ea,$239.98
1404,LansinohNursing Pads100 ea,$9.98
1405,KushiesSilibeads Pacifier Clip1 ea,$11.98
1406,Snotsucker Nasal Aspirator1 ea,$21.98
1407,"MunchkinMiracle 360 Trainer Cup, 7oz1 ea",$7.98
1408,Baby Brezza Formula Pro Advanced1 ea,$239.98
1409,LansinohNursing Pads100 ea,$9.98
1410,KushiesSilibeads Pacifier Clip1 ea,$11.98
1411,Snotsucker Nasal Aspirator1 ea,$21.98
1412,KeurigVan Houtte Original House Blend K-Cup Pods30 ea,$17.98
1413,FolgersMorning Café K-Cup Coffee Pods240 g,$17.48
1414,ThermosStainless King Travel Mug 470ml1 ea,$32.98
1415,President's ChoiceThe Great Canadian Light To Medium Roast 100% Arabica Coffee Single Serve Coffee Pods30 ea,$10.98
1416,President's ChoiceBamboo Grip To-Go Mug1 ea,$11.98
1417,"Tim HortonsSingle Serve Coffee Pods, Original126 g",$10.48
1418,President's ChoiceMedium Roast Gourmet 100% Arabica Coffee Single Serve Coffee Pods30 ea,$10.98
1419,KeurigLively Colombian K-Cup Coffee Pods30 ea,$17.48
1420,"ContigoStainless Steel Superior Grey Mug, 20 oz1 ea",$23.98
1421,ThermosStainless Steel Bottle 1L1 ea,$26.98
1422,KeurigPike Place K-Cup Coffee Pods10 ea,$10.98
1423,President's ChoiceWest Coast Dark Roast Gourmet Single Serve Coffee Pods30 ea,$10.98
1424,"President's ChoiceInsulated Vacuum Bottle, 465mL1 ea",$16.98
1425,Everyday EssentialsStainless Steel Mug1 ea,$8.48
1426,KeurigKeurig Timothy's Breakfast Blend K-Cup Pods30 ea,$12.88
1427,KeurigVan Houtte Colombian Medium Roast30 ea,$17.98
1428,President's ChoiceTextured To-Go Mug1 ea,$4.98
1429,"KeurigK35 Classic Series Coffee Maker, Black1 ea",$98.00
1430,BubbaTravel Mug1 ea,$22.98
1431,President's ChoiceStainless Steel Thermal Mug1 ea,$16.98
1432,KeurigVan Houtte Original House Blend K-Cup Pods30 ea,$17.98
1433,FolgersMorning Café K-Cup Coffee Pods240 g,$17.48
1434,ThermosStainless King Travel Mug 470ml1 ea,$32.98
1435,President's ChoiceThe Great Canadian Light To Medium Roast 100% Arabica Coffee Single Serve Coffee Pods30 ea,$10.98
1436,President's ChoiceBamboo Grip To-Go Mug1 ea,$11.98
1437,"Tim HortonsSingle Serve Coffee Pods, Original126 g",$10.48
1438,President's ChoiceMedium Roast Gourmet 100% Arabica Coffee Single Serve Coffee Pods30 ea,$10.98
1439,KeurigLively Colombian K-Cup Coffee Pods30 ea,$17.48
1440,"ContigoStainless Steel Superior Grey Mug, 20 oz1 ea",$23.98
1441,ThermosStainless Steel Bottle 1L1 ea,$26.98
1442,KeurigPike Place K-Cup Coffee Pods10 ea,$10.98
1443,President's ChoiceWest Coast Dark Roast Gourmet Single Serve Coffee Pods30 ea,$10.98
1444,"President's ChoiceInsulated Vacuum Bottle, 465mL1 ea",$16.98
1445,Everyday EssentialsStainless Steel Mug1 ea,$8.48
1446,KeurigKeurig Timothy's Breakfast Blend K-Cup Pods30 ea,$12.88
1447,KeurigVan Houtte Colombian Medium Roast30 ea,$17.98
1448,President's ChoiceTextured To-Go Mug1 ea,$4.98
1449,"KeurigK35 Classic Series Coffee Maker, Black1 ea",$98.00
1450,BubbaTravel Mug1 ea,$22.98
1451,President's ChoiceStainless Steel Thermal Mug1 ea,$16.98
1452,KeurigVan Houtte Original House Blend K-Cup Pods30 ea,$17.98
1453,FolgersMorning Café K-Cup Coffee Pods240 g,$17.48
1454,ThermosStainless King Travel Mug 470ml1 ea,$32.98
1455,President's ChoiceThe Great Canadian Light To Medium Roast 100% Arabica Coffee Single Serve Coffee Pods30 ea,$10.98
1456,"Tim HortonsCoffee, Dark Roast875 g",$14.98
1457,CuisinartCuisinart PerfecTemp Cordless Electric Programmable Kettle1 ea,$99.98
1458,Bialetti Moka Express 6 Cup6x1ea,$39.98
1459,No NameMedium Roast Ground Coffee925 g,$6.98
1460,President's Choice5-Cup Digital Coffee Maker1 ea,$24.98
1461,President's ChoiceGlass Kettle1 ea,$49.98
1462,PC  Club PackGourmet Medium Roast 100% Arabica Coffee930 g,$13.98
1463,President's ChoiceGourmet Medium Roast 100% Arabica Coffee930 g,$13.98
1464,"Everyday EssentialsJug Kettle, 1L Black1 ea",$12.98
1465,President's ChoiceDouble Wall Latte Glass1 ea,$8.98
1466,President's ChoiceThe Great Canadian Coffee930 g,$13.98
1467,President's ChoiceWest Coast Dark Roast Gourmet Whole Bean Coffee907 g,$10.98
1468,NescafeRICH Instant Coffee475 g,$14.98
1469,NabobTraditional Fine Grind Ground Coffee930 g,$18.48
1470,"Everyday Essentials6-Cup Coffee Press, Black1 ea",$10.98
1471,"Everyday Essentials6-Cup Coffee Press, Red1 ea",$7.98
1472,President's ChoiceDouble Wall Tapered Mug1 ea,$10.98
1473,Tim HortonsOriginal Fine Grind Coffee930 g,$14.98
1474,CuisinartEspresso Maker1 ea,$183.98
1475,President's ChoiceMedium Roast Gourmet Whole Bean Coffee907 g,$10.98
1476,CuisinartCoffee Grinder1 ea,$39.98
1477,"Bodum3-Cup Brazil French Coffee, Red1 ea",$27.98
1478,FolgersClassic Roast Ground Coffee920 g,$9.98
1479,President's ChoiceCoffee Burr Grinder1 ea,$44.98
1480,"BodumElectric Coffee Grinder, Black1 ea",$34.98
1481,Maxwell HouseOriginal Roast Ground Coffee925 g,$8.98
1482,"KeurigK35 Classic Series Coffee Maker, Black1 ea",$98.00
1483,"Bodum3-Cup Brazil Coffee Press, Black1 ea",$27.98
1484,KeurigDescaling Solution For Brewers1 ea,$12.98
1485,"Pride Of ArabiaPride of Arabia Coffee, Whole Bean907 g",$10.98
1486,President's ChoiceDark Roast West Coast Gourmet875 g,$13.98
1487,Everyday EssentialsCoffee Grinder1 ea,$14.98
1488,"Everyday EssentialsKettle, 1.7L Black1 ea",$19.98
1489,Hamilton Beach1L Satainless Steel Kettle1 ea,$39.98
1490,"Black & DeckerDigital Coffee Maker, 12 Cup Black1 ea",$29.98
1491,CuisinartCuisinart Brew Central 12 Cup Coffee Maker1 ea,$99.98
1492,Coffee Capsule Reusable Single Coffee Filter1 ea,$14.98
1493,President's ChoiceGourmet Swiss Water** Process Decaffeinated Medium Roast 100% Arabica Coffee875 g,$13.98
1494,"Tim HortonsCoffee, Dark Roast875 g",$14.98
1495,CuisinartCuisinart PerfecTemp Cordless Electric Programmable Kettle1 ea,$99.98
1496,Bialetti Moka Express 6 Cup6x1ea,$39.98
1497,No NameMedium Roast Ground Coffee925 g,$6.98
1498,President's Choice5-Cup Digital Coffee Maker1 ea,$24.98
1499,President's ChoiceGlass Kettle1 ea,$49.98
1500,PC  Club PackGourmet Medium Roast 100% Arabica Coffee930 g,$13.98
1501,President's ChoiceGourmet Medium Roast 100% Arabica Coffee930 g,$13.98
1502,"Everyday EssentialsJug Kettle, 1L Black1 ea",$12.98
1503,President's ChoiceDouble Wall Latte Glass1 ea,$8.98
1504,President's ChoiceThe Great Canadian Coffee930 g,$13.98
1505,President's ChoiceWest Coast Dark Roast Gourmet Whole Bean Coffee907 g,$10.98
1506,NescafeRICH Instant Coffee475 g,$14.98
1507,NabobTraditional Fine Grind Ground Coffee930 g,$18.48
1508,"Everyday Essentials6-Cup Coffee Press, Black1 ea",$10.98
1509,"Everyday Essentials6-Cup Coffee Press, Red1 ea",$7.98
1510,President's ChoiceDouble Wall Tapered Mug1 ea,$10.98
1511,Tim HortonsOriginal Fine Grind Coffee930 g,$14.98
1512,CuisinartEspresso Maker1 ea,$183.98
1513,President's ChoiceMedium Roast Gourmet Whole Bean Coffee907 g,$10.98
1514,CuisinartCoffee Grinder1 ea,$39.98
1515,"Bodum3-Cup Brazil French Coffee, Red1 ea",$27.98
1516,FolgersClassic Roast Ground Coffee920 g,$9.98
1517,President's ChoiceCoffee Burr Grinder1 ea,$44.98
1518,"BodumElectric Coffee Grinder, Black1 ea",$34.98
1519,Maxwell HouseOriginal Roast Ground Coffee925 g,$8.98
1520,"KeurigK35 Classic Series Coffee Maker, Black1 ea",$98.00
1521,"Bodum3-Cup Brazil Coffee Press, Black1 ea",$27.98
1522,KeurigDescaling Solution For Brewers1 ea,$12.98
1523,"Pride Of ArabiaPride of Arabia Coffee, Whole Bean907 g",$10.98
1524,President's ChoiceDark Roast West Coast Gourmet875 g,$13.98
1525,Everyday EssentialsCoffee Grinder1 ea,$14.98
1526,"Everyday EssentialsKettle, 1.7L Black1 ea",$19.98
1527,Hamilton Beach1L Satainless Steel Kettle1 ea,$39.98
1528,"Black & DeckerDigital Coffee Maker, 12 Cup Black1 ea",$29.98
1529,CuisinartCuisinart Brew Central 12 Cup Coffee Maker1 ea,$99.98
1530,Coffee Capsule Reusable Single Coffee Filter1 ea,$14.98
1531,President's ChoiceGourmet Swiss Water** Process Decaffeinated Medium Roast 100% Arabica Coffee875 g,$13.98
1532,"Tim HortonsCoffee, Dark Roast875 g",$14.98
1533,CuisinartCuisinart PerfecTemp Cordless Electric Programmable Kettle1 ea,$99.98
1534,Bialetti Moka Express 6 Cup6x1ea,$39.98
1535,No NameMedium Roast Ground Coffee925 g,$6.98
1536,President's ChoiceDark Roast West Coast Gourmet875 g,$13.98
1537,PC OrganicsDark Roast Whole Bean Coffee907 g,$17.98
1538,PC OrganicsDark Roast Ground Coffee284 g,$9.98
1539,Bialetti Moka Express 6 Cup6x1ea,$39.98
1540,Maxwell HouseRich Dark Roast Ground Coffee925 g,$8.98
1541,Kicking HorseOrganic Dark Roast Kick Ass454 g,$11.98
1542,CuisinartEspresso Maker1 ea,$183.98
1543,"BodumElectric Coffee Grinder, Black1 ea",$34.98
1544,"NescafeGOLD Cappuccino, Instant Coffee Sachets112 g",$7.98
1545,PC OrganicsDark Roast Whole Bean Coffee454 g,$9.98
1546,CuisinartCoffee Grinder1 ea,$39.98
1547,President's ChoiceCoffee Burr Grinder1 ea,$44.98
1548,"Bodum3-Cup Brazil French Coffee, Red1 ea",$27.98
1549,"Bodum3-Cup Brazil Coffee Press, Black1 ea",$27.98
1550,Kicking HorseDark Roast Grizzly Claw454 g,$11.98
1551,Ethical BeanBold Dark Roast Whole Bean Coffee340 g,$11.98
1552,President's ChoiceDark Roast West Coast Coffee330 g,$8.98
1553,Everyday EssentialsCoffee Grinder1 ea,$14.98
1554,President's ChoiceDark Roast West Coast Gourmet875 g,$13.98
1555,PC OrganicsDark Roast Whole Bean Coffee907 g,$17.98
1556,PC OrganicsDark Roast Ground Coffee284 g,$9.98
1557,Bialetti Moka Express 6 Cup6x1ea,$39.98
1558,Maxwell HouseRich Dark Roast Ground Coffee925 g,$8.98
1559,Kicking HorseOrganic Dark Roast Kick Ass454 g,$11.98
1560,CuisinartEspresso Maker1 ea,$183.98
1561,"BodumElectric Coffee Grinder, Black1 ea",$34.98
1562,"NescafeGOLD Cappuccino, Instant Coffee Sachets112 g",$7.98
1563,PC OrganicsDark Roast Whole Bean Coffee454 g,$9.98
1564,CuisinartCoffee Grinder1 ea,$39.98
1565,President's ChoiceCoffee Burr Grinder1 ea,$44.98
1566,"Bodum3-Cup Brazil French Coffee, Red1 ea",$27.98
1567,"Bodum3-Cup Brazil Coffee Press, Black1 ea",$27.98
1568,Kicking HorseDark Roast Grizzly Claw454 g,$11.98
1569,Ethical BeanBold Dark Roast Whole Bean Coffee340 g,$11.98
1570,President's ChoiceDark Roast West Coast Coffee330 g,$8.98
1571,Everyday EssentialsCoffee Grinder1 ea,$14.98
1572,President's ChoiceDark Roast West Coast Gourmet875 g,$13.98
1573,PC OrganicsDark Roast Whole Bean Coffee907 g,$17.98
1574,PC OrganicsDark Roast Ground Coffee284 g,$9.98
1575,Bialetti Moka Express 6 Cup6x1ea,$39.98
1576,President's ChoiceArrowroot Cookies350 g,$3.28
1577,President's ChoiceCentrefulls Chocolatey Filling Double Chocolate Cookies280 g,$3.00
1578,President's ChoiceOriginal Oatmeal Cookies350 g,$3.00
1579,President's ChoiceOatmeal Raisin Cookies350 g,$3.00
1580,President's ChoiceMilk Chocolate Covered Digestive Biscuits300 g,$2.78
1581,President's ChoiceConcerto Dark Chocolate Cookie240 g,$2.78
1582,"PC OrganicsBiscuits, Digestives200 g",$4.98
1583,President's ChoiceDark Chocolate Covered Digestive Biscuits300 g,$2.78
1584,President's ChoiceArrowroot Cookies350 g,$3.28
1585,President's ChoiceCentrefulls Chocolatey Filling Double Chocolate Cookies280 g,$3.00
1586,President's ChoiceOriginal Oatmeal Cookies350 g,$3.00
1587,President's ChoiceOatmeal Raisin Cookies350 g,$3.00
1588,President's ChoiceMilk Chocolate Covered Digestive Biscuits300 g,$2.78
1589,President's ChoiceConcerto Dark Chocolate Cookie240 g,$2.78
1590,"PC OrganicsBiscuits, Digestives200 g",$4.98
1591,President's ChoiceDark Chocolate Covered Digestive Biscuits300 g,$2.78
1592,President's ChoiceArrowroot Cookies350 g,$3.28
1593,President's ChoiceCentrefulls Chocolatey Filling Double Chocolate Cookies280 g,$3.00
1594,President's ChoiceOriginal Oatmeal Cookies350 g,$3.00
1595,President's ChoiceOatmeal Raisin Cookies350 g,$3.00
1596,Fresh Tilapia Fillets,$22.31
1597,No NameCalifornia Blend Veggies2 kg,$3.98
1598,President's ChoicePC  Soft Unripened Herbed Goat'S Milk Cheese300 g,$8.28
1599,Farmer's MarketLemons2 g,$4.98
1600,"No NameWaffles, Blueberry1680 g",$8.88
1601,No NamePenne Rigate2 kg,$2.98
1602,"AnnettesOld Fashioned Mini Donuts, 40 pk Club Pack600 g",$4.00
1603,"No NameBurgers, Club Pack2.27 kg",$15.98
1604,"President's ChoiceExtra Chunky Mild Salsa, Club Pack1.85 L",$5.68
1605,No NameSweetened Shredded Coconut1 kg,$8.98
1606,Farmer's MarketYellow Potato 10LB10 lb bag,$5.98
1607,"BabybelMini Babybel Original, 18 Pack360 g",$10.98
1608,No NameMixed Berries2 kg,$11.00
1609,"No NameHoney Graham Crumbs, Club Pack1 kg",$4.98
1610,PC  Club PackShepherd's Pie Club Pack1.80 kg,$20.98
1611,Farmer's MarketOatmeal Raisin Cookies798 g,$6.00
1612,President's ChoiceHavarti Cheese Sliced 23% M.F. Club Pack500 g,$10.00
1613,Quinoa Salad1 ea,$14.00
1614,Medjool Dates907 g,$13.98
1615,Mini Gourmet Cinnamon Rolls840 g,$6.00
1616,Farmer's MarketFM English Cucumber 3Ct3 Pack,$2.98
1617,PC Blue MenuPC Blue Menu Goat Cheese300 g,$8.28
1618,Farmer's MarketSweet Baby Peppers4 Pack,$3.98
1619,"No NameLarge Dog Biscuits, Club Pack6.50 kg",$14.98
1620,No Name Club PackBudgie Seed Mix CP1 kg,$6.48
1621,PC Blue MenuMeat Lasagna2.27 kg,$12.00
1622,"No NameScoopable Clumping Cat Litter for Multiple Cats, Extra Scented18 kg",$7.98
1623,"Top Sirloin Roast, Boneless, Club Pack",$37.56
1624,"President's ChoiceCarbonated Spring Water, Lemon750 mL",$1.28
1625,PC  Club PackGourmet Medium Roast 100% Arabica Coffee930 g,$13.98
1626,"No Name Club PackBaby Dills with Garlic, Club Pack2 L",$4.88
1627,Farmer's MarketOatmeal Cookies798 g,$6.00
1628,"Sirloin Tip Roast, Club Pack",$38.64
1629,No NameMedium Roast Coffee Pods (Case)100 ea,$29.98
1630,No Name100% Whole Grain Quick Oats2.25 kg,$5.48
1631,President's ChoiceClub Pack Pulp-Free 100% Orange Juice3.49 L,$7.00
1632,No NamePlastic Wrap305 M,$10.98
1633,"No NameFried Potatoes, Crinkle Cut2 kg",$3.98
1634,President's ChoiceChicago Mix Popcorn737 g,$6.98
1635,No NameCanola Oil3 L,$6.28
1636,SunkistNavel Oranges8 lb bag,$3.98
1637,"Avocado, 5/6-Count1 ea",$4.98
1638,No NameNaturally Imperfect Peppers1.11 kg,$5.98
1639,Farmer's MarketWhite Potatoes/Russet 10LB10 lb bag,$4.98
1640,"Butcher's ChoiceBeef Burgers, Club Pack2.27 kg",$20.98
1641,"No NameSalad Dressing, Ranch950 mL",$2.98
1642,AgropurJarlsberg Cheese450 g,$13.48
1643,President's ChoiceMeat Lasagna2.27 kg,$12.00
1644,"Earths OwnAlmond On The Go!, Original3x250mL",$3.98
1645,"So NiceOrganic Almond Milk, Unsweetened1.75 L",$4.28
1646,"Earths OwnAlmond Fresh, Unsweetened Vanilla1.89 L",$3.98
1647,Cocoa CaminoSemi-Sweet Chocolate Chips225 g,$6.28
1648,Earths OwnOat Chocolate Prisma250 mL,$3.98
1649,"CaminoBaking Chocolate, 100% Cacao Unsweetened200 g",$7.48
1650,SoFresh Oat Fortified Oat Beverage Unsweetened Original946 mL,$2.98
1651,SoFresh Fortified Cashew Beverage Original946 mL,$2.98
1652,"Earths OwnAlmond Beverage, Original946 mL",$2.98
1653,Earths OwnAlmond On The Go! Chocolate3x250mL,$3.98
1654,Enjoy LifeRicemilk Crunch Chocolate Bars32 g,$1.88
1655,"KinnikinnickS'moreables, Graham Style Crackers220 g",$4.48
1656,CaminoSemi-Sweet Baking Chocolate200 g,$7.48
1657,"Earths OwnAlmond Fresh, Original1.89 L",$3.98
1658,Cashew Fresh Original1.89 L,$3.98
1659,CaminoOrganic Whole Brown Sugar1 kg,$7.98
1660,"KinniTOOS, Vanilla Sandwich Crème220 g",$4.48
1661,"So NiceOrganic Almond Milk, Original1.75 L",$4.28
1662,"Earths OwnAlmond Fresh, Coconut1.89 L",$3.98
1663,"Earths OwnAlmond Fresh, Chocolate1.89 L",$3.98
1664,"Earths OwnAlmond Fresh, Vanilla1.89 L",$3.98
1665,"Kinninritters, Animal Cookies220 g",$4.48
1666,"KinniTOOS, Chocolate Sandwich Crème220 g",$4.48
1667,"Earths OwnAlmond Beverage, Unsweetened946 mL",$2.98
1668,Earths OwnOat Unsweetened Original Prisma250 mL,$3.98
1669,"Earths OwnAlmond Fresh, Unsweetened1.89 L",$3.98
1670,SoFresh Fortified Cashew Beverage Unsweetened Original946 mL,$2.98
1671,So NiceSo Nice Fortified Almond Beverage Unsweetened Vanilla Organic Almond1.75 L,$4.28
1672,Enjoy LifeEnergy Bites Dipped Banana180 g,$6.98
1673,Earths OwnOat Unsweetened Vanilla Prisma250 mL,$3.98
1674,Earths OwnOat Barista Edition946 mL,$4.48
1675,Enjoy LifeBoom Choco Boom Candy Bar Chocolateriz32 g,$1.88
1676,Cocoa CaminoBittersweet Chocolate Chips225 g,$6.28
1677,Cocoa CaminoOrganic Cocoa Powder224 g,$6.48
1678,CaminoOrganic Unsweetened Shredded Coconut200 g,$3.78
1679,"KinnikinnickMontana's Cookies, Chocolate Chip220 g",$4.48
1680,SoFresh Oat Fortified Oat Beverage Unsweetened Vanilla946 mL,$2.98
1681,So NiceBarista Blend Soy Milk 946 mL,$2.48
1682,"Simply ProteinWhey Bar, Coconut40 g",$2.98
1683,"Simply ProteinProtein Bar, Whey Chocolate Mint40 g",$2.98
1684,"YosoCultured Coconut Yogurt, Vanilla440 g",$4.98
1685,"YosoSoygo Yogurt, Multipack6x125g",$5.28
1686,"NaturPeanut Butter, Crunchy500 g",$5.48
1687,"KinniTOOS, Vanilla Sandwich Crème220 g",$4.48
1688,"Kinninritters, Animal Cookies220 g",$4.48
1689,"Love GrownHot Oats, Blueberry Banana Walnut63 g",$2.28
1690,"KinnikinnickS'moreables, Graham Style Crackers220 g",$4.48
1691,"Crofter'sPremium Spread, Strawberry383 mL",$4.48
1692,"YosoCultured Coconut Yogurt, Unsweetened440 g",$4.98
1693,Crofter'sJust Fruit Spread Organic Raspberry235 mL,$3.98
1694,"Simply ProteinKids Protein Bar, Strawberry Vanilla5x20g",$5.98
1695,PC Organics100% Coconut Water1 L,$4.78
1696,Crofter'sJust Fruit Spread Organic Strawberry235 mL,$3.98
1697,Chosen FoodsAvocado Oil Mayonnaise355 mL,$15.98
1698,Simply ProteinKids Bar Chocolate Brownie 5 x (100 g)100 g,$5.98
1699,"Love GrownHot Oats, Apple Cinnamon63 g",$2.28
1700,"KinniTOOS, Chocolate Sandwich Crème220 g",$4.48
1701,Stoked OatsAphrodisi-Oats500 g,$9.98
1702,"NaturPeanut Butter, Creamy500 g",$5.48
1703,Chosen FoodsAvocado Oil Spray140 mL,$9.98
1704,Stoked OatsStone Age Bag500 g,$9.98
1705,NaturPeanut and Cocoa Spread500 g,$7.48
1706,Crofter'sOrganic Raspberry Spread383 mL,$4.48
1707,Chosen FoodsAvocado Oil750 mL,$15.98
1708,Sweet Onion,$2.01
1709,PC Blue MenuTex-Mex Taco Seasoning Mix30 g,$1.38
1710,Old El PasoSmart Fiesta Tortillas311 g,$3.28
1711,Red Peppers    ,$2.10
1712,"Old El PasoThick n' Chunky Salsa, Mild650 mL",$2.98
1713,President's ChoiceExtra Chunky Medium Salsa1.85 L,$5.68
1714,"No NameShredded Cheese, Mozzarella900 g",$11.00
1715,"Gay LeaSour Cream, Fat Free 1%500 mL",$2.98
1716,"President's ChoiceSour Cream, Lactose Free500 mL",$2.98
1717,"Old El PasoSmart Fiesta Dinner Kit, Soft Taco354 g",$2.98
1718,"Old El PasoTaco Sauce, Mild215 mL",$3.28
1719,"President's ChoiceSalsa, Extra Chunky Medium430 mL",$2.78
1720,"President's ChoiceTortillas, Original650 g",$3.38
1721,"No NameSour Cream, Fat Free 1%500 mL",$1.98
1722,President's ChoiceTaco Kit286 g,$3.88
1723,"President's ChoiceSalsa, Mild430 mL",$2.78
1724,"Greenhouse Peppers, Orange",$2.10
1725,President's ChoiceWhite Mushrooms454 g,$2.98
1726,Roma Tomatoes,$0.79
1727,Old El PasoStand N Stuff Taco Shells    133 g,$3.28
1728,"Old El PasoTaco Sauce, Hot215 mL",$3.28
1729,Farmer's MarketYellow Onions3 lb bag,$1.98
1730,Lettuce Iceberg1 ea,$1.98
1731,"Old El PasoHard Taco Dinner Kit, Extra Mild330 g",$2.98
1732,"PC  Club PackTaco Shells, Club Pack468 g",$5.98
1733,White Onion,$1.62
1734,"President's ChoiceCheese, Greek Feta Shredded300 g",$5.88
1735,"Old El PasoTaco Shells, Ranch153 g",$3.28
1736,PC Black LabelOriginal Salsa430 mL,$2.78
1737,"Chicken Breas Strips, Club Pack500 g",$10.00
1738,"President's ChoiceSoft Tortillas, Medium297 g",$2.98
1739,"WesternSour Cream, Regular 14%500 mL",$3.78
1740,Green Onion1 bunch,$1.48
1741,"No NameShredded Cheese, Nacho 3 Cheese900 g",$11.00
1742,Old El PasoTaco Shells191 g,$3.28
1743,"Gay LeaSour Cream, Regular 14%250 mL",$2.48
1744,PC Organics14% M.F. Sour Cream500 g,$4.98
1745,Old El PasoTaco Shells125 g,$3.28
1746,"PC OrganicsSalsa, Mild430 mL",$3.48
1747,Tomato Beefsteak  Red,$1.76
1748,Romaine Lettuce1 ea,$2.98
1749,"Old El PasoSoft Tortillas, Medium297 g",$3.28
1750,President's ChoiceSoft Taco Kit427 g,$3.88
1751,President's ChoiceTaco Seasoning Mix30 g,$0.98
1752,"President's ChoiceTortillas, Large Flour334 g",$2.98
1753,"President's ChoiceSalsa, Mild650 mL",$2.78
1754,"President's ChoiceExtra Chunky Mild Salsa, Club Pack1.85 L",$5.68
1755,Old El PasoStand 'N Stuff Taco Dinner Kit250 g,$2.98
1756,Cantaloupe1 ea,$1.98
1757,Blueberries340 g,$6.98
1758,Green Leaf Lettuce1 ea,$2.98
1759,Savoy Cabbage,$2.70
1760,Green Beans,$0.33
1761,English Cucumber1 ea,$1.68
1762,Romaine Lettuce1 ea,$2.98
1763,Red Peppers    ,$2.10
1764,"Greenhouse Peppers, Yellow",$2.19
1765,Farmer's MarketFM English Cucumber 3Ct3 Pack,$2.98
1766,Green Cabbage,$2.52
1767,Celery Stalks1 ea,$1.98
1768,Red Leaf Lettuce1 ea,$2.98
1769,Green Onion1 bunch,$1.48
1770,"Carrots, Bunched1 bunch",$2.48
1771,Zucchini,$1.53
1772,Kohlrabi,$2.14
1773,Sweet Green Peppers,$1.84
1774,Broccoli1 ea,$2.98
1775,Red Swiss Chard1 ea,$3.48
1776,Farmer's MarketMini Cucumbers6 Pack,$3.98
1777,"Greenhouse Peppers, Orange",$2.10
1778,Farmer's MarketSweet Baby Peppers4 Pack,$3.98
1779,"Spinach, Bunched1 ea",$2.48
1780,Red Cabbage,$2.87
1781,Kale1 ea,$2.48
1782,Cauliflower1 ea,$2.98
1783,Lettuce Iceberg1 ea,$1.98
1784,Broccoli Crowns,$2.08
1785,Purple Eggplants,$3.12
1786,Green Leaf Lettuce1 ea,$2.98
1787,Savoy Cabbage,$2.70
1788,Green Beans,$0.33
1789,English Cucumber1 ea,$1.68
1790,Romaine Lettuce1 ea,$2.98
1791,Red Peppers    ,$2.10
1792,"Greenhouse Peppers, Yellow",$2.19
1793,Farmer's MarketFM English Cucumber 3Ct3 Pack,$2.98
1794,Green Cabbage,$2.52
1795,Celery Stalks1 ea,$1.98
1796,Red Leaf Lettuce1 ea,$2.98
1797,Green Onion1 bunch,$1.48
1798,"Carrots, Bunched1 bunch",$2.48
1799,Zucchini,$1.53
1800,Kohlrabi,$2.14
1801,Sweet Green Peppers,$1.84
1802,Broccoli1 ea,$2.98
1803,Red Swiss Chard1 ea,$3.48
1804,Farmer's MarketMini Cucumbers6 Pack,$3.98
1805,"Greenhouse Peppers, Orange",$2.10
1806,Farmer's MarketSweet Baby Peppers4 Pack,$3.98
1807,"Spinach, Bunched1 ea",$2.48
1808,Red Cabbage,$2.87
1809,Kale1 ea,$2.48
1810,Cauliflower1 ea,$2.98
1811,Lettuce Iceberg1 ea,$1.98
1812,Broccoli Crowns,$2.08
1813,Purple Eggplants,$3.12
1814,Green Leaf Lettuce1 ea,$2.98
1815,Savoy Cabbage,$2.70
1816,Green Beans,$0.33
1817,English Cucumber1 ea,$1.68
1818,Curly Parsley1 ea,$1.48
1819,Cilantro1 ea,$0.68
1820,Tomato Beefsteak  Red,$1.76
1821,"President's ChoiceWhite Mushrooms, Whole227 g",$2.28
1822,"President's ChoiceCremini Mushrooms, Whole227 g",$2.28
1823,White Mushrooms,$0.26
1824,Villagio Marzano Tomatoes681 g,$6.98
1825,President's ChoiceWhite Mushrooms454 g,$2.98
1826,Italian Parsley1 ea,$1.48
1827,Tomato on the Vine Red,$5.45
1828,Curly Parsley1 ea,$1.48
1829,Cilantro1 ea,$0.68
1830,Tomato Beefsteak  Red,$1.76
1831,"President's ChoiceWhite Mushrooms, Whole227 g",$2.28
1832,"President's ChoiceCremini Mushrooms, Whole227 g",$2.28
1833,White Mushrooms,$0.26
1834,Villagio Marzano Tomatoes681 g,$6.98
1835,President's ChoiceWhite Mushrooms454 g,$2.98
1836,Italian Parsley1 ea,$1.48
1837,Tomato on the Vine Red,$5.45
1838,Curly Parsley1 ea,$1.48
1839,Cilantro1 ea,$0.68
1840,Tomato Beefsteak  Red,$1.76
1841,"President's ChoiceWhite Mushrooms, Whole227 g",$2.28
