,Item,Price
0,Organic Medjool Dates454 g,$9.98
1,AuroraDried Turkish Figs200 g,$2.98
2,Farmer's MarketMini Cucumbers1 kg,$5.00
3,Karela,$0.57
4,Red Leaf Lettuce1 ea,$2.48
5,"Bi-Colour Corn, Corn on the Cob1 ea",$0.58
6,Heirloom Tomatoes,$1.81
7,Hass Avocados Bag1 ea,$2.98
8,Gourmet GardenCilantro Stir-In Paste115 g,$4.98
9,Family Size Garden Salad1 kg,$12.00
10,Shanghai Bok Choy,$2.80
11,Blueberries0.50 pint,$3.98
12,Sweet Green Peppers,$1.84
13,"Naked100% Juice Smoothie, Mighty Mango450 mL",$3.98
14,Farmer's MarketRed Potatoes10 lb bag,$5.98
15,Eddoes,$0.49
16,Turnips,$1.41
17,Cilantro1 ea,$1.48
18,Villagio Marzano Tomatoes681 g,$6.98
19,BolthouseBerry Boost Juice450 mL,$3.98
20,Pearl Onion250 g,$2.98
21,Pink Lady Apples,$0.92
22,Mission Figs227 g,$4.78
23,Green Beans,$0.27
24,Green Seedless Grapes907 g,$5.48
25,No NameCarrots2270 g,$2.48
26,Organic Red Tomato on the Vine,$7.91
27,Drumstick1 ea,$0.78
28,President's ChoiceGreen Beans340 g,$4.48
29,No NameAvocados (Bag)1.36 kg,$6.98
30,PC OrganicsBartlett Pears,$1.09
31,Shallots350 g,$2.98
32,Red Cabbage,$2.87
33,Farmer's MarketYellow Onions3 lb bag,$2.48
34,President's ChoiceBaby Spinach0.14 kg,$3.98
35,Dill Baby Bunched1 ea,$2.48
36,President's ChoiceOyster Mushrooms100 g,$2.98
37,Ziggy'sCreamy Potato Salad1.25 kg,$4.98
38,Radicchio,$2.04
39,Organic English Cucumber1 ea,$2.48
40,Brussels Sprouts,$0.44
41,SunRidge FarmsRomaine Hearts6 Pack,$6.98
42,"Living Lettuce, Green350 g",$2.48
43,Eat SmartEat Smart Wild Greens & Quinoa Salad Kit 255 g,$5.98
44,Organic Yellow Potatoes4.54 kg,$6.98
45,"French, Yellow Beans400 g",$3.98
46,Red Grapefruit1 ea,$1.28
47,"President's ChoiceCremini Mushrooms, Sliced227 g",$2.48
48,MannarichFish Balls260 g,$3.98
49,President's ChoiceMaple Flavoured Naturally Smoked Bacon500 g,$5.98
50,Brisket,$41.07
51,Cod Fillet,$20.80
52,MarcangeloHot Italian Sausage1 kg,$12.00
53,President's ChoiceSouthern-Style Turkey Breast Strips0.91 kg,$13.98
54,President's ChoiceToo Good To Be Wings Garlic Parmesan Boneless Turkey Breast Chunks800 g,$14.98
55,"PC Blue MenuSkinless, Boneless Seasoned Chicken Breasts Fillets Removed680 g",$12.98
56,Inside Round Oven Roast,$25.01
57,President's ChoiceWorld of Flavours Mexican Pulled Pork900 g,$11.00
58,Frankfurters340 g,$6.98
59,Feature FoodsHerring Fillets in Wine Marinade320 g,$5.98
60,Feature FoodsHerring Rollmops320 g,$5.98
61,St HubertFrozen Tourtiere470 g,$7.99
62,President's ChoiceChicken Breast Fillet Club Pack,$15.68
63,President's ChoiceCrispy & Crunchy Mild Southern-Style Chicken Wings907 g,$13.98
64,LousSliced Maple Peameal Bacon454 g,$6.98
65,Chicken Breast Boneless Skinless,$5.39
66,"Chuck Short Ribs, Service Case",$8.59
67,President's ChoiceLamb Leg,$13.13
68,"Boned Cod Fillets, Salted454 g",$10.48
69,Maple LeafCorned Beef,$14.65
70,SeaquestSalad Shrimp454 g,$12.00
71,"President's ChoiceBeefless Burgers, Plant-based, Vegan452 g",$10.98
72,JanesUltimates Crunchy Breaded Whole Chicken Fillets1 kg,$11.98
73,Market Fresh Cooked Lobster,$16.70
74,Whole Chicken,$10.01
75,"Atlantic Salmon Fillets, Skinless",$12.15
76,Chicken Breast Boneless Skinless Club Pack,$23.03
77,President's ChoiceVegetable Samosas345 g,$5.98
78,President's ChoiceBoneless Turkey Breast,$20.46
79,Breaded Popcorn Shrimp908 g,$10.00
80,President's ChoiceFree From Lean Ground Pork454 g,$5.00
81,"MarcangeloRoasted Turkey Breast, Bacon Wrapped700 g",$10.98
82,Bacon-Wrapped Chicken Breast Tournedos150 g,$3.00
83,Maple LeafBacon375 g,$6.98
84,PC Blue MenuBlue Menu Angus Beef Meatballs907 g,$12.98
85,"High LinerFamily Favourites Beer Battered Fish Fillets, Uncooked500 g",$8.48
86,"Atlantic Cod Fillet, Previously Frozen",$8.58
87,"PC Blue MenuBlue Menu Thick & Juicy, Turkey Burgers1.13 kg",$13.98
88,Grain-Fed Osso Bucco,$8.25
89,"Grilling Steak, Boneless Club Pack",$47.61
90,President's ChoicePC FREE FROM LEAN GROUND BEEF454 g,$9.00
91,Chicken Hearts,$9.90
92,Aqua Star King Crab Legs500 g,$25.00
93,"President's ChoiceFree From Split Chicken Wings, Club Pack",$21.91
94,"Top Sirloin Steak, Club Pack",$29.95
95,No NameTourtiere450 g,$4.98
96,KraftOriginal Slices410 g,$4.98
97,Coffee MateBliss Almond Caramel473 mL,$2.98
98,"No NameCheese, Partly Skimmed Mozzarella400 g",$5.78
99,Black DiamondMarble Cheddar Cheese Sticks252 g,$6.98
100,"No NameCheese, Light Old Cheddar400 g",$5.78
101,President's ChoiceDairy-Free Kefir Probiotic Fermented Coconut Milk1 L,$5.78
102,Happy PlanetExtreme Energy Fruit Smoothie900 mL,$4.98
103,International DelightCoffee Whitener Double Double Delight946 mL,$3.48
104,PCBlueberry Fruit On The Bottom 0% M.F. Greek Yogurt4x100g,$3.28
105,PhiladelphiaHerb & Garlic Cream Cheese227 g,$4.48
106,Danone Light 'N' Free Tub Vanilla Bean & Apple 710 g710 g,$4.98
107,"No NameCheese, Light Marble Cheddar400 g",$5.78
108,Coffee MateBliss Almond Vanilla473 mL,$2.98
109,"OikosGreek Yogurt -Limited Edition - Maple Flavour , 100g (Pack of 4)4x100g",$3.33
110,KraftLight Double Cheddar Cheese Shreds320 g,$6.48
111,NeilsonJoyya Chocolate Dairy Beverage 2%1 L,$4.28
112,"Gray RidgeGrade A Brown Eggs, Large12 Eggs",$4.48
113,"NordicaCottage Cheese, Creamed 4%500 g",$3.78
114,"AstroOriginal Yogurt, Banana Cream 6%650 g",$2.00
115,Danone ActiviaActivia Vanilla Cup8x150g,$4.98
116,"AstroOriginal Balkan Style Yogurt, Peach/Strawberry/Blueberry/Fieldberry12x100g",$5.48
117,"IOGONano Drinks, Limited Edition6x93mL",$3.33
118,"Omega 3 White Eggs, Medium6 Eggs",$3.08
119,Omega 3 White Eggs12 Eggs,$5.18
120,SimplyAlmond Unsweetened  1.50 L,$4.48
121,NeilsonOrganic Homogenized Milk2 L,$6.68
122,"Gay LeaReal Whipped Cream, Light225 g",$2.78
123,PhiladelphiaChive and Onion Cream Cheese227 g,$4.48
124,BabybelMini Babybel Original Semi-soft Ripened Cheese 12 x 20 g (240 g)240 g,$8.28
125,"Earths OwnAlmond Fresh, Original1.89 L",$3.98
126,"PC OrganicsOrganic Fresh Churned Butter, Salted250 g",$4.98
127,"OikosGreek Yogurt, Triple Zero, Fat Free, No Preservatives, No Artificial Sweeteners, Mixed Berry Flavour, 100g (Pack of 4)4x100g",$3.33
128,"OikosGreek Yogurt, Strawberry Flavour, 2% M.F., 100g (Pack of 4)4x100g",$3.33
129,"President's ChoiceGreek Yogurt, Blueberry500 g",$3.00
130,"No NameMargarine, Non Hydrogenated454 g",$2.50
131,"DanoneGreek Yogurt Oikos Triple Zero, Mixed Berries4x100g",$3.33
132,HelluvaCaramelized Onion Dip250 g,$1.98
133,"RivieraGoat Yogurt, Plain 4.9%500 g",$4.98
134,"LiberteGreek Yogurt , Black Cherry 2%4x100g",$4.18
135,"No NameShredded Cheese, Mozzarella900 g",$11.00
136,PCPlain Kéfir Probiotic Fermented 1% M.F. Milk1 L,$5.78
137,"BabybelMini Babybel Light, 18 Pack360 g",$12.00
138,"No NameLight Cream Cheese Spread, Plain340 g",$2.48
139,President's ChoiceVanilla Skyr Icelandic Style 4% M.F. Yogurt500 g,$4.78
140,"PCGreek Yogurt, Lemon4x100g",$3.28
141,"IOGOYogurt, Fruit On Bottom, Strawberry95 g",$5.98
142,Neilson2% Milk237 mL,$1.68
143,NeilsonHomogenized Milk4 L,$5.38
144,"Farmer's MarketMuffins, Carrot660 g",$4.50
145,CharlottesLemon Square400 g,$5.00
146,President's ChoiceDark Chocolate Topped Mini Eclairs710 g,$11.98
147,RudolphsLight Rye Bread680 g,$3.98
148,PC Blue MenuBlue Menu Everything Bagels 6 Bagels336 g,$3.98
149,Italian Multigrain Bread Sliced450 g,$1.68
150,"Wonder6 Pack English Muffin Breakfast Sandwich Bun, White342 g",$2.28
151,Country HarvestWhole Wheat Sesame Bagel450 g,$2.98
152,"President's ChoiceThins Long White Buns, Whole Grain8x50g",$2.98
153,7 Grain Bread Sliced450 g,$3.00
154,President's ChoiceApple Blossoms Desserts228 g,$3.48
155,ACECiabatta Cluster400 g,$2.98
156,Little DebbieEaster Egg Brownies261 g,$2.48
157,Kaiser Rolls 6PK400 g,$3.00
158,"Submarine Buns, White130 g",$2.78
159,VachonGranny's Pecan Tarts6x43g,$3.68
160,HostessChocolate Cupcakes8x40g,$3.78
161,"Farmer's MarketLoaf Cake, Marble390 g",$4.00
162,DimpflmeierLeinsamen Flaxseed & Rye Bread454 g,$3.98
163,"ACECrostino, Grated Parmesan125 g",$3.98
164,ACESchiacciata Flatbread Herbes de Provence300 g,$4.98
165,White Batard Bread275 g,$2.48
166,"Farmer's MarketTwo-Bite Brownies, Club Pack600 g",$6.00
167,Strawberry Cake 8 Inch1000 g,$18.98
168,President's ChoiceThin Pizza Crust300 g,$3.10
169,12 Grain Sliced Bread450 g,$3.00
170,"Baker StreetCake, Red Velvet1.20 kg",$19.98
171,Crispy Besan Roti10x400g,$2.54
172,"Plain Italian Buns, 18 Pack1.20 kg",$5.00
173,President's ChoiceThe Decadent Molten Chocolate Cakes216 g,$4.48
174,"ACEDemi-Baguette, White200 g",$1.50
175,"DItalianoBread, Brizzolio Sausage Buns420 g",$2.98
176,La Fournée Dorée 4 Sesame Brioche Burger Buns200 g,$3.00
177,"President's ChoiceCheesecake, Blueberry Topped600 g",$7.00
178,T&TSesame Seeds Crisps160 g,$3.48
179,Pizza Buns460 g,$4.00
180,Ready BakeFrozen White Pizza Dough650 g,$2.98
181,"StonemillOrganic Rye, Flax Seeds500 g",$4.28
182,President's ChoiceMultigrain Thin Pizza Crusts300 g,$3.10
183,Sourdough Boule Bread675 g,$3.00
184,President's ChoiceOriginal Tortillas340 g,$2.98
185,"Casa Mendosa6 Large Tortillas, Tomato Salsa384 g",$2.98
186,RudolphsBavarian Rye Bread500 g,$3.98
187,Old MillHamburger Buns540 g,$2.28
188,Bakerstreet Creamy Chocolate Mousse Cake1 kg,$19.98
189,"Farmer's Market10"" Pie Blueberry1 kg",$6.00
190,"CharlottesChocolate Fudge Cake 6""475 g",$5.00
191,Bakerstreet Strawberry Shortcake1.40 kg,$19.98
192,"San DanieleMortadella, Hot (Thin Sliced)",$2.28
193,SchneiderThuringer Sausage 4/Cs,$24.80
194,L'ExtraTripe Cream Brie300 g,$9.38
195,President's ChoicePork & Chicken Liver Pâté With Black Pepper150 g,$3.98
196,Ziggy'sExtra Lean Cooked Ham (Thin Sliced),$2.38
197,Ziggy'sKalamata Olives500 mL,$6.48
198,Maple LeafNatural Turkey81 g,$3.48
199,Grilled Chicken & Scalloped Potatoes435 g,$8.00
200,"Italian Chicken Strips, Club Pack500 g",$10.00
201,President's ChoiceGreek Pasta Olympia Salad,$5.15
202,"SunriseTofu Dessert, Original2x150g",$1.38
203,PC Black LabelIberico Reserva Cheese150 g,$7.28
204,PC Blue MenuBlue Menu Tzatziki227 g,$3.28
205,Snack Platter180 g,$5.00
206,President's ChoiceOven-Roasted Chicken Breast175 g,$6.68
207,Deluxe Bean Salad1100 g,$14.00
208,Ziggy'sFeta400 g,$6.00
209,President's ChoiceBruschetta Topping With Roasted Vegetables227 g,$3.28
210,AncoGouda Light170 g,$6.00
211,Soup's On SoupBarley Soup's On Soup Garden Vegetable and Lentil925 mL,$7.00
212,Emborg Cheddar Style Dairy Free Shreds200 g,$5.48
213,SchneiderTraditional Ham Ring300 g,$6.98
214,Ziggy'sBologna600 g,$5.00
215,"SilaniSalametti, Original300 g",$7.00
216,SUFRASlicked Chicken Bologna500 g,$2.98
217,Sikorski SausagesHungarian Sausage,$6.19
218,St HubertFresh Chicken Pie645 g,$8.48
219,"Hot StuffsSummer Sausage, Sliced175 g",$4.48
220,OlivieriTortellini with Three Cheeses350 g,$5.28
221,"President's ChoiceCheese, Parmesan Grated 100%250 g",$6.48
222,YvesTofu Dogs275 g,$4.98
223,President's ChoiceSliced Medium Cheddar Cheese170 g,$5.68
224,President's ChoiceDry Cured Old Forest Salami (Thin Sliced),$3.68
225,OlymelOlymel Smoked Ham Black Forest150 g,$4.98
226,President's ChoiceCranberry Goat Cheese140 g,$5.18
227,Ziggy'sTurkey Strips150 g,$5.00
228,President's ChoiceBaba Ghanouj227 g,$3.28
229,Butter Chicken and Basmati Rice1 ea,$8.00
230,"CastelloCream Cheese Spread, Pineapple125 g",$5.48
231,"Tre StelleBocconcini, Light    200 g",$5.00
232,Smoked Meat Sloppy Joe400 g,$7.98
233,SkotidakisFeta in Brine1 kg,$19.00
234,MastroLean Prosciutto Cotto (Thin Sliced),$2.18
235,Ziggy'sGarlic Roast Beef,$3.08
236,"President's ChoiceFeta Crumbles, Herb & Garlic175 g",$5.68
237,President's ChoiceSalad Topper Cheese Blend300 g,$6.28
238,"Maple LeafNatural Selections Oven Roasted Turkey Breast, Family Size Club Pack375 g",$10.00
239,Maple LeafBologna (Thin Sliced),$2.28
240,FlamingoCajun  Chicken Thigh Pieces700 g,$10.98
241,President's ChoiceSouthern-Style Turkey Breast Strips0.91 kg,$13.98
242,President's ChoiceDark Chocolate Topped Mini Eclairs710 g,$11.98
243,TofurkyRoast737 g,$14.98
244,YvesVeggie Meatballs (1 Pack)4x352g,$6.48
245,"KelloggsEggo Chocolatey Chip Waffles, 16 wafles560 g",$4.98
246,"President's ChoicePizza, Hawaiian Thin & Crispy380 g",$3.98
247,SwansonHungry Man Salisbury Steak455 g,$3.98
248,President's ChoiceFrench Vanilla Frozen Yogurt2 L,$4.48
249,President's ChoiceWorld of Flavours Lasagna Butter Chicken Mild1.13 kg,$9.98
250,Halo TopCookie Dough473 mL,$6.98
251,Haagen DazsChocolate Ice Cream500 mL,$6.48
252,"MagnumIce Cream Bars, Gold?!3x100mL",$6.98
253,Shana8 Punjabi Samosas460 g,$2.48
254,"Minute MaidOrange Juice, Calcium & Vitamin D    295 mL",$1.48
255,"Stouffers CrustiniCrustini, Turkey Bacon Club255 g",$2.98
256,"PillsburyPizza Pops, Pepperoni800 g",$6.28
257,"BistroMelts, Cheddar Steak & Mushroom170 g",$2.98
258,Shao Mai280 g,$3.68
259,Minute MaidLimeade295 mL,$1.58
260,AmysBroccoli Cheddar Bake Bowl269 g,$5.48
261,Butcher's ChoiceBeef Burgers1.13 kg,$10.98
262,"AmysBurrito, Cheddar Cheese170 g",$3.98
263,President's ChoiceApple Blossoms Desserts228 g,$3.48
264,Magnolia Coconut & Purple Yam Ice Cream Ube Macapuno1.42 L,$14.28
265,"PillsburyPizza Pops, Three Meat800 g",$6.28
266,ChapmansVanilla Peanuts Balltop Grizzly Cone5x140mL,$4.48
267,"Anchor BayBlack Tiger Shrimp, 31/40400 g",$13.00
268,ChapmansBlack Jack Cherry2 L,$5.78
269,"HaldiramNaan, Tandoori Garlic    400 g",$3.18
270,High LinerCatch of the Day Salmon Fillets680 g,$9.98
271,No NameBean and Cheese Burrito142 g,$1.00
272,"President's ChoiceFrozen Dairy Dessert, Salted Caramel473 mL",$4.98
273,"Nong ShimBowl Noodle, Hot & Spicy (Case)12x86g",$12.98
274,"SeaquestCalamari Rings, Uncooked340 g",$7.00
275,"Nature's PathOrganic Gluten Free Waffles, Homestyle210 g",$4.48
276,President's ChoiceToo Good To Be Wings Butter Chicken Boneless Breaded Chicken Breast Chunks800 g,$9.98
277,PogoRegular300 g,$4.48
278,"RistorantePizza, Mozzarella325 g",$2.98
279,"Dr OetkerGiuseppe Pizza, 4 Meat740 g",$5.98
280,President's ChoiceDiced Butternut Squash750 g,$3.50
281,President's ChoiceLoads Of Cherries & Chocolatey Chunks Light Ice Cream1.50 L,$4.98
282,Vegetable & Chicken Dumplings567 g,$4.48
283,Lean CuisineChicken Fettuccine237 g,$3.48
284,President's ChoiceSmoked Atlantic Salmon150 g,$9.98
285,CavendishRestaurant Style Crispy Sweet Onion Rings1 kg,$6.98
286,"Selecta Ice Cream, Ube Macapuno1.50 L",$15.38
287,FiascoSalted Caramel Gelato562 mL,$9.48
288,KeurigVan Houtte Original House Blend K-Cup Pods30 ea,$17.98
289,President's ChoiceEspresso Aromatico Lungo55 g,$5.98
290,San PellegrinoCarbonated Mineral Water8x330mL,$5.98c
291,"Ocean Spray100% Juice, Cranberry and Grape1.77 L",$3.98
292,Ocean SprayCocktail Cranberry Pink1.89 L,$3.68
293,"OasisSmootie, Strawberry and Dragon Fruit1.36 L",$4.48
294,Thirsty BuddhaAll Natural Coconut Water1 L,$5.48
295,MioStrawberry Watermelon Liquid Water Enhancer48 mL,$3.68
296,"Maxwell HouseDark Roast Coffee Keurig K-Cup Pods, 30 Pods292 g",$12.98
297,No NamePrune Nectar1.36 L,$3.98
298,TassimoCarte Noire Americano Coffee Single Serve T-Discs14 ea,$8.98
299,Twinings50ct Pure Camomile50 ea,$9.98
300,"NescafeSweet & Creamy French Vanilla, Instant Coffee Sachets396 g",$6.48
301,Trace Alkaline Spring Water500 mL,$1.98
302,"Diet Coke, 8 Pack8x300mL",$5.28c
303,PerrierL'Orange1 L,$1.78
304,President's ChoiceSpritz Up12x355mL,$3.48
305,Thirsty BuddhaCoconut Water490 mL,$2.98
306,NestleNatural Spring Water (Case)12x330mL,$3.48
307,Twinings50ct English Breakfast50 ea,$8.98
308,PC Blue MenuBlue Menu Lemon Sparkling Water1 L,$0.98
309,President's ChoiceCamomile Herbal Tea20 ea,$2.98
310,CarnationRolo Hot Chocolate450 g,$4.98
311,Coca-Cola Zero Sugar500 mL,$1.98
312,"OasisNutrisource Antioxia 100% Juice, Wild Berry & Pomegranate1.36 L",$2.98
313,Philippine BrandMango Juice Nectar250 mL,$0.98
314,Red RoseOrange Pekoe Tea216 ea,$9.98
315,KeurigTrue North Blend K-Cup Coffee Pods10 ea,$10.98
316,Tray Diet Pepsi Soda (Case)24x355mL,$8.98
317,FruiteBerry-Lemonade6x300mL,$3.28c
318,President's ChoiceApple 100% Juice1 L,$1.28
319,"Nestea Zero Iced Tea, Lemon (Case)12x341mL",$4.98
320,Jasmine Green Tea150 g,$6.38
321,Kiju100% Organic Pomegranate Cherry Juice4x200mL,$2.28
322,TetleyTetley Super Tea Antiox Tropical with Vitamin C20 ea,$2.98
323,LiptonBrisk Lemon Iced Tea710 mL,$0.98
324,Taylors of HarrogateEarl Grey Tea 20 Tea Bags50 g,$3.98
325,Gold Peak Green Tea Slightly Sweet547 mL,$2.48
326,President's ChoiceClub Pack Apple Juice From Concentrate3.78 L,$3.98
327,Diet Coke Strawberry Guava Cans8x310mL,$4.88c
328,GatoradeCool Blue Sports Drink (Case)6x591mL,$4.98
329,OasisTropical Passion Juice960 mL,$1.00
330,KeurigVan Houtte Colombian Medium Roast30 ea,$17.98
331,ZeviaEarl Grey Blood Orange Tea355 mL,$1.98
332,KeurigHouse Blend K-Cup Coffee Pods10 ea,$10.98
333,Ethical BeanBold Dark Roast Whole Bean Coffee340 g,$13.98
334,"Ocean SprayCranberry Cocktail, Light1.89 L",$3.00
335,"PerrierCarbonated Water, Strawberry (Case)6x1L",$8.98
336,ShreddiesFamily Size Cereal 725 g,$5.88
337,"ODoughsMultigrain Flatbread, Plain405 g",$5.98
338,"ChristieRitz Crisp & Thin Crackers, Barbecue115 g",$2.00
339,MeijiYan Yan Strawberry57 g,$1.68
340,"BuglesCorn Snacks, Original213 g",$2.48
341,"Betty CrockerFruit Snacks, Animated Edition226 g",$2.98
342,"No NameCake Mix, Chocolate Deluxe468 g",$1.68
343,"Humpty DumptyParty Mix, Cheese280 g",$3.28
344,"ChristieTRISCUIT with Garlic, Onion & Poppy Seed200 g",$3.00
345,"ChristieRitz Crisp & Thin Crackers, Cheddar Cheese115 g",$3.00
346,HeinzDeep-Browned Beans with Pork & Tomato Sauce398 mL,$1.28
347,SurajHusked Split Desi Chick Peas1.80 kg,$6.78
348,No NamePecan Pieces400 g,$11.98
349,Seeds Of ChangeBlack Beans261 g,$4.28
350,"No NameCake Mix, Devil's Food468 g",$1.68
351,MaggiHot & Sweet Tomato Chili Sauce340 mL,$2.98
352,Betty CrockerDessert Mix & Frosting Peanut Butter204 g,$2.18
353,PC Blue MenuFruit & Nut Mixed Berry Chewy Bars165 g,$2.58
354,"Clover LeafChicken Snacks, Spicy Buffalo99 g",$1.94
355,Barney Butter Almond Butter Bare Smooth284 g,$9.98
356,KinderKinder Surprise T2 Easter Chick40 g,$2.98
357,"VoortmanWafers, Strawberry300 g",$2.78
358,PC Black LabelPure Maple Syrup250 mL,$6.98
359,No NameButter & Salted Popcorn85 g,$1.78
360,GoldSealGoldSeal Wild Pacific Pink Salmon213 g,$2.98
361,Coconut Pound Cake0.37 kg,$3.28
362,Thai Jasmine Rice400 g,$1.78
363,President's ChoiceUnsalted Raw California Almonds400 g,$8.98
364,Ziggy'sKalamata Olives500 mL,$6.48
365,ParleParle-G Original Gluco Biscuits300 g,$0.88
366,CharrasCharras Corn Tostadas Jalapeño Flavor with Sea Salt350 g,$3.28
367,Nature's PathHoney & Chia Breakfast Biscuit175 g,$5.98
368,President's ChoiceSpeculoos Cookie Butter Crushed Cookie Spread400 g,$3.48
369,President's ChoiceRefrigerated Balsamic Vinaigrette350 mL,$3.98
370,"Stock and BarrelAlmonds, Roasted400 g",$12.00
371,RoosterDried Chili120 g,$1.28
372,BritanniaLittle Heart Biscuits75 g,$0.88
373,Clover LeafSolid White Tuna Albacore in Water170 g,$3.28
374,President's ChoiceHoney Crunchy Cubs Graham Cookies Lunch Box Packs210 g,$2.58
375,MolisanaRigatoni450 g,$1.48
376,ExcelVariety4 ea,$4.00
377,TabascoHot Sauce57 mL,$2.98
378,"FritosCorn Snacks, Bar-B-Q370 g",$3.28
379,Pepperidge FarmGoldfish  Flavour Blasted  Screamin' Salt & Vinegar180 g,$2.48
380,SardoParty Mix Olives250 mL,$3.98
381,Kitchens of IndiaCreamy Tomato Sauce340 mL,$2.98
382,ChristieChristie Chips Ahoy! Rainbow457 g,$3.98
383,Fry's CocoaPremium Cocoa454 g,$8.28
384,GardeinMeat - Free the Ultimate Beefless Ground390 g,$5.48
385,Angie'sBoomchickapop Popcorn Real Butter 4 Microwave Fresh-Pop Bowls373 g,$5.48
386,Simply OrganicBasil Leaf15 g,$5.48
387,Organic Medjool Dates454 g,$9.98
388,Thirsty BuddhaAll Natural Coconut Water1 L,$5.48
389,Nature's PathTurtle Splash Cereal284 g,$4.98
390,"ODoughsMultigrain Flatbread, Plain405 g",$5.98
391,"HeinzBaby Food Organic Peach, Banana & Apricot Pouch128 mL",$1.68
392,YvesVeggie Meatballs (1 Pack)4x352g,$6.48
393,FiascoRaspberry Lime Sorbetto562 mL,$9.48
394,TofurkyRoast737 g,$14.98
395,KeurigVan Houtte Original House Blend K-Cup Pods30 ea,$17.98
396,AmysIndian Aloo Mattar Wrap156 g,$3.98
397,Nature's PathHoney & Chia Breakfast Biscuit175 g,$5.98
398,"ClifBuilder's Bar, Vanilla Almond (Case)12x68g",$22.48
399,President's ChoiceActv Chocolate Chip Coconut Nutritional Supplement Energy Bar68 g,$1.48
400,ZazubeanSassy Coconut Milk Pomegranate & Hazelnut85 g,$4.68
401,Vegan Buffalo Cauliflower Wings375 g,$8.48
402,"CaminoBaking Chocolate, 100% Cacao Unsweetened200 g",$7.48
403,"Kind barKind Bar, Mini Caramel Almond and Sea Salted200 g",$10.98
404,"BelsoyOrganic Soy Pudding, Chocolate4x125g",$5.48
405,LundbergBlack Japonica Rice454 g,$5.98
406,"CasbahCouscous, Organic Whole Wheat283 g",$2.98
407,"ClifEnergy Bar, Coconut Chocolate Chip (Case)12x68g",$16.98
408,"A VogelHerbamare Seasoning, Original125 g",$4.48
409,"HeinzOrganic Pear, Sweet Potato & Plum Pouch128 mL",$1.68
410,PC OrganicsOat Cereal Add Breast Milk Or Infant Formula Baby Cereal227 g,$3.58
411,PCHomo Milk1 L,$3.88
412,"ClifBuilder's Bar, Peanut Butter68 g",$1.98
413,Josephs Chocolate Nutless Clusters160 g,$4.48
414,"Carrot Chips, Lightly Salted150 g",$4.28
415,PC OrganicsPC ORGANICS GROUND GINGER34 g,$2.98
416,Lovegoodfats Chewy-Nutty Chocolatey Almond Bar 40 g,$2.98
417,Suzie's Good FatsSnack Bar Rich Chocolatey Almond (Case)12x39g,$33.98c
418,Organic Green Cabbage,$3.78
419,"CaminoOrganic Dark Chocolate Bar, 55%100 g",$4.58
420,Bar Lemon Poppy Seed Oat85 g,$3.98
421,CENTRAL ROASTRaw Pumpkin Seeds270 g,$5.98
422,NutivaCoconut Manna Pouch Chocolate176 g,$6.98
423,"ClifNut Butter Filled Energy Bar, Chocolate Peanut50 g",$1.98
424,RizopiaBrown Rice Shells454 g,$2.98
425,"AnniesAnnie's Organic Bunny Fruit Snacks, Berry Patch115 g",$3.98
426,"Love Child OrganicsOrganic Puree, Apples Sweet Potatoes Carrots & Blueberries128 mL",$1.53
427,Ethical BeanBold Dark Roast Whole Bean Coffee340 g,$13.98
428,Kicking HorseMedium Roast Cliff Hanger Espresso454 g,$11.98
429,CENTRAL ROASTOrganic Dried Turkish Apricots215 g,$5.48
430,"LiberteOrganic Yogurt, Vanilla 2%750 g",$5.28
431,Nature's PathCacao Granola198 g,$6.98
432,PampersBaby Wipes Sensitive 9X Pop-Top Packs 504 Count504 ea,$16.98
433,PampersPure Protection Diapers Size 2 68 Count68 ea,$19.94
434,PampersBaby-Dry Diapers Size 5 78 Count78 ea,$26.98
435,PampersBaby-Dry Diapers Size 6 64 Count64 ea,$26.98
436,PampersBaby Wipes Sensitive 3X Refill 192 Count192 ea,$7.38
437,PampersBaby-Dry Diapers Size 4 92 Count92 ea,$26.98
438,PampersBaby-Dry Diapers Size 3 104 Count104 ea,$26.98
439,PampersBaby Wipes Sensitive 9X Pop-Top Packs 504 Count504 ea,$16.98
440,PampersPure Protection Diapers Size 2 68 Count68 ea,$19.94
441,PampersBaby-Dry Diapers Size 5 78 Count78 ea,$26.98
442,PampersBaby-Dry Diapers Size 6 64 Count64 ea,$26.98
443,PampersBaby Wipes Sensitive 3X Refill 192 Count192 ea,$7.38
444,PampersBaby-Dry Diapers Size 4 92 Count92 ea,$26.98
445,PampersBaby-Dry Diapers Size 3 104 Count104 ea,$26.98
446,PampersBaby Wipes Sensitive 9X Pop-Top Packs 504 Count504 ea,$16.98
447,PampersPure Protection Diapers Size 2 68 Count68 ea,$19.94
448,PampersBaby-Dry Diapers Size 5 78 Count78 ea,$26.98
449,PampersBaby-Dry Diapers Size 6 64 Count64 ea,$26.98
450,President's ChoiceNaturally Flavoured Toddlers Strawberry Yogurt Snack1 ea,$3.28
451,PC OrganicsCheddar Cheese Whole Grain Puffs42 g,$2.78
452,"PC OrganicsMini Cereal Bars, Berry Pomegranate160 g",$2.98
453,"PC OrganicsCereal, Multigrain Banana125 g",$3.48
454,PC OrganicsToddler Blue Fruit Twist60 g,$3.98
455,PC OrganicsPurple Carrot And Blueberry Whole Grain Puffs Puffed Cereal42 g,$2.78
456,PC OrganicsBroccoli And Spinach Whole Grain Puffs Puffed Cereal42 g,$2.78
457,"PC OrganicsMini Cereal Bars, Banana Berry160 g",$2.98
458,PC OrganicsAnimal Cookies For Toddlers 170 g,$2.78
459,"PC OrganicsOrange, Carrot & Cinnamon Fruit, Veggie And Oat Bars90 g",$3.48
460,"PC OrganicsMini Cereal Bars, Blueberry160 g",$2.98
461,PC OrganicsMango And Carrot Whole Grain Puffs Puffed Cereal42 g,$2.78
462,"PC OrganicsFruit, Veggie, & Oat Bars, Raspberry Beet90 g",$3.48
463,PC OrganicsApple And Strawberry Whole Grain Puffs Puffed Cereal42 g,$2.78
464,PC OrganicsOrganics Broccoli And Kale Baked Whole Grain Corn Puffs42 g,$2.78
465,PC OrganicsMashed Potatoes & Turkey185 g,$2.88
466,"PC OrganicsToddler Entrée, Fruity Chicken185 g",$2.88
467,"PC OrganicsMini Cereal Bars, Apple, Acai160 g",$2.98
468,"President's ChoiceYogurt Melt, Mixed Berry1 ea",$3.28
469,PC OrganicsStars Pasta454 g,$2.98
470,PC OrganicsStrawberry Mango Naturally Flavoured Fruit Snack60 g,$3.98
471,"President's ChoiceTotal Pediatric Nutrition, Vanilla6x235mL",$9.98
472,"PC OrganicsToddler Mini Pasta, Alphabet454 g",$2.98
473,PC OrganicsSpaghetti in Turkey Meat Sauce185 g,$2.88
474,PC OrganicsToddler Apple Juice1 L,$1.88
475,"PC OrganicsToddlers Mini Pasta, Bowties454 g",$2.98
476,President's ChoiceNaturally Flavoured Toddlers Strawberry Yogurt Snack1 ea,$3.28
477,PC OrganicsCheddar Cheese Whole Grain Puffs42 g,$2.78
478,"PC OrganicsMini Cereal Bars, Berry Pomegranate160 g",$2.98
479,"PC OrganicsCereal, Multigrain Banana125 g",$3.48
480,PC OrganicsToddler Blue Fruit Twist60 g,$3.98
481,PC OrganicsPurple Carrot And Blueberry Whole Grain Puffs Puffed Cereal42 g,$2.78
482,PC OrganicsBroccoli And Spinach Whole Grain Puffs Puffed Cereal42 g,$2.78
483,"PC OrganicsMini Cereal Bars, Banana Berry160 g",$2.98
484,PC OrganicsAnimal Cookies For Toddlers 170 g,$2.78
485,"PC OrganicsOrange, Carrot & Cinnamon Fruit, Veggie And Oat Bars90 g",$3.48
486,"PC OrganicsMini Cereal Bars, Blueberry160 g",$2.98
487,PC OrganicsMango And Carrot Whole Grain Puffs Puffed Cereal42 g,$2.78
488,"PC OrganicsFruit, Veggie, & Oat Bars, Raspberry Beet90 g",$3.48
489,PC OrganicsApple And Strawberry Whole Grain Puffs Puffed Cereal42 g,$2.78
490,PC OrganicsOrganics Broccoli And Kale Baked Whole Grain Corn Puffs42 g,$2.78
491,PC OrganicsMashed Potatoes & Turkey185 g,$2.88
492,"PC OrganicsToddler Entrée, Fruity Chicken185 g",$2.88
493,"PC OrganicsMini Cereal Bars, Apple, Acai160 g",$2.98
494,"President's ChoiceYogurt Melt, Mixed Berry1 ea",$3.28
495,PC OrganicsStars Pasta454 g,$2.98
496,PC OrganicsStrawberry Mango Naturally Flavoured Fruit Snack60 g,$3.98
497,"President's ChoiceTotal Pediatric Nutrition, Vanilla6x235mL",$9.98
498,"PC OrganicsToddler Mini Pasta, Alphabet454 g",$2.98
499,PC OrganicsSpaghetti in Turkey Meat Sauce185 g,$2.88
500,PC OrganicsToddler Apple Juice1 L,$1.88
501,"PC OrganicsToddlers Mini Pasta, Bowties454 g",$2.98
502,President's ChoiceNaturally Flavoured Toddlers Strawberry Yogurt Snack1 ea,$3.28
503,PC OrganicsCheddar Cheese Whole Grain Puffs42 g,$2.78
504,"PC OrganicsMini Cereal Bars, Berry Pomegranate160 g",$2.98
505,"PC OrganicsCereal, Multigrain Banana125 g",$3.48
506,"MunchkinMiracle 360 Trainer Cup, 7oz1 ea",$7.98
507,KushiesSilibeads Pacifier Clip1 ea,$11.98
508,LansinohNursing Pads100 ea,$9.98
509,Snotsucker Nasal Aspirator1 ea,$21.98
510,Baby Brezza Formula Pro Advanced1 ea,$239.98
511,"MunchkinMiracle 360 Trainer Cup, 7oz1 ea",$7.98
512,KushiesSilibeads Pacifier Clip1 ea,$11.98
513,LansinohNursing Pads100 ea,$9.98
514,Snotsucker Nasal Aspirator1 ea,$21.98
515,Baby Brezza Formula Pro Advanced1 ea,$239.98
516,"MunchkinMiracle 360 Trainer Cup, 7oz1 ea",$7.98
517,KushiesSilibeads Pacifier Clip1 ea,$11.98
518,LansinohNursing Pads100 ea,$9.98
519,Snotsucker Nasal Aspirator1 ea,$21.98
520,"TideLiquid Pods, Original16 ea",$5.48
521,GainLaundry Detergent Liquid Pod Blissful Breeze14 ea,$4.98
522,GainLaundry Detergent Liquid 2X High Suds Blissful Breeze Regular1.47 L,$5.98
523,SharpieAssorted Pens6x1ea,$10.98
524,GladSquare Plates 100 Set100x1ea,$16.48
525,"TideLiquid Pods, Original Cold Water12 ea",$5.48
526,GainLaundry Detergent Liquid 2X High Suds Blissful Breeze Regular2.95 L,$10.98
527,Rubbermaid1.0Gal/3.7L Take A Long Rectangular Storage Container2x1ea,$6.28
528,"Post itNotes, Canary1 ea",$9.98
529,Rubbermaid3.2C/757ML Take A Long Round Storage Container Pack4x1ea,$4.98
530,President's ChoiceLawn & Leaf Bags5 ea,$2.98
531,Everyday EssentialsPaper Clips100x1ea,$1.98
532,"SwifferWetJet Hardwood Floor Cleaner Spray Mop Pad Refill, Heavy Duty, 10 Count10 ea",$9.98
533,CanonCANON CL-244 COLOUR INK1 ea,$29.98
534,Scotch-BritePlunger1 ea,$16.98
535,"TideLiquid Pod, Scent Free & Gentle16 ea",$5.48
536,WindsorSafe-T-Salt10 kg,$5.48
537,"PalmoliveUltra Liquid Detergent, Passion Fruit & Mandarin591 mL",$2.48
538,RubbermaidTake Alongs 3 Liquid Storage Containers + Lids3x1ea,$4.98
539,SylvaniaAppliance 40W Light Bulbs1 ea,$4.48
540,"ZiplocFood Containers, Square Extra Small1 ea",$5.48
541,"DownyLiquid Fabric Conditioner (Fabric Softener), Free & Gentle, 60 Loads1.53 L",$7.98
542,DranoCleaner Crystals500 g,$7.98
543,BRNT SUPER VALUE BRIGHT YELLOW1 ea,$5.00
544,"BounceDryer Sheets, Free & Gentle, 80 Count80 Sheets",$5.48
545,"Energizer371 Silver Oxide Button Battery, 1-Pack1 ea",$5.98
546,"SunlightLaundry Liquid, Lemon Fresh1.47 L",$6.48
547,WiltonBaking Cups1 ea,$2.98
548,"No NameFoam Bowls, 12oz50 ea",$2.98
549,FebrezeCandle Lavender and Eucalyptus122 g,$5.98
550,BRNT BABY BLANKET WHITE1 ea,$10.98
551,TilexFresh Shower Cleaner946 mL,$3.98
552,"DownyLiquid Fabric Conditioner (Fabric Softener), April Fresh, 150 Loads3.83 L",$15.98
553,Padlock 141T1 ea,$14.98
554,"No NameVinyl Disposable Gloves, Medium100 ea",$7.48
555,"PurexLiquid Detergent, Baby Soft2.26 L",$10.98
556,SharpieFine Point Permanent Markers2x1ea,$2.98
557,WeimanLeather Wipes30 Sheets,$5.48
558,"TideUltra Stain Release Liquid Laundry Detergent, Original, 19 Loads, 1.09 L1.09 L",$7.48
559,"FebrezeOne Starter Kit, Mandarin300 mL",$5.98
560,"Glad10.25"" Square Paper Plates50x1ea",$6.98
561,SylvaniaGlass LED Soft White 40 W 1 Indoor Outdoor A15 Bulb1 ea,$7.98
562,Letter Size Clipboard Assorted1 ea,$3.98
563,No NameFlexible Straws200x1ea,$1.58
564,"CascadePlatinum Actionpacs, Fresh Scent39 ea",$12.98
565,Canon245 XL 246 XL Ink Combo1 ea,$69.98
566,"PapermateProfile Retractable Pens, Blue2x1ea",$2.48
567,"FantastikAerosol Bathroom Cleaner, Fresh Clean623 g",$2.98
568,"LOreal ParisVoluminous Curved Brush Mascara, Black Brown8 mL",$6.00
569,"Rimmel LondonLasting Finish Extreme Lipstick, Thirsty Bae1 ea",$8.98
570,LOreal ParisBrow Stylist Definer Ultra-Fine Tip Shaping Pencil 389 Brunette0.24 g,$12.98
571,"Cover GirlClean Oil Control, Pressed Powder, Puff Beige10 g",$6.98
572,"Cover GirlLashblast Volume Blasting Mascara, Very Black13.10 mL",$6.98
573,"MaybellineFit Me Matte Foundation, Classic Ivory1 ea",$5.98
574,"RevlonColorstay Eyeliner, Black-Brown1 ea",$9.98
575,"LOreal ParisInfallible Never Fail Eyeliner, Black1.14 g",$11.98
576,MaybellineLash Sensational Volumizing Mascara 253 Blackest Black1 ea,$9.98
577,LOreal ParisBrow Stylist Definer Ultra-Fine Tip Shaping Pencil 390 Dark Brunette0.24 g,$12.98
578,"RevlonPhotoReady Face Powder, Light Medium1 ea",$16.98
579,"Cover GirlPerfect Point Plus Eye Liner, Espresso0.23 g",$6.98
580,"MaybellineInstant Age Rewind Eraser Concealer, Fair6 mL",$12.98
581,"MaybellineEye Studio Brow Define + Fill Duo, Soft Brown0.10 mL",$10.98
582,"LOreal ParisTelescopic Mascara, Blackest Black1 ea",$11.98
583,"LOreal ParisTelescopic Mascara, Black1 ea",$11.98
584,"MaybellineGreat Lash Mascara, Very Black12.70 mL",$4.48
585,"MaybellineFit Me! Foundation, SPF 18, Classic Ivory30 mL",$5.98
586,"MaybellineFit Me Concealer, Fair6.80 mL",$5.98
587,MaybellineNew York Fit Me! Foundation 340 Cappuccino30 mL,$5.98
588,"LOreal ParisTelescopic Mascara, Carbon Black8 mL",$11.98
589,"LOreal ParisVoluminous Original Waterproof Mascara, Carbon Black8 mL",$6.00
590,MaybellineSuperstay Matte Ink Lip Founder5 mL,$11.98
591,MaybellineVolum' Express The Colossal Washable Mascara - Glam Black9.20 mL,$5.96
592,LOreal ParisVoluminous Original Bold Volume Building Mascara 305 Black8 mL,$6.00
593,"MaybellineGreat Lash Mascara, Blackest Black12.70 mL",$4.48
594,"Sinful ColoursNail Colour, Spice1 ea",$3.99
595,"LOreal ParisVoluminous Waterproof Mascara, Brown8 mL",$6.00
596,LOreal ParisLash Volume Mascara 8 mL,$6.00
597,LOreal ParisVoluminous 300 White Primer7 mL,$6.00
598,"LOreal ParisInfallible Super Slim Liquid Eyeliner, Black1 mL",$10.98
599,LOreal ParisTrue Match Lumi Healthy Luminous Makeup1 ea,$17.98
600,"Cover GirlUltra Matte Lipstick, High Roller1 ea",$7.98
601,MaybellineNew York Fit Me! Concealer 20 Sand6.80 mL,$5.98
602,"Cover GirlLashblast Mascara, Black13.10 mL",$6.98
603,"RevlonColorstay Eyeliner Pencil, Black1 ea",$9.98
604,"LOreal ParisVoluminous Mascara, Carbon Black8 mL",$6.00
605,"Cover GirlUltra Matte Lipstick, Real Thing1 ea",$7.98
606,"MaybellineUnstoppable Eyeliner, Waterproof & Smudge-Proof, Onyx1 ea",$7.98
607,"RevlonSo Fierce Mascara, Blackest Black1 ea",$7.98
608,"MaybellineGreat Lash Waterproof Mascara, Brown Black12.70 mL",$4.48
609,"MaybellineGreat Lash Waterproof Mascara, Very Black12.70 mL",$4.48
610,"MaybellineVolum' Express The Colossal Washable Mascara, Classic Black9.20 mL",$5.96
611,"MaybellineDream Fresh 8-In-1 Beauty Balm, Light Tint1 ea",$10.98
612,"MaybellineVolum' Express The Colossal Waterproof Mascara, Glam Black9.20 mL",$5.96
613,MaybellineInstant Age Rewind Concealer + Treatment 120 Light 6.0 ml6 mL,$12.98
614,"MaybellineLash Sensational Mascara, Very Black1 ea",$9.98
615,"LOreal ParisVoluminous Waterproof Mascara, Black8 mL",$6.00
616,"ElfStudio Face Primer, Poreless1 ea",$8.00
617,LOreal ParisInfallible Pro-Spray & Makeup Extender Setting Spray1 ea,$15.98
618,"MaybellineInstant Age Rewind Eraser, Neutralizer6 mL",$12.98
619,"Cover GirlPerfect Point Plus Eye Liner, Black Onyx0.23 g",$6.98
620,"LOreal ParisVoluminous Curved Brush Mascara, Black8 mL",$6.00
621,"Cover GirlLashblast Fusion Mascara, Very Black13.10 mL",$6.98
622,"Cover GirlLashblast Mascara, Very Black13.10 mL",$6.98
623,"LOreal ParisDouble Extend Beauty Tubes Mascara, Blackest Black6.20 mL",$13.98
624,"LOreal ParisVoluminous Curved Brush Mascara, Black Brown8 mL",$6.00
625,"Rimmel LondonLasting Finish Extreme Lipstick, Thirsty Bae1 ea",$8.98
626,LOreal ParisBrow Stylist Definer Ultra-Fine Tip Shaping Pencil 389 Brunette0.24 g,$12.98
627,"Cover GirlClean Oil Control, Pressed Powder, Puff Beige10 g",$6.98
628,"Cover GirlLashblast Volume Blasting Mascara, Very Black13.10 mL",$6.98
629,"MaybellineFit Me Matte Foundation, Classic Ivory1 ea",$5.98
630,"RevlonColorstay Eyeliner, Black-Brown1 ea",$9.98
631,"LOreal ParisInfallible Never Fail Eyeliner, Black1.14 g",$11.98
632,MaybellineLash Sensational Volumizing Mascara 253 Blackest Black1 ea,$9.98
633,LOreal ParisBrow Stylist Definer Ultra-Fine Tip Shaping Pencil 390 Dark Brunette0.24 g,$12.98
634,"RevlonPhotoReady Face Powder, Light Medium1 ea",$16.98
635,"Cover GirlPerfect Point Plus Eye Liner, Espresso0.23 g",$6.98
636,"MaybellineInstant Age Rewind Eraser Concealer, Fair6 mL",$12.98
637,"MaybellineEye Studio Brow Define + Fill Duo, Soft Brown0.10 mL",$10.98
638,"LOreal ParisTelescopic Mascara, Blackest Black1 ea",$11.98
639,"LOreal ParisTelescopic Mascara, Black1 ea",$11.98
640,"MaybellineGreat Lash Mascara, Very Black12.70 mL",$4.48
641,"MaybellineFit Me! Foundation, SPF 18, Classic Ivory30 mL",$5.98
642,"MaybellineFit Me Concealer, Fair6.80 mL",$5.98
643,MaybellineNew York Fit Me! Foundation 340 Cappuccino30 mL,$5.98
644,"LOreal ParisTelescopic Mascara, Carbon Black8 mL",$11.98
645,"LOreal ParisVoluminous Original Waterproof Mascara, Carbon Black8 mL",$6.00
646,MaybellineSuperstay Matte Ink Lip Founder5 mL,$11.98
647,MaybellineVolum' Express The Colossal Washable Mascara - Glam Black9.20 mL,$5.96
648,LOreal ParisVoluminous Original Bold Volume Building Mascara 305 Black8 mL,$6.00
649,"MaybellineGreat Lash Mascara, Blackest Black12.70 mL",$4.48
650,"Sinful ColoursNail Colour, Spice1 ea",$3.99
651,"LOreal ParisVoluminous Waterproof Mascara, Brown8 mL",$6.00
652,LOreal ParisLash Volume Mascara 8 mL,$6.00
653,LOreal ParisVoluminous 300 White Primer7 mL,$6.00
654,"LOreal ParisInfallible Super Slim Liquid Eyeliner, Black1 mL",$10.98
655,LOreal ParisTrue Match Lumi Healthy Luminous Makeup1 ea,$17.98
656,"Cover GirlUltra Matte Lipstick, High Roller1 ea",$7.98
657,MaybellineNew York Fit Me! Concealer 20 Sand6.80 mL,$5.98
658,"Cover GirlLashblast Mascara, Black13.10 mL",$6.98
659,"RevlonColorstay Eyeliner Pencil, Black1 ea",$9.98
660,"LOreal ParisVoluminous Mascara, Carbon Black8 mL",$6.00
661,"Cover GirlUltra Matte Lipstick, Real Thing1 ea",$7.98
662,"MaybellineUnstoppable Eyeliner, Waterproof & Smudge-Proof, Onyx1 ea",$7.98
663,"RevlonSo Fierce Mascara, Blackest Black1 ea",$7.98
664,"MaybellineGreat Lash Waterproof Mascara, Brown Black12.70 mL",$4.48
665,"MaybellineGreat Lash Waterproof Mascara, Very Black12.70 mL",$4.48
666,"MaybellineVolum' Express The Colossal Washable Mascara, Classic Black9.20 mL",$5.96
667,"MaybellineDream Fresh 8-In-1 Beauty Balm, Light Tint1 ea",$10.98
668,"MaybellineVolum' Express The Colossal Waterproof Mascara, Glam Black9.20 mL",$5.96
669,MaybellineInstant Age Rewind Concealer + Treatment 120 Light 6.0 ml6 mL,$12.98
670,"MaybellineLash Sensational Mascara, Very Black1 ea",$9.98
671,"LOreal ParisVoluminous Waterproof Mascara, Black8 mL",$6.00
672,"ElfStudio Face Primer, Poreless1 ea",$8.00
673,LOreal ParisInfallible Pro-Spray & Makeup Extender Setting Spray1 ea,$15.98
674,"MaybellineInstant Age Rewind Eraser, Neutralizer6 mL",$12.98
675,"Cover GirlPerfect Point Plus Eye Liner, Black Onyx0.23 g",$6.98
676,"LOreal ParisVoluminous Curved Brush Mascara, Black8 mL",$6.00
677,"Cover GirlLashblast Fusion Mascara, Very Black13.10 mL",$6.98
678,"Cover GirlLashblast Mascara, Very Black13.10 mL",$6.98
679,"LOreal ParisDouble Extend Beauty Tubes Mascara, Blackest Black6.20 mL",$13.98
680,"LOreal ParisVoluminous Curved Brush Mascara, Black Brown8 mL",$6.00
681,"Rimmel LondonLasting Finish Extreme Lipstick, Thirsty Bae1 ea",$8.98
682,LOreal ParisBrow Stylist Definer Ultra-Fine Tip Shaping Pencil 389 Brunette0.24 g,$12.98
683,"Cover GirlClean Oil Control, Pressed Powder, Puff Beige10 g",$6.98
684,"Joe Fresh StyleEyeshadow, Meteor1 ea",$2.94
685,"AnnabelleMatte Single Eyeshadow, Ivory 2252 ea",$4.98
686,"Joe Fresh StyleEyeshadow, Chmpgne1 ea",$2.94
687,"AnnabelleSatin Single Eyeshadow, Aura2 ea",$4.98
688,MaybellineThe Matte Bar Eye Shadow Palette1 ea,$12.98
689,Cover GirlLid Lock Up Eye Shadow Primer 100 Universal1 ea,$8.98
690,"AnnabelleSingle Eyeshadow, Metallic Turquoise1 ea",$4.98
691,"AnnabelleSatin Single Eyeshadow, Cloud 1212 ea",$4.98
692,"Joe Fresh StyleEyeshadow, Meteor1 ea",$2.94
693,"AnnabelleMatte Single Eyeshadow, Ivory 2252 ea",$4.98
694,"Joe Fresh StyleEyeshadow, Chmpgne1 ea",$2.94
695,"AnnabelleSatin Single Eyeshadow, Aura2 ea",$4.98
696,MaybellineThe Matte Bar Eye Shadow Palette1 ea,$12.98
697,Cover GirlLid Lock Up Eye Shadow Primer 100 Universal1 ea,$8.98
698,"AnnabelleSingle Eyeshadow, Metallic Turquoise1 ea",$4.98
699,"AnnabelleSatin Single Eyeshadow, Cloud 1212 ea",$4.98
700,"Joe Fresh StyleEyeshadow, Meteor1 ea",$2.94
701,"AnnabelleMatte Single Eyeshadow, Ivory 2252 ea",$4.98
702,"Joe Fresh StyleEyeshadow, Chmpgne1 ea",$2.94
703,"AnnabelleSatin Single Eyeshadow, Aura2 ea",$4.98
704,"Cover GirlLashblast Mascara, Black13.10 mL",$6.98
705,"Cover GirlLashblast Fusion Water Resistant Mascara, Black Brown13.10 mL",$6.98
706,"LOreal ParisTelescopic Mascara, Black1 ea",$11.98
707,"Cover GirlLashblast Volume Blasting Mascara, Very Black13.10 mL",$6.98
708,"Cover GirlLashblast Mascara, Black/Brown13.10 mL",$8.47
709,"LOreal ParisVoluminous Superstar Waterproof Mascara, Blackest Black12.70 mL",$12.98
710,LOreal ParisVoluminous Original Bold Volume Building Mascara 305 Black8 mL,$6.00
711,"LOreal ParisVoluminous Superstar Waterproof Mascara, Blackest Black12.70 mL",$12.98
712,"Cover GirlLashblast Fusion Mascara, Very Black13.10 mL",$6.98
713,Cover GirlCG EXH MASCARA NORTHERN BLACK1 ea,$8.98
714,Rimmel LondonWonderluxe Mascara Black1 ea,$9.98
715,"Cover GirlLashblast Mascara, Black13.10 mL",$6.98
716,"Cover GirlLashblast Fusion Water Resistant Mascara, Black Brown13.10 mL",$6.98
717,"LOreal ParisTelescopic Mascara, Black1 ea",$11.98
718,"Cover GirlLashblast Volume Blasting Mascara, Very Black13.10 mL",$6.98
719,"Cover GirlLashblast Mascara, Black/Brown13.10 mL",$8.47
720,"LOreal ParisVoluminous Superstar Waterproof Mascara, Blackest Black12.70 mL",$12.98
721,LOreal ParisVoluminous Original Bold Volume Building Mascara 305 Black8 mL,$6.00
722,"LOreal ParisVoluminous Superstar Waterproof Mascara, Blackest Black12.70 mL",$12.98
723,"Cover GirlLashblast Fusion Mascara, Very Black13.10 mL",$6.98
724,Cover GirlCG EXH MASCARA NORTHERN BLACK1 ea,$8.98
725,Rimmel LondonWonderluxe Mascara Black1 ea,$9.98
726,"Cover GirlLashblast Mascara, Black13.10 mL",$6.98
727,"Cover GirlLashblast Fusion Water Resistant Mascara, Black Brown13.10 mL",$6.98
728,"LOreal ParisTelescopic Mascara, Black1 ea",$11.98
729,"Cover GirlLashblast Volume Blasting Mascara, Very Black13.10 mL",$6.98
730,Cover GirlEyeliner Amber Intensity1 ea,$9.98
731,"Cover GirlEyeliner Ink, Gray All Day1 ea",$9.98
732,LOreal ParisInfallible Never Fail Mechanical Eyeliner Original 521 Slate1.14 g,$11.98
733,LOreal ParisInfallible Never Fail Mechanical Eyeliner Original 541 Navy1.14 g,$11.98
734,"Cover GirlEyeliner Ink, Black1 ea",$9.98
735,Cover GirlGet In Line Liquid Liner 325 Black Vinyl1 ea,$9.98
736,Cover GirlEyeliner Amber Intensity1 ea,$9.98
737,"Cover GirlEyeliner Ink, Gray All Day1 ea",$9.98
738,LOreal ParisInfallible Never Fail Mechanical Eyeliner Original 521 Slate1.14 g,$11.98
739,LOreal ParisInfallible Never Fail Mechanical Eyeliner Original 541 Navy1.14 g,$11.98
740,"Cover GirlEyeliner Ink, Black1 ea",$9.98
741,Cover GirlGet In Line Liquid Liner 325 Black Vinyl1 ea,$9.98
742,Cover GirlEyeliner Amber Intensity1 ea,$9.98
743,"Cover GirlEyeliner Ink, Gray All Day1 ea",$9.98
744,LOreal ParisInfallible Never Fail Mechanical Eyeliner Original 521 Slate1.14 g,$11.98
745,LOreal ParisInfallible Never Fail Mechanical Eyeliner Original 541 Navy1.14 g,$11.98
746,RevlonSuper Lustrous Lipstick Pearl 657 Fuchsia Fusion1 ea,$5.98
747,"MilaniColor Statement Lipstick, Pink Frost1 ea",$6.99
748,RevlonRevlonUltra HD Matte Lipcolor 660 HD Romance 5.9 ml1 ea,$9.98
749,RevlonSuper Lustrous Lip Gloss 207 Sky Pink1 ea,$5.98
750,"Cover GirlColorlicious Lipstick, Caramel Kiss 2403.50 g",$7.98
751,RevlonSuper Lustrous Lip Gloss 247 Desert Spice1 ea,$5.98
752,"MilaniColor Statement Lipstick, Nude Crème1 ea",$6.99
753,RevlonSuper Lustrous Lipstick Pearl 205 Champagne on Ice1 ea,$5.98
754,RevlonSuper Lustrous Lip Gloss 243 Solar Coral1 ea,$5.98
755,"MilaniColor Statement Lipstick, Naturally Chic1 ea",$6.99
756,RevlonSuper Lustrous Lipstick Crème 440 Cherries in the Snow1 ea,$5.98
757,RevlonSuper Lustrous Lipstick Crème 535 Rum Raisin1 ea,$5.98
758,RevlonSuper Lustrous Lipstick Crème 654 Ravish Me Red1 ea,$5.98
759,RevlonSuper Lustrous Lipstick Pearl 420 Blushed1 ea,$5.98
760,RevlonSuper Lustrous Lipstick Pearl 103 Caramel Glace1 ea,$5.98
761,RevlonSuper Lustrous Lipstick Crème 463 Sassy Mauve1 ea,$5.98
762,"Rimmel LondonKate Moss, Lipstick, 41 Nude1 ea",$6.98
763,RevlonSuper Lustrous Lipstick Pearl 457 Wild Orchid1 ea,$5.98
764,"RevlonUltra HD Matte LipColor, Forever1 ea",$9.98
765,RevlonUltra HD Matte Lipcolor 655 HD Kisses1 ea,$9.98
766,RevlonSuper Lustrous Lip Gloss 255 Sandstorm1 ea,$5.98
767,RevlonSuper Lustrous Lipstick Pearl 657 Fuchsia Fusion1 ea,$5.98
768,"MilaniColor Statement Lipstick, Pink Frost1 ea",$6.99
769,RevlonRevlonUltra HD Matte Lipcolor 660 HD Romance 5.9 ml1 ea,$9.98
770,RevlonSuper Lustrous Lip Gloss 207 Sky Pink1 ea,$5.98
771,"Cover GirlColorlicious Lipstick, Caramel Kiss 2403.50 g",$7.98
772,RevlonSuper Lustrous Lip Gloss 247 Desert Spice1 ea,$5.98
773,"MilaniColor Statement Lipstick, Nude Crème1 ea",$6.99
774,RevlonSuper Lustrous Lipstick Pearl 205 Champagne on Ice1 ea,$5.98
775,RevlonSuper Lustrous Lip Gloss 243 Solar Coral1 ea,$5.98
776,"MilaniColor Statement Lipstick, Naturally Chic1 ea",$6.99
777,RevlonSuper Lustrous Lipstick Crème 440 Cherries in the Snow1 ea,$5.98
778,RevlonSuper Lustrous Lipstick Crème 535 Rum Raisin1 ea,$5.98
779,RevlonSuper Lustrous Lipstick Crème 654 Ravish Me Red1 ea,$5.98
780,RevlonSuper Lustrous Lipstick Pearl 420 Blushed1 ea,$5.98
781,RevlonSuper Lustrous Lipstick Pearl 103 Caramel Glace1 ea,$5.98
782,RevlonSuper Lustrous Lipstick Crème 463 Sassy Mauve1 ea,$5.98
783,"Rimmel LondonKate Moss, Lipstick, 41 Nude1 ea",$6.98
784,RevlonSuper Lustrous Lipstick Pearl 457 Wild Orchid1 ea,$5.98
785,"RevlonUltra HD Matte LipColor, Forever1 ea",$9.98
786,RevlonUltra HD Matte Lipcolor 655 HD Kisses1 ea,$9.98
787,RevlonSuper Lustrous Lip Gloss 255 Sandstorm1 ea,$5.98
788,RevlonSuper Lustrous Lipstick Pearl 657 Fuchsia Fusion1 ea,$5.98
789,"MilaniColor Statement Lipstick, Pink Frost1 ea",$6.99
790,RevlonRevlonUltra HD Matte Lipcolor 660 HD Romance 5.9 ml1 ea,$9.98
791,RevlonSuper Lustrous Lip Gloss 207 Sky Pink1 ea,$5.98
792,"MilaniColor Statement Lip Liner, Bordeaux1 ea",$3.98
793,"LOreal ParisColour Riche Lip Liner, Lasting Plum1 ea",$7.98
794,"AnnabelleLipliner, Cherry1 ea",$5.98
795,LOreal ParisColour Riche Anti-Feathering Lip Liner 781 Nudes For Life1 ea,$7.98
796,LOreal ParisColour Riche Anti-Feathering Lip Liner 780 au Naturale1 ea,$7.98
797,"MilaniColor Statement Lip Liner, Bordeaux1 ea",$3.98
798,"LOreal ParisColour Riche Lip Liner, Lasting Plum1 ea",$7.98
799,"AnnabelleLipliner, Cherry1 ea",$5.98
800,LOreal ParisColour Riche Anti-Feathering Lip Liner 781 Nudes For Life1 ea,$7.98
801,LOreal ParisColour Riche Anti-Feathering Lip Liner 780 au Naturale1 ea,$7.98
802,"MilaniColor Statement Lip Liner, Bordeaux1 ea",$3.98
803,"LOreal ParisColour Riche Lip Liner, Lasting Plum1 ea",$7.98
804,"AnnabelleLipliner, Cherry1 ea",$5.98
805,LOreal ParisColour Riche Anti-Feathering Lip Liner 781 Nudes For Life1 ea,$7.98
806,"RevlonPowder Blush, Oh Baby Pink1 ea",$9.98
807,"Cover GirlCheekers Blush, Soft Sable3.40 g",$2.84
808,"MilaniBaked Blush, Berry Amore1 ea",$6.38
809,RevlonPowder Blush 003 Mauvelous 5.0 g1 ea,$9.98
810,"MilaniBaked Blush, Luminoso1 ea",$6.38
811,LOreal ParisTrue Match Super-Blendable Warm Blush W3-4 Barely Blushing 6.0 g1 ea,$15.98
812,"MilaniRose Powder Blush, Romantic Rose1 ea",$6.38
813,"LOreal ParisTrue Match Blush, Tender Rose1 ea",$15.98
814,"Cover GirlCheekers Blush, Classic Pink3.40 g",$2.84
815,"MilaniBaked Blush, Dolce Pink1 ea",$6.38
816,"MilaniBaked Blush, Rose Doro1 ea",$6.38
817,LOreal ParisTrue Match Super-Blendable Cool Blush C1-2 Baby Blossoms 6.0 g1 ea,$15.98
818,"RevlonPowder Blush, Naughty Nude1 ea",$9.98
819,AnnabelleBlush #32 Pronto1 ea,$6.98
820,"RevlonPowder Blush, Oh Baby Pink1 ea",$9.98
821,"Cover GirlCheekers Blush, Soft Sable3.40 g",$2.84
822,"MilaniBaked Blush, Berry Amore1 ea",$6.38
823,RevlonPowder Blush 003 Mauvelous 5.0 g1 ea,$9.98
824,"MilaniBaked Blush, Luminoso1 ea",$6.38
825,LOreal ParisTrue Match Super-Blendable Warm Blush W3-4 Barely Blushing 6.0 g1 ea,$15.98
826,"MilaniRose Powder Blush, Romantic Rose1 ea",$6.38
827,"LOreal ParisTrue Match Blush, Tender Rose1 ea",$15.98
828,"Cover GirlCheekers Blush, Classic Pink3.40 g",$2.84
829,"MilaniBaked Blush, Dolce Pink1 ea",$6.38
830,"MilaniBaked Blush, Rose Doro1 ea",$6.38
831,LOreal ParisTrue Match Super-Blendable Cool Blush C1-2 Baby Blossoms 6.0 g1 ea,$15.98
832,"RevlonPowder Blush, Naughty Nude1 ea",$9.98
833,AnnabelleBlush #32 Pronto1 ea,$6.98
834,"RevlonPowder Blush, Oh Baby Pink1 ea",$9.98
835,"Cover GirlCheekers Blush, Soft Sable3.40 g",$2.84
836,"MilaniBaked Blush, Berry Amore1 ea",$6.38
837,RevlonPowder Blush 003 Mauvelous 5.0 g1 ea,$9.98
838,"LOreal ParisInfallible Fresh Wear Foundation, Porcelain30 mL",$19.98
839,"MaybellineFit Me! Foundation, SPF 18, Nude Beige30 mL",$5.98
840,MaybellineDream Matte Mousse Porcelain Ivory Light 1 Foundation15 g,$12.98
841,MaybellineNew York Fit Me! Hydrate + Smooth Foundation 225 Medium Buff SPF 1830 mL,$5.98
842,MaybellineMaybelline New York Dream Matte Mousse Nude Light 4 Foundation15 g,$12.98
843,"LOreal ParisInfallible Fresh Wear Foundation, Natural30 mL",$19.98
844,"Joe Fresh StyleFoundation Stck, Sand1 ea",$6.94
845,"ElfStudio Flawless Finish Foundation, Sand23 g",$8.00
846,MaybellineNew York Fit Me! Hydrate+Smooth Foundation 220 Natural Beige SPF 1830 mL,$5.98
847,Cover GirlAqua CG Smoothers Makeup 750 Creamy Beige30 mL,$7.98
848,MaybellineFit Me! Hydrate+Smooth Foundation 210 Sandy Beige SPF 1830 mL,$5.98
849,MaybellineDream Matte Mousse Pure Beige Medium 2 Foundation15 g,$12.98
850,MaybellineDream Matte Mousse Classic Ivory Light 2 Foundation15 g,$12.98
851,"MaybellineFit Me! Foundation, SPF 18, Classic Ivory30 mL",$5.98
852,"LOreal ParisInfallible Fresh Wear Foundation, Porcelain30 mL",$19.98
853,"MaybellineFit Me! Foundation, SPF 18, Nude Beige30 mL",$5.98
854,MaybellineDream Matte Mousse Porcelain Ivory Light 1 Foundation15 g,$12.98
855,MaybellineNew York Fit Me! Hydrate + Smooth Foundation 225 Medium Buff SPF 1830 mL,$5.98
856,MaybellineMaybelline New York Dream Matte Mousse Nude Light 4 Foundation15 g,$12.98
857,"LOreal ParisInfallible Fresh Wear Foundation, Natural30 mL",$19.98
858,"Joe Fresh StyleFoundation Stck, Sand1 ea",$6.94
859,"ElfStudio Flawless Finish Foundation, Sand23 g",$8.00
860,MaybellineNew York Fit Me! Hydrate+Smooth Foundation 220 Natural Beige SPF 1830 mL,$5.98
861,Cover GirlAqua CG Smoothers Makeup 750 Creamy Beige30 mL,$7.98
862,MaybellineFit Me! Hydrate+Smooth Foundation 210 Sandy Beige SPF 1830 mL,$5.98
863,MaybellineDream Matte Mousse Pure Beige Medium 2 Foundation15 g,$12.98
864,MaybellineDream Matte Mousse Classic Ivory Light 2 Foundation15 g,$12.98
865,"MaybellineFit Me! Foundation, SPF 18, Classic Ivory30 mL",$5.98
866,"LOreal ParisInfallible Fresh Wear Foundation, Porcelain30 mL",$19.98
867,"MaybellineFit Me! Foundation, SPF 18, Nude Beige30 mL",$5.98
868,MaybellineDream Matte Mousse Porcelain Ivory Light 1 Foundation15 g,$12.98
869,MaybellineNew York Fit Me! Hydrate + Smooth Foundation 225 Medium Buff SPF 1830 mL,$5.98
870,"RevlonPhotoready Concealer, 004 Medium1 ea",$11.98
871,"AlmaySmart Shade Concealer, Light/Medium1 ea",$10.49
872,"Cover GirlInvisible Concealer, Fair1 ea",$8.98
873,RevlonPhotoready Concealer Stick 001 Fair1 ea,$11.98
874,MarcelleFlawless Concealer Light to Medium5.60 mL,$10.98
875,"AlmaySmart Shade Concealer, Pale1 ea",$10.49
876,"RevlonPhotoready Concealer, 004 Medium1 ea",$11.98
877,"AlmaySmart Shade Concealer, Light/Medium1 ea",$10.49
878,"Cover GirlInvisible Concealer, Fair1 ea",$8.98
879,RevlonPhotoready Concealer Stick 001 Fair1 ea,$11.98
880,MarcelleFlawless Concealer Light to Medium5.60 mL,$10.98
881,"AlmaySmart Shade Concealer, Pale1 ea",$10.49
882,"RevlonPhotoready Concealer, 004 Medium1 ea",$11.98
883,"AlmaySmart Shade Concealer, Light/Medium1 ea",$10.49
884,"Cover GirlInvisible Concealer, Fair1 ea",$8.98
885,RevlonPhotoready Concealer Stick 001 Fair1 ea,$11.98
886,"EssieNail Lacquer, Eternal Optimist13.50 mL",$8.99
887,"EssieNail Color, Ladylike1 ea",$9.99
888,"RevlonNail Enamel, Clear1 ea",$3.98
889,"Sally HansenComplete Salon Manicure Nail Polish, Clear'd for Takeoff14.70 mL",$9.99
890,"EssieNail Lacquer, Blanc13.50 mL",$8.99
891,"Sally HansenInsta-Dri Nail Polish, Petal Pusher1 ea",$4.99
892,"EssieNail Lacquer, Lilcism13.50 mL",$8.99
893,"EssieNail Color, Bikini So Teeny1 ea",$9.99
894,"RevlonColorstay Gel Envy Nail Enamel, Top Coat1 ea",$8.99
895,"Sinful ColoursSinfulColors, Clear Coat Nail Polish1 ea",$1.99
896,"RevlonClassic Nail, Amethyst Smoke1 ea",$3.98
897,"Sally HansenInsta-Dri Nail Polish, Clearly Quick1 ea",$4.99
898,Sally HansenMiracle Gel Coat Activator Nail Colour1 ea,$12.99
899,"EssieNail Lacquer, Ballet Slippers13.50 mL",$8.99
900,EssieNail Color 00 Top Coat13.50 mL,$10.98
901,"Sally HansenInsta-Dri Nail Polish, Pink Blink1 ea",$4.99
902,"EssieNail Lacquer, Eternal Optimist13.50 mL",$8.99
903,"EssieNail Color, Ladylike1 ea",$9.99
904,"RevlonNail Enamel, Clear1 ea",$3.98
905,"Sally HansenComplete Salon Manicure Nail Polish, Clear'd for Takeoff14.70 mL",$9.99
906,"EssieNail Lacquer, Blanc13.50 mL",$8.99
907,"Sally HansenInsta-Dri Nail Polish, Petal Pusher1 ea",$4.99
908,"EssieNail Lacquer, Lilcism13.50 mL",$8.99
909,"EssieNail Color, Bikini So Teeny1 ea",$9.99
910,"RevlonColorstay Gel Envy Nail Enamel, Top Coat1 ea",$8.99
911,"Sinful ColoursSinfulColors, Clear Coat Nail Polish1 ea",$1.99
912,"RevlonClassic Nail, Amethyst Smoke1 ea",$3.98
913,"Sally HansenInsta-Dri Nail Polish, Clearly Quick1 ea",$4.99
914,Sally HansenMiracle Gel Coat Activator Nail Colour1 ea,$12.99
915,"EssieNail Lacquer, Ballet Slippers13.50 mL",$8.99
916,EssieNail Color 00 Top Coat13.50 mL,$10.98
917,"Sally HansenInsta-Dri Nail Polish, Pink Blink1 ea",$4.99
918,"EssieNail Lacquer, Eternal Optimist13.50 mL",$8.99
919,"EssieNail Color, Ladylike1 ea",$9.99
920,"RevlonNail Enamel, Clear1 ea",$3.98
921,"Sally HansenComplete Salon Manicure Nail Polish, Clear'd for Takeoff14.70 mL",$9.99
922,NiveaSOS Repair & Care Body Lotion625 mL,$8.98
923,"Johnson & JohnsonBaby Oil, Trial Size88 mL",$1.98
924,NiveaCrème Tin30 mL,$1.48
925,Crate 61 All Natural Lemongrass110 g,$3.98
926,NiveaExtra Nourishing Body Milk625 mL,$8.98
927,AveenoUltra Calming Make Up Remover Wipes25 ea,$10.48
928,"ColgateMaxFresh Mint Fusion Toothpaste, Knockout150 mL",$4.50
929,"GilletteSeries Shave Gel, Sensitive198 g",$2.68
930,"ColgateKids Power Manual Toothbrush, PJ Masks1 ea",$6.58
931,Oral BToothbrush Refills Power Set3 ea,$34.98
932,"NeutrogenaHealthy Defense, Daily Moisturizer, SPF 4550 mL",$14.48
933,GilletteGILLETTE FUS5 MANUAL BILLBOARD8 ea,$29.98
934,VaselineMen Repairing Moisture Non-Greasy Lotion600 mL,$6.78
935,Thursday Plantation100% Pure Tea Tree Oil10 mL,$7.98
936,"DoveDry Spray Antiperspirant, Beauty Finish107 g",$4.98
937,Tonymoly3-Step Nose Patch6 g,$3.49
938,Clean & ClearEssentials Foaming Facial Cleanser235 mL,$7.48
939,DoveDeodorant Coconut+Pink Jasmine74 g,$4.98
940,ColgateMaxFresh Anticavity Fluoride Toothpaste Mint Fusion52 mL,$1.48
941,Bull DogOriginal Face Wash150 mL,$9.48
942,NeutrogenaHydro Boost Gel Cream47 mL,$21.99
943,Life BrandExfoliating Facial Wipes 112 ea,$8.00
944,AveenoClear Complexion Cream Cleanser141 g,$10.98
945,GilletteSeries 3x Action Sensitive Shave Gel70 g,$2.48
946,"OlayBody Wash, Cooling White Strawberry & Mint650 mL",$8.48
947,PearsPure and Gentle Body Wash Lemon Flower500 mL,$4.98
948,C.Booth Walnut Body Scrub Cleanser473 mL,$9.99
949,Live CleanFoaming Hand Wash White Tea and Cherry400 mL,$4.18
950,AveenoRepairing Cica Foot Mask 2 Single-Use Slippers 1 Pair1 ea,$4.00
951,DoveGo Fresh Revive Body Wash Pomegranate & Lemon Verbena Scent354 mL,$2.98
952,Exact8 Symptom Relief Eye Drops15 mL,$6.98
953,Desert EssenceTropical Breeze Deodorant70 mL,$7.98
954,"LubridermDay Moisture Lotion with Shea & Enriching Cocoa Butter, Normal to Dry Skin480 mL",$8.28
955,CarmexCarmex Classic Lip Balm4.25 g,$2.28
956,"Burt's beesTinted Lip Balm, Sweet Violet4.25 g",$5.98
957,"It's SkinMacaron Lip Balm, Green Apple9 g",$9.99
958,"Oral B3D White Pulsar Toothbrush, Medium1 ea",$8.50
959,MijinMinjin Foot Care Pack1 ea,$3.00
960,Life BrandTampon Opal Super36 ea,$7.48
961,CrestStages Kid's Toothpaste featuring Disney Pixar's Finding Dory100 mL,$2.88
962,"It's SkinMacaron Lip Balm, Strawberry9 g",$9.99
963,Udderly SmoothSkin Moisturizer340 g,$7.48
964,Seventh GenerationFree & Clean Fragrance Free Natural Hand Wash354 mL,$4.58
965,AveenoSkin Relief 24-Hour Moisturizing Lotion354 mL,$9.98
966,"OlayRegenerist Micro-Sculpting Cream Face Moisturizer with SPF 30 Broad Spectrum, 50 ml50 mL",$36.98
967,Sukin Facial Masque Purifying100 mL,$11.98
968,"DialBody Wash, Spring Water    473 mL",$4.98
969,InnisfreeVolcanic Pore Scrub Foam150 mL,$14.99
970,Adult Glycerin48 ea,$11.28
971,FridaBaby Smile Frida Baby Bath Brush1 ea,$12.98
972,BetadineBetadine Antiseptic Cream15 g,$9.98
973,"ReactineExtra Strength, Non-Drowsy3 ea",$5.48
974,Compound WGel for Warts7 g,$9.98
975,VCFVaginal Contraceptive Film9 ea,$15.48
976,ExactLatex Free Clear Waterproof Bandage30 ea,$3.98
977,Olive Oil Ear Spray1 ea,$11.98
978,ExactPlantar Fasciitis Gel Arch Sleeves1 ea,$16.98
979,"Buckley'sComplete Liquid Gels Mucous Relief, Day/Night24 ea",$12.48
980,ArnicaIce Spray150 mL,$9.48
981,TrojanHot Spot Vibrating Ring1 ea,$10.48
982,"ExactFlexible Fabric Bandages, Extra Large10 ea",$3.98
983,uSwim Nose Clip1 ea,$3.48
984,Dr SchollsOdour Destroyers Spray Powder133 g,$8.78
985,ExactProtective Foot Padding2 ea,$3.98
986,"Dr SchollsTri-Comfort  Orthotics, Women's1 ea",$18.98
987,"AdvilChildren's Fever, Colds or Flu100 mL",$7.28
988,"ExactRolled Gauze, 3 Inch3.74 M",$2.48
989,Compound WNitrofreeze App Spray6 ea,$42.99
990,BoironArnicare Cream70 g,$15.98
991,uMedPlan Bubble Look Ultra Planner1 ea,$2.98
992,TrojanHer Pleasure Intense Climax10 ea,$10.48
993,EucerinComplete Foot Repair Foot Creme Fragrance-Free85 mL,$11.99
994,"TrojanThin, Value Pack36 ea",$19.98
995,Cold Drips Cough & Cold Liquids2.80 mL,$9.98
996,uCare Nasal Aspirateur1 ea,$3.98
997,"Antibacterial Medicated Throat Lozenges, Cherry16 ea",$3.48
998,"Pepto-BismolCaplets for Nausea, Heartburn, Indigestion, Upset Stomach, and Diarrhea Relief24 ea",$7.98
999,ProTectis Probiotic Drops5 mL,$31.98
1000,"HonibeHoney Lozenges, Cherry10 ea",$4.28
1001,Magic BagRegular Pad1 ea,$26.98
1002,"SalonPasPain Relief Patches, Large4 ea",$5.28
1003,RhinarisNasal Gel30 mL,$7.48
1004,"AdvilPediatric Drops, Grape24 mL",$8.98
1005,PoiseImpressa Bladder Supports Size 2 10 Count10 ea,$15.98
1006,"Russell StoverStarlight Kisses, Mint150 g",$3.28
1007,Deep ReliefDeep Relief Cold Gel255 g,$8.48
1008,HerbionCough Lozenges Orange25 ea,$4.98
1009,uHealth Latex Finger Cots24 ea,$3.98
1010,"GavisconSoothing Liquid, Icy Mint340 mL",$10.48
1011,"TenaUltimate Underwear, Large13 ea",$14.97
1012,"DependsUnderwear For Men, Max Absorption Large17 ea",$14.97
1013,Band-AidDisney Princess20 ea,$4.78
1014,VicksBabyRub Soothing Aroma Ointment57 mL,$5.48
1015,PedialyteUnflavoured1 L,$9.98
1016,LifestylesSkyn Excite Sensual Gel15 mL,$9.98
1017,"NicodermClear Patch, Step 37 ea",$30.98
1018,Manitoba HarvestHemp Yeah! Drink Mix Organic Vanilla454 g,$24.98
1019,ExactOmega 3 Elite200 ea,$23.98
1020,Raw Organic Chocolate Protein Powder664 g,$57.48
1021,"AscentaNutraSea hp EPA Omega-3 Supplement, Zesty Lemon200 mL",$44.98
1022,JamiesonCollagen Turmeric Complex60 ea,$14.48
1023,Nature's WayHorny Goat Weed Capsules60 ea,$26.98
1024,Boomer NutritionNaturally Flavored Vanilla Protein Energy680 g,$29.98
1025,"ExactFolic Acid, 1000mcg365 ea",$12.98
1026,JamiesonB12 Vitamin150 ea,$18.98
1027,JamiesonSalmon & Fish Oils Omega-3 Complex200 ea,$12.88
1028,North Coast NaturalsOrganic Brown Rice Protein340 g,$17.48
1029,ExactChromium Picolinate100 ea,$6.98
1030,"PrecisionAll Natural Whey Protein, Natural850 g",$44.48
1031,Garden of Life All-in-One Nutritional Shake Chocolate Cocoa Powder1.02 g,$66.98
1032,New ChapterOrganic Every Woman's One Daily 40+72 ea,$59.98
1033,HydroxycutHardcore60 ea,$32.98
1034,"ClifBuilder's Bar, Peanut Butter68 g",$1.98
1035,Gummies for Adults: Vegan D3 & B1290 ea,$15.98
1036,"JamiesonFolic Acid, 0.4mg200 ea",$6.49
1037,Webber NaturalsApple Cider Vinegar Capsules240 ea,$13.48
1038,Webber NaturalsOsteo Joint Ease For Chronic Pain120 ea,$28.98
1039,Bio K+Fermented Soy Probiotic6x98g,$25.98
1040,"JamiesonVitamin C 500mg, Timed Release100 ea",$12.48
1041,"Well Told Health, Energy, 500mg/capsule (62 each)62 ea",$29.98
1042,"ProgressiveVegeGreens Food Supplement, Original510 g",$69.48
1043,JamiesonGlucosamine Sulphate360 ea,$21.98
1044,SisuVitamin C Plus D Tablets120 ea,$10.98
1045,JamiesonVitamin A & D100 ea,$7.48
1046,AscentaNutraSea hp Omega-3120 ea,$45.98
1047,"QuestProtein Bar, Oatmeal Chocolate Chip60 g",$3.98
1048,PGXPGX Daily150 ea,$38.98
1049,IronTherapy 60 Delayed Release Capsules60 ea,$37.98
1050,JamiesonCalcium Citrate with Vitamin D3120 ea,$13.48
1051,New ChapterOrganic Every Woman's One Daily 40+96 ea,$62.98
1052,Webber NaturalsGlucosamine Sulfate250 ea,$25.98
1053,IronVeganSprouted Protein Natural Vanilla Protein Drink Mix1 kg,$64.98
1054,Lil CrittersOmega 3 Vitamins120 ea,$15.98
1055,Orange NaturalsORNA MAGNESIUM GLYCINATE180 ea,$42.98
1056,Sundown NaturalsVitamin D3 1000 IU 100 Softgels100 ea,$10.99
1057,Beauty Burst Soft Chews60 ea,$29.98
1058,JamiesonNatural Honey Lemon Chewable Cold Fighter 30 Chewable Tablets30 ea,$13.98
1059,Nature's TruthEssential Oils Mini Diffuser1 ea,$18.49
1060,Organic Maca400 g,$32.98
1061,"Vegan Protein, Vanilla840 g",$34.99
1062,Platinum NaturalsEasymulti Multivitamin120 ea,$43.98
1063,JamiesonCod Liver Oil100 ea,$8.48
1064,"Webber NaturalsOmega-3, Triple Strength80 ea",$19.98
1065,New ChapterNew Chapter Wholemega Whole Fish Oil Capsules120 ea,$46.98
1066,Moj Moj Plush1 ea,$18.98
1067,SharpieAssorted Pens6x1ea,$10.98
1068,"Life at HomeDrylon Bath Rug, White1 ea",$17.98
1069,L.O.L. Surprise! O.M.G. Doll with 20 Surprises1 ea,$39.98
1070,Glass Mixing Bowl1 ea,$5.28
1071,"Post itNotes, Canary1 ea",$9.98
1072,Gorilla Epoxy25 mL,$8.98
1073,"RubbermaidRoughneck Tote, 37.9L1 ea",$12.98
1074,8 Finger Traps1 ea,$2.00
1075,Foil Stamp Gold Plate8x1ea,$2.25
1076,"ZiplocFood Containers, Square Extra Small1 ea",$5.48
1077,CanonCANON CL-244 COLOUR INK1 ea,$29.98
1078,Tera GearSolar Flamingo Stake Light1 ea,$14.00
1079,Better LivingBetter Living Nickel Toilet Caddy1 ea,$29.98
1080,"Life at HomeUnscented Pillar Candle, Ivy1 ea",$10.98
1081,VtechSafe & Sounds Smart Driver English1 ea,$19.98
1082,Tera GearSling Sun Lounger1 ea,$99.00
1083,Gorilla Super Glue Gel 20g20 g,$7.98
1084,"Plastic Tablecover, Rectangular, Unicorn1 ea",$3.00
1085,RubbermaidHydration Chug Bottle 20oz1 ea,$7.48
1086,"1  Gold ""2""1 ea",$6.00
1087,CuisinartCuisinart 5-in-1 Griddler1 ea,$114.98
1088,President's ChoiceShot Glass 6-Pack1 ea,$7.98
1089,Life at HomeHight Back Cushion Grey Geo1 ea,$39.00
1090,"Everyday Essentials2-Tone Small Mixing Bowl, Orange1 ea",$3.68
1091,CorningwarePop-ins Mug1 ea,$11.48
1092,"BritaFaucet Filter Complete System, Chrome1 ea",$41.98
1093,President's ChoiceMelody Highball Glasses520 mL,$9.98
1094,President's ChoiceSolid Turner1 ea,$8.98
1095,"Blue Recycle Bin, 42L1 ea",$10.48
1096,"Everyday EssentialsScented Jar Candle, Caramel 3 oz1 ea",$2.28
1097,3MScotch 40 Bumpers 12.7 mm1 ea,$7.98
1098,"Bowl, 21oz, Small1 ea",$3.50
1099,"Unique20 Hot Pink Round 7""  Plates1 ea",$1.25
1100,"Everyday EssentialsPizza Pan and Crisper, 12 in1 ea",$5.48
1101,"3MClear Hooks, Medium2x12ea",$3.98
1102,Tera GearSoft Handle Spatula1 ea,$5.00
1103,"Life at HomeRush Basket, Medium1 ea",$14.98
1104,President's ChoiceCan Opener with Stainless Steel Blade1 ea,$11.98
1105,"Tera GearSeat Pad, Blue Floral1 ea",$5.00
1106,"SnapwareTotal Solution Round Glass Container, 4 Cup1 ea",$7.98
1107,Mr SketchScented Markers12x1ea,$10.78
1108,DanescoMa Maison Mini Tongs1 ea,$1.98
1109,"11.5""Square Square Tray Clear1 ea",$2.00
1110,PROformance 1 Quart Water Jug1 ea,$10.00
1111,"President's ChoiceRectangle Container, 1600mL1 ea",$7.28
1112,"Tera GearPlush Cushion, Red Paisley1 ea",$34.00
1113,"Lunch Napkins, 3 piece, Bermuda Black Foil Stamp16x1ea",$2.25
1114,Celery Hearts2 Pack,$3.48
1115,Farmer's MarketMini Cucumbers6 Pack,$3.98
1116,PC OrganicsGrape Tomatoes255 g,$3.48
1117,"Avocado, 5/6-Count1 ea",$2.98
1118,Farmer's MarketMini Cucumbers1 kg,$5.00
1119,Organic English Cucumber1 ea,$2.48
1120,Brussels Sprouts,$0.44
1121,Sweet Green Peppers,$1.84
1122,Pink Lady Apples,$0.92
1123,Red Grapefruit1 ea,$1.28
1124,"President's ChoiceCremini Mushrooms, Sliced227 g",$2.48
1125,Organic Blueberries0.50 pint,$5.98
1126,"Navel Orange, Medium",$1.49
1127,Farmer's MarketMcIntosh Apples4 lb bag,$5.98
1128,Pineapple1 ea,$3.48
1129,Yellow Potatoes,$0.98
1130,Yellow Peaches,$1.31
1131,Lettuce Iceberg1 ea,$2.98
1132,"Pineapple, Large1 ea",$2.99
1133,Strawberries 1 LB454 g,$3.98
1134,Farmer's MarketWhite Potatoes/Russet 10LB10 lb bag,$3.98
1135,President's ChoiceMandarin Oranges2 lb bag,$4.98
1136,Tomato on the Vine Red,$5.45
1137,President's ChoicePlumcots,$0.72
1138,Cantaloupe1 ea,$1.98
1139,Green Cabbage,$2.52
1140,Roma Tomatoes,$0.79
1141,Red Onion,$1.62
1142,Farmer's MarketLemons2 g,$4.98
1143,Ambrosia Apples,$1.20
1144,Blackberries1 pint,$4.98
1145,Red Leaf Lettuce1 ea,$2.48
1146,"Bi-Colour Corn, Corn on the Cob1 ea",$0.58
1147,Blueberries0.50 pint,$3.98
1148,Farmer's MarketRed Potatoes10 lb bag,$5.98
1149,SunRidge FarmsRomaine Hearts6 Pack,$6.98
1150,Cilantro1 ea,$1.48
1151,Villagio Marzano Tomatoes681 g,$6.98
1152,Strawberries2 ea,$5.98
1153,Romaine Heart 3 pk3 Pack,$4.98
1154,Asparagus,$3.88
1155,Kale1 ea,$2.48
1156,"Greenhouse Peppers, Yellow",$2.19
1157,Bosc Pears,$1.20
1158,Yellow Asian Pears,$1.75
1159,Spanish Onion,$1.44
1160,PC OrganicsCarrots2 lb bag,$2.48
1161,Blackberries 1/2 Pint0.50 pint,$3.98
1162,Spaghetti Squash,$4.11
1163,PC OrganicsOrganic Clementines2 lb bag,$5.98
1164,No NameNaturally Imperfect Peppers1.11 kg,$5.98
1165,White Potatoes,$1.57
1166,Hass Avocado1 ea,$1.68
1167,Green Beans,$0.27
1168,Organic Red Tomato on the Vine,$7.91
1169,McIntosh Apples,$0.87
1170,President's ChoiceGreen Beans340 g,$4.48
1171,No NameAvocados (Bag)1.36 kg,$6.98
1172,Farmer's MarketYellow Onions3 lb bag,$2.48
1173,Romaine Lettuce1 ea,$2.98
1174,Dragon Fruit1 ea,$1.98
1175,President's ChoiceEasy To Peel Orri Mandarin Oranges907 g,$4.98
1176,Anjou Pears,$1.31
1177,President's ChoiceWhite Mushrooms454 g,$3.28
1178,President's ChoiceBlood Oranges907 g,$4.98
1179,"Bananas, Bunch",$1.45
1180,Farmer's MarketFM English Cucumber 3Ct3 Pack,$3.98
1181,PC OrganicsHass Avocados3 Pack,$5.98
1182,"Greenhouse Peppers, Orange",$2.10
1183,Farmer's MarketCorn On The Cob4 Pack,$3.98
1184,Granny Smith Apples,$1.09
1185,PC OrganicsGala Apples3 lb bag,$4.98
1186,Raspberries1 ea,$6.98
1187,Red Mango850 g,$2.98
1188,Limes1 ea,$0.68
1189,Avocado1 ea,$1.98
1190,Jazz Apples,$1.15
1191,Farmer's MarketSweet Baby Peppers4 Pack,$3.98
1192,Lemon1 ea,$0.98
1193,Zucchini,$1.53
1194,Farmer's MarketFM Grape Tomato Pint1 pint,$3.48
1195,Green Seedless Grapes,$3.33
1196,Broccoli1 ea,$1.98
1197,Farmer's MarketFM Grape Tomato 907g908 g,$5.00
1198,Bartlett Pears,$1.15
1199,Envy Apples,$1.09
1200,Navel Orange,$1.53
1201,Mini Seedless Watermelon1 ea,$2.98
1202,Roma Tomatoes1 ea,$6.98
1203,PC OrganicsHoneycrisp Apples,$1.66
1204,Red Seedless Grapes,$3.23
1205,Strawberries1 ea,$3.98
1206,Farmer's MarketFM Carrots  3LB3 lb bag,$2.98
1207,Cauliflower1 ea,$3.98
1208,PC OrganicsSweet Potatoes3 lb bag,$6.98
1209,Red Delicious Apples,$0.92
1210,DoleCaesar Salad Kit216 g,$3.98
1211,Blueberries510 g,$5.98
1212,Organic Strawberries454 g,$5.98
1213,Baking Potato,$1.40
1214,Celery Hearts2 Pack,$3.48
1215,Farmer's MarketMini Cucumbers6 Pack,$3.98
1216,PC OrganicsGrape Tomatoes255 g,$3.48
1217,"Avocado, 5/6-Count1 ea",$2.98
1218,Farmer's MarketMini Cucumbers1 kg,$5.00
1219,Organic English Cucumber1 ea,$2.48
1220,Brussels Sprouts,$0.44
1221,Sweet Green Peppers,$1.84
1222,Pink Lady Apples,$0.92
1223,Red Grapefruit1 ea,$1.28
1224,"President's ChoiceCremini Mushrooms, Sliced227 g",$2.48
1225,Organic Blueberries0.50 pint,$5.98
1226,"Navel Orange, Medium",$1.49
1227,Farmer's MarketMcIntosh Apples4 lb bag,$5.98
1228,Pineapple1 ea,$3.48
1229,Yellow Potatoes,$0.98
1230,Yellow Peaches,$1.31
1231,Lettuce Iceberg1 ea,$2.98
1232,"Pineapple, Large1 ea",$2.99
1233,Strawberries 1 LB454 g,$3.98
1234,Farmer's MarketWhite Potatoes/Russet 10LB10 lb bag,$3.98
1235,President's ChoiceMandarin Oranges2 lb bag,$4.98
1236,Tomato on the Vine Red,$5.45
1237,President's ChoicePlumcots,$0.72
1238,Cantaloupe1 ea,$1.98
1239,Green Cabbage,$2.52
1240,Roma Tomatoes,$0.79
1241,Red Onion,$1.62
1242,Farmer's MarketLemons2 g,$4.98
1243,Ambrosia Apples,$1.20
1244,Blackberries1 pint,$4.98
1245,Red Leaf Lettuce1 ea,$2.48
1246,"Bi-Colour Corn, Corn on the Cob1 ea",$0.58
1247,Blueberries0.50 pint,$3.98
1248,Farmer's MarketRed Potatoes10 lb bag,$5.98
1249,SunRidge FarmsRomaine Hearts6 Pack,$6.98
1250,Cilantro1 ea,$1.48
1251,Villagio Marzano Tomatoes681 g,$6.98
1252,Strawberries2 ea,$5.98
1253,Romaine Heart 3 pk3 Pack,$4.98
1254,Asparagus,$3.88
1255,Kale1 ea,$2.48
1256,"Greenhouse Peppers, Yellow",$2.19
1257,Bosc Pears,$1.20
1258,Yellow Asian Pears,$1.75
1259,Spanish Onion,$1.44
1260,PC OrganicsCarrots2 lb bag,$2.48
1261,Blackberries 1/2 Pint0.50 pint,$3.98
1262,Spaghetti Squash,$4.11
1263,PC OrganicsOrganic Clementines2 lb bag,$5.98
1264,No NameNaturally Imperfect Peppers1.11 kg,$5.98
1265,White Potatoes,$1.57
1266,Hass Avocado1 ea,$1.68
1267,Green Beans,$0.27
1268,Organic Red Tomato on the Vine,$7.91
1269,McIntosh Apples,$0.87
1270,President's ChoiceGreen Beans340 g,$4.48
1271,No NameAvocados (Bag)1.36 kg,$6.98
1272,Farmer's MarketYellow Onions3 lb bag,$2.48
1273,Romaine Lettuce1 ea,$2.98
1274,Dragon Fruit1 ea,$1.98
1275,President's ChoiceEasy To Peel Orri Mandarin Oranges907 g,$4.98
1276,Anjou Pears,$1.31
1277,President's ChoiceWhite Mushrooms454 g,$3.28
1278,President's ChoiceBlood Oranges907 g,$4.98
1279,"Bananas, Bunch",$1.45
1280,Farmer's MarketFM English Cucumber 3Ct3 Pack,$3.98
1281,PC OrganicsHass Avocados3 Pack,$5.98
1282,"Greenhouse Peppers, Orange",$2.10
1283,Farmer's MarketCorn On The Cob4 Pack,$3.98
1284,Granny Smith Apples,$1.09
1285,PC OrganicsGala Apples3 lb bag,$4.98
1286,Raspberries1 ea,$6.98
1287,Red Mango850 g,$2.98
1288,Limes1 ea,$0.68
1289,Avocado1 ea,$1.98
1290,Jazz Apples,$1.15
1291,Farmer's MarketSweet Baby Peppers4 Pack,$3.98
1292,Lemon1 ea,$0.98
1293,Zucchini,$1.53
1294,Farmer's MarketFM Grape Tomato Pint1 pint,$3.48
1295,Green Seedless Grapes,$3.33
1296,Broccoli1 ea,$1.98
1297,Farmer's MarketFM Grape Tomato 907g908 g,$5.00
1298,Bartlett Pears,$1.15
1299,Envy Apples,$1.09
1300,Navel Orange,$1.53
1301,Mini Seedless Watermelon1 ea,$2.98
1302,Roma Tomatoes1 ea,$6.98
1303,PC OrganicsHoneycrisp Apples,$1.66
1304,Red Seedless Grapes,$3.23
1305,Strawberries1 ea,$3.98
1306,Farmer's MarketFM Carrots  3LB3 lb bag,$2.98
1307,Cauliflower1 ea,$3.98
1308,PC OrganicsSweet Potatoes3 lb bag,$6.98
1309,Red Delicious Apples,$0.92
1310,DoleCaesar Salad Kit216 g,$3.98
1311,Blueberries510 g,$5.98
1312,Organic Strawberries454 g,$5.98
1313,Baking Potato,$1.40
1314,Celery Hearts2 Pack,$3.48
1315,Farmer's MarketMini Cucumbers6 Pack,$3.98
1316,PC OrganicsGrape Tomatoes255 g,$3.48
1317,"Avocado, 5/6-Count1 ea",$2.98
1318,PampersBaby-Dry Diapers Size 4 92 Count92 ea,$26.98
1319,PampersPure Protection Diapers Size 2 68 Count68 ea,$19.94
1320,PampersBaby-Dry Diapers Size 5 78 Count78 ea,$26.98
1321,PampersBaby-Dry Diapers Size 6 64 Count64 ea,$26.98
1322,PampersBaby Wipes Sensitive 3X Refill 192 Count192 ea,$7.38
1323,PampersBaby-Dry Diapers Size 3 104 Count104 ea,$26.98
1324,PampersBaby Wipes Sensitive 9X Pop-Top Packs 504 Count504 ea,$16.98
1325,PampersBaby-Dry Diapers Size 4 92 Count92 ea,$26.98
1326,PampersPure Protection Diapers Size 2 68 Count68 ea,$19.94
1327,PampersBaby-Dry Diapers Size 5 78 Count78 ea,$26.98
1328,PampersBaby-Dry Diapers Size 6 64 Count64 ea,$26.98
1329,PampersBaby Wipes Sensitive 3X Refill 192 Count192 ea,$7.38
1330,PampersBaby-Dry Diapers Size 3 104 Count104 ea,$26.98
1331,PampersBaby Wipes Sensitive 9X Pop-Top Packs 504 Count504 ea,$16.98
1332,PampersBaby-Dry Diapers Size 4 92 Count92 ea,$26.98
1333,PampersPure Protection Diapers Size 2 68 Count68 ea,$19.94
1334,PampersBaby-Dry Diapers Size 5 78 Count78 ea,$26.98
1335,PampersBaby-Dry Diapers Size 6 64 Count64 ea,$26.98
1336,PC OrganicsMashed Potatoes & Turkey185 g,$2.88
1337,"PC OrganicsOrange, Carrot & Cinnamon Fruit, Veggie And Oat Bars90 g",$3.48
1338,PC OrganicsOrganics Broccoli And Kale Baked Whole Grain Corn Puffs42 g,$2.78
1339,"PC OrganicsMini Cereal Bars, Blueberry160 g",$2.98
1340,"PC OrganicsToddler Entrée, Fruity Chicken185 g",$2.88
1341,"PC OrganicsMini Cereal Bars, Apple, Acai160 g",$2.98
1342,PC OrganicsBroccoli And Spinach Whole Grain Puffs Puffed Cereal42 g,$2.78
1343,PC OrganicsAnimal Cookies For Toddlers 170 g,$2.78
1344,PC OrganicsToddler Blue Fruit Twist60 g,$3.98
1345,PC OrganicsPurple Carrot And Blueberry Whole Grain Puffs Puffed Cereal42 g,$2.78
1346,PC OrganicsSpaghetti in Turkey Meat Sauce185 g,$2.88
1347,PC OrganicsToddler Apple Juice1 L,$1.88
1348,"President's ChoiceYogurt Melt, Mixed Berry1 ea",$3.28
1349,PC OrganicsStars Pasta454 g,$2.98
1350,PC OrganicsStrawberry Mango Naturally Flavoured Fruit Snack60 g,$3.98
1351,"President's ChoiceTotal Pediatric Nutrition, Vanilla6x235mL",$9.98
1352,"PC OrganicsToddler Mini Pasta, Alphabet454 g",$2.98
1353,"PC OrganicsFruit, Veggie, & Oat Bars, Raspberry Beet90 g",$3.48
1354,PC OrganicsMango And Carrot Whole Grain Puffs Puffed Cereal42 g,$2.78
1355,PC OrganicsApple And Strawberry Whole Grain Puffs Puffed Cereal42 g,$2.78
1356,"PC OrganicsToddlers Mini Pasta, Bowties454 g",$2.98
1357,President's ChoiceNaturally Flavoured Toddlers Strawberry Yogurt Snack1 ea,$3.28
1358,PC OrganicsCheddar Cheese Whole Grain Puffs42 g,$2.78
1359,"PC OrganicsCereal, Multigrain Banana125 g",$3.48
1360,"PC OrganicsMini Cereal Bars, Banana Berry160 g",$2.98
1361,"PC OrganicsMini Cereal Bars, Berry Pomegranate160 g",$2.98
1362,PC OrganicsMashed Potatoes & Turkey185 g,$2.88
1363,"PC OrganicsOrange, Carrot & Cinnamon Fruit, Veggie And Oat Bars90 g",$3.48
1364,PC OrganicsOrganics Broccoli And Kale Baked Whole Grain Corn Puffs42 g,$2.78
1365,"PC OrganicsMini Cereal Bars, Blueberry160 g",$2.98
1366,"PC OrganicsToddler Entrée, Fruity Chicken185 g",$2.88
1367,"PC OrganicsMini Cereal Bars, Apple, Acai160 g",$2.98
1368,PC OrganicsBroccoli And Spinach Whole Grain Puffs Puffed Cereal42 g,$2.78
1369,PC OrganicsAnimal Cookies For Toddlers 170 g,$2.78
1370,PC OrganicsToddler Blue Fruit Twist60 g,$3.98
1371,PC OrganicsPurple Carrot And Blueberry Whole Grain Puffs Puffed Cereal42 g,$2.78
1372,PC OrganicsSpaghetti in Turkey Meat Sauce185 g,$2.88
1373,PC OrganicsToddler Apple Juice1 L,$1.88
1374,"President's ChoiceYogurt Melt, Mixed Berry1 ea",$3.28
1375,PC OrganicsStars Pasta454 g,$2.98
1376,PC OrganicsStrawberry Mango Naturally Flavoured Fruit Snack60 g,$3.98
1377,"President's ChoiceTotal Pediatric Nutrition, Vanilla6x235mL",$9.98
1378,"PC OrganicsToddler Mini Pasta, Alphabet454 g",$2.98
1379,"PC OrganicsFruit, Veggie, & Oat Bars, Raspberry Beet90 g",$3.48
1380,PC OrganicsMango And Carrot Whole Grain Puffs Puffed Cereal42 g,$2.78
1381,PC OrganicsApple And Strawberry Whole Grain Puffs Puffed Cereal42 g,$2.78
1382,"PC OrganicsToddlers Mini Pasta, Bowties454 g",$2.98
1383,President's ChoiceNaturally Flavoured Toddlers Strawberry Yogurt Snack1 ea,$3.28
1384,PC OrganicsCheddar Cheese Whole Grain Puffs42 g,$2.78
1385,"PC OrganicsCereal, Multigrain Banana125 g",$3.48
1386,"PC OrganicsMini Cereal Bars, Banana Berry160 g",$2.98
1387,"PC OrganicsMini Cereal Bars, Berry Pomegranate160 g",$2.98
1388,PC OrganicsMashed Potatoes & Turkey185 g,$2.88
1389,"PC OrganicsOrange, Carrot & Cinnamon Fruit, Veggie And Oat Bars90 g",$3.48
1390,PC OrganicsOrganics Broccoli And Kale Baked Whole Grain Corn Puffs42 g,$2.78
1391,"PC OrganicsMini Cereal Bars, Blueberry160 g",$2.98
1392,Baby Brezza Formula Pro Advanced1 ea,$239.98
1393,Snotsucker Nasal Aspirator1 ea,$21.98
1394,LansinohNursing Pads100 ea,$9.98
1395,"MunchkinMiracle 360 Trainer Cup, 7oz1 ea",$7.98
1396,KushiesSilibeads Pacifier Clip1 ea,$11.98
1397,Baby Brezza Formula Pro Advanced1 ea,$239.98
1398,Snotsucker Nasal Aspirator1 ea,$21.98
1399,LansinohNursing Pads100 ea,$9.98
1400,"MunchkinMiracle 360 Trainer Cup, 7oz1 ea",$7.98
1401,KushiesSilibeads Pacifier Clip1 ea,$11.98
1402,Baby Brezza Formula Pro Advanced1 ea,$239.98
1403,Snotsucker Nasal Aspirator1 ea,$21.98
1404,LansinohNursing Pads100 ea,$9.98
1405,"MunchkinMiracle 360 Trainer Cup, 7oz1 ea",$7.98
1406,President's ChoiceWest Coast Dark Roast Gourmet Single Serve Coffee Pods30 ea,$11.98
1407,President's ChoiceStainless Steel Thermal Mug1 ea,$16.98
1408,President's ChoiceMedium Roast Gourmet 100% Arabica Coffee Single Serve Coffee Pods30 ea,$11.98
1409,Everyday EssentialsStainless Steel Mug1 ea,$6.00
1410,KeurigVan Houtte Original House Blend K-Cup Pods30 ea,$17.98
1411,KeurigVan Houtte Colombian Medium Roast30 ea,$17.98
1412,President's ChoiceThe Great Canadian Light To Medium Roast 100% Arabica Coffee Single Serve Coffee Pods30 ea,$11.98
1413,ThermosStainless Steel Bottle 1L1 ea,$26.98
1414,"ContigoStainless Steel Superior Grey Mug, 20 oz1 ea",$23.98
1415,"Tim HortonsSingle Serve Coffee Pods, Original126 g",$10.48
1416,"KeurigK35 Classic Series Coffee Maker, Black1 ea",$98.00
1417,FolgersMorning Café K-Cup Coffee Pods240 g,$17.48
1418,BubbaTravel Mug1 ea,$22.98
1419,President's ChoiceBamboo Grip To-Go Mug1 ea,$11.98
1420,KeurigLively Colombian K-Cup Coffee Pods30 ea,$17.48
1421,President's ChoiceTextured To-Go Mug1 ea,$4.98
1422,"President's ChoiceInsulated Vacuum Bottle, 465mL1 ea",$13.00
1423,ThermosStainless King Travel Mug 470ml1 ea,$32.98
1424,KeurigPike Place K-Cup Coffee Pods10 ea,$10.98
1425,President's ChoiceWest Coast Dark Roast Gourmet Single Serve Coffee Pods30 ea,$11.98
1426,President's ChoiceStainless Steel Thermal Mug1 ea,$16.98
1427,President's ChoiceMedium Roast Gourmet 100% Arabica Coffee Single Serve Coffee Pods30 ea,$11.98
1428,Everyday EssentialsStainless Steel Mug1 ea,$6.00
1429,KeurigVan Houtte Original House Blend K-Cup Pods30 ea,$17.98
1430,KeurigVan Houtte Colombian Medium Roast30 ea,$17.98
1431,President's ChoiceThe Great Canadian Light To Medium Roast 100% Arabica Coffee Single Serve Coffee Pods30 ea,$11.98
1432,ThermosStainless Steel Bottle 1L1 ea,$26.98
1433,"ContigoStainless Steel Superior Grey Mug, 20 oz1 ea",$23.98
1434,"Tim HortonsSingle Serve Coffee Pods, Original126 g",$10.48
1435,"KeurigK35 Classic Series Coffee Maker, Black1 ea",$98.00
1436,FolgersMorning Café K-Cup Coffee Pods240 g,$17.48
1437,BubbaTravel Mug1 ea,$22.98
1438,President's ChoiceBamboo Grip To-Go Mug1 ea,$11.98
1439,KeurigLively Colombian K-Cup Coffee Pods30 ea,$17.48
1440,President's ChoiceTextured To-Go Mug1 ea,$4.98
1441,"President's ChoiceInsulated Vacuum Bottle, 465mL1 ea",$13.00
1442,ThermosStainless King Travel Mug 470ml1 ea,$32.98
1443,KeurigPike Place K-Cup Coffee Pods10 ea,$10.98
1444,President's ChoiceWest Coast Dark Roast Gourmet Single Serve Coffee Pods30 ea,$11.98
1445,President's ChoiceStainless Steel Thermal Mug1 ea,$16.98
1446,President's ChoiceMedium Roast Gourmet 100% Arabica Coffee Single Serve Coffee Pods30 ea,$11.98
1447,Everyday EssentialsStainless Steel Mug1 ea,$6.00
1448,No NameMedium Roast Ground Coffee925 g,$6.98
1449,Tim HortonsOriginal Fine Grind Coffee930 g,$14.98
1450,"Everyday EssentialsKettle, 1.7L Black1 ea",$19.98
1451,"Everyday Essentials6-Cup Coffee Press, Red1 ea",$7.98
1452,President's ChoiceDouble Wall Tapered Mug1 ea,$10.98
1453,CuisinartCuisinart Brew Central 12 Cup Coffee Maker1 ea,$99.98
1454,Maxwell HouseOriginal Roast Ground Coffee925 g,$8.98
1455,CuisinartEspresso Maker1 ea,$183.98
1456,"Pride Of ArabiaPride of Arabia Coffee, Whole Bean907 g",$14.98
1457,President's Choice5-Cup Digital Coffee Maker1 ea,$24.98
1458,President's ChoiceDouble Wall Latte Glass1 ea,$8.98
1459,President's ChoiceThe Great Canadian Coffee930 g,$13.98
1460,"Bodum3-Cup Brazil Coffee Press, Black1 ea",$27.98
1461,"Black & DeckerDigital Coffee Maker, 12 Cup Black1 ea",$29.98
1462,Bialetti Moka Express 6 Cup6x1ea,$39.98
1463,FolgersClassic Roast Ground Coffee920 g,$9.98
1464,President's ChoiceGourmet Swiss Water** Process Decaffeinated Medium Roast 100% Arabica Coffee875 g,$13.98
1465,"KeurigK35 Classic Series Coffee Maker, Black1 ea",$98.00
1466,President's ChoiceCoffee Burr Grinder1 ea,$44.98
1467,President's ChoiceGourmet Medium Roast 100% Arabica Coffee930 g,$13.98
1468,NabobTraditional Fine Grind Ground Coffee930 g,$18.48
1469,NescafeRICH Instant Coffee475 g,$14.98
1470,"Everyday EssentialsJug Kettle, 1L Black1 ea",$12.98
1471,President's ChoiceGlass Kettle1 ea,$39.98
1472,President's ChoiceMedium Roast Gourmet Whole Bean Coffee907 g,$14.98
1473,"BodumElectric Coffee Grinder, Black1 ea",$34.98
1474,KeurigDescaling Solution For Brewers1 ea,$12.98
1475,Everyday EssentialsCoffee Grinder1 ea,$14.98
1476,"Everyday Essentials6-Cup Coffee Press, Black1 ea",$10.98
1477,President's ChoiceDark Roast West Coast Gourmet875 g,$13.98
1478,PC  Club PackGourmet Medium Roast 100% Arabica Coffee930 g,$13.98
1479,"Tim HortonsCoffee, Dark Roast875 g",$14.98
1480,President's ChoiceWest Coast Dark Roast Gourmet Whole Bean Coffee907 g,$14.98
1481,CuisinartCoffee Grinder1 ea,$39.98
1482,Coffee Capsule Reusable Single Coffee Filter1 ea,$14.98
1483,CuisinartCuisinart PerfecTemp Cordless Electric Programmable Kettle1 ea,$99.98
1484,"Bodum3-Cup Brazil French Coffee, Red1 ea",$27.98
1485,Hamilton Beach1L Satainless Steel Kettle1 ea,$34.98
1486,No NameMedium Roast Ground Coffee925 g,$6.98
1487,Tim HortonsOriginal Fine Grind Coffee930 g,$14.98
1488,"Everyday EssentialsKettle, 1.7L Black1 ea",$19.98
1489,"Everyday Essentials6-Cup Coffee Press, Red1 ea",$7.98
1490,President's ChoiceDouble Wall Tapered Mug1 ea,$10.98
1491,CuisinartCuisinart Brew Central 12 Cup Coffee Maker1 ea,$99.98
1492,Maxwell HouseOriginal Roast Ground Coffee925 g,$8.98
1493,CuisinartEspresso Maker1 ea,$183.98
1494,"Pride Of ArabiaPride of Arabia Coffee, Whole Bean907 g",$14.98
1495,President's Choice5-Cup Digital Coffee Maker1 ea,$24.98
1496,President's ChoiceDouble Wall Latte Glass1 ea,$8.98
1497,President's ChoiceThe Great Canadian Coffee930 g,$13.98
1498,"Bodum3-Cup Brazil Coffee Press, Black1 ea",$27.98
1499,"Black & DeckerDigital Coffee Maker, 12 Cup Black1 ea",$29.98
1500,Bialetti Moka Express 6 Cup6x1ea,$39.98
1501,FolgersClassic Roast Ground Coffee920 g,$9.98
1502,President's ChoiceGourmet Swiss Water** Process Decaffeinated Medium Roast 100% Arabica Coffee875 g,$13.98
1503,"KeurigK35 Classic Series Coffee Maker, Black1 ea",$98.00
1504,President's ChoiceCoffee Burr Grinder1 ea,$44.98
1505,President's ChoiceGourmet Medium Roast 100% Arabica Coffee930 g,$13.98
1506,NabobTraditional Fine Grind Ground Coffee930 g,$18.48
1507,NescafeRICH Instant Coffee475 g,$14.98
1508,"Everyday EssentialsJug Kettle, 1L Black1 ea",$12.98
1509,President's ChoiceGlass Kettle1 ea,$39.98
1510,President's ChoiceMedium Roast Gourmet Whole Bean Coffee907 g,$14.98
1511,"BodumElectric Coffee Grinder, Black1 ea",$34.98
1512,KeurigDescaling Solution For Brewers1 ea,$12.98
1513,Everyday EssentialsCoffee Grinder1 ea,$14.98
1514,"Everyday Essentials6-Cup Coffee Press, Black1 ea",$10.98
1515,President's ChoiceDark Roast West Coast Gourmet875 g,$13.98
1516,PC  Club PackGourmet Medium Roast 100% Arabica Coffee930 g,$13.98
1517,"Tim HortonsCoffee, Dark Roast875 g",$14.98
1518,President's ChoiceWest Coast Dark Roast Gourmet Whole Bean Coffee907 g,$14.98
1519,CuisinartCoffee Grinder1 ea,$39.98
1520,Coffee Capsule Reusable Single Coffee Filter1 ea,$14.98
1521,CuisinartCuisinart PerfecTemp Cordless Electric Programmable Kettle1 ea,$99.98
1522,"Bodum3-Cup Brazil French Coffee, Red1 ea",$27.98
1523,Hamilton Beach1L Satainless Steel Kettle1 ea,$34.98
1524,No NameMedium Roast Ground Coffee925 g,$6.98
1525,Tim HortonsOriginal Fine Grind Coffee930 g,$14.98
1526,"Everyday EssentialsKettle, 1.7L Black1 ea",$19.98
1527,"Everyday Essentials6-Cup Coffee Press, Red1 ea",$7.98
1528,Kicking HorseDark Roast Grizzly Claw454 g,$11.98
1529,President's ChoiceDark Roast West Coast Gourmet875 g,$13.98
1530,PC OrganicsDark Roast Whole Bean Coffee907 g,$17.98
1531,"Bodum3-Cup Brazil French Coffee, Red1 ea",$27.98
1532,CuisinartEspresso Maker1 ea,$183.98
1533,Maxwell HouseRich Dark Roast Ground Coffee925 g,$8.98
1534,President's ChoiceCoffee Burr Grinder1 ea,$44.98
1535,"BodumElectric Coffee Grinder, Black1 ea",$34.98
1536,"NescafeGOLD Cappuccino, Instant Coffee Sachets112 g",$7.98
1537,Bialetti Moka Express 6 Cup6x1ea,$39.98
1538,CuisinartCoffee Grinder1 ea,$39.98
1539,Kicking HorseOrganic Dark Roast Kick Ass454 g,$11.98
1540,Everyday EssentialsCoffee Grinder1 ea,$14.98
1541,PC OrganicsDark Roast Whole Bean Coffee454 g,$9.98
1542,Ethical BeanBold Dark Roast Whole Bean Coffee340 g,$13.98
1543,"Bodum3-Cup Brazil Coffee Press, Black1 ea",$27.98
1544,PC OrganicsDark Roast Ground Coffee284 g,$9.98
1545,President's ChoiceDark Roast West Coast Coffee330 g,$8.98
1546,Kicking HorseDark Roast Grizzly Claw454 g,$11.98
1547,President's ChoiceDark Roast West Coast Gourmet875 g,$13.98
1548,PC OrganicsDark Roast Whole Bean Coffee907 g,$17.98
1549,"Bodum3-Cup Brazil French Coffee, Red1 ea",$27.98
1550,CuisinartEspresso Maker1 ea,$183.98
1551,Maxwell HouseRich Dark Roast Ground Coffee925 g,$8.98
1552,President's ChoiceCoffee Burr Grinder1 ea,$44.98
1553,"BodumElectric Coffee Grinder, Black1 ea",$34.98
1554,"NescafeGOLD Cappuccino, Instant Coffee Sachets112 g",$7.98
1555,Bialetti Moka Express 6 Cup6x1ea,$39.98
1556,CuisinartCoffee Grinder1 ea,$39.98
1557,Kicking HorseOrganic Dark Roast Kick Ass454 g,$11.98
1558,Everyday EssentialsCoffee Grinder1 ea,$14.98
1559,PC OrganicsDark Roast Whole Bean Coffee454 g,$9.98
1560,Ethical BeanBold Dark Roast Whole Bean Coffee340 g,$13.98
1561,"Bodum3-Cup Brazil Coffee Press, Black1 ea",$27.98
1562,PC OrganicsDark Roast Ground Coffee284 g,$9.98
1563,President's ChoiceDark Roast West Coast Coffee330 g,$8.98
1564,Kicking HorseDark Roast Grizzly Claw454 g,$11.98
1565,President's ChoiceDark Roast West Coast Gourmet875 g,$13.98
1566,PC OrganicsDark Roast Whole Bean Coffee907 g,$17.98
1567,"Bodum3-Cup Brazil French Coffee, Red1 ea",$27.98
1568,"PC OrganicsBiscuits, Digestives200 g",$4.98
1569,President's ChoiceConcerto Dark Chocolate Cookie240 g,$2.47
1570,President's ChoiceOriginal Oatmeal Cookies350 g,$3.00
1571,President's ChoiceOatmeal Raisin Cookies350 g,$3.00
1572,President's ChoiceDark Chocolate Covered Digestive Biscuits300 g,$2.78
1573,President's ChoiceCentrefulls Chocolatey Filling Double Chocolate Cookies280 g,$3.00
1574,President's ChoiceMilk Chocolate Covered Digestive Biscuits300 g,$2.78
1575,"PC OrganicsBiscuits, Digestives200 g",$4.98
1576,President's ChoiceConcerto Dark Chocolate Cookie240 g,$2.47
1577,President's ChoiceOriginal Oatmeal Cookies350 g,$3.00
1578,President's ChoiceOatmeal Raisin Cookies350 g,$3.00
1579,President's ChoiceDark Chocolate Covered Digestive Biscuits300 g,$2.78
1580,President's ChoiceCentrefulls Chocolatey Filling Double Chocolate Cookies280 g,$3.00
1581,President's ChoiceMilk Chocolate Covered Digestive Biscuits300 g,$2.78
1582,"PC OrganicsBiscuits, Digestives200 g",$4.98
1583,President's ChoiceConcerto Dark Chocolate Cookie240 g,$2.47
1584,President's ChoiceOriginal Oatmeal Cookies350 g,$3.00
1585,President's ChoiceOatmeal Raisin Cookies350 g,$3.00
1586,Cod Fillet,$20.80
1587,Red Mango850 g,$2.98
1588,"Eye Of Round Roast, Club Pack",$36.54
1589,"Farmer's MarketTwo-Bite Brownies, Club Pack600 g",$6.00
1590,Farmer's MarketSweet Baby Peppers4 Pack,$3.98
1591,"Maple LeafNatural Selections Oven Roasted Turkey Breast, Family Size Club Pack375 g",$10.00
1592,"Plain Italian Buns, 18 Pack1.20 kg",$5.00
1593,"No Name Club PackCinnamon, Ground560 g",$7.98
1594,"OlymelBologna, Family Pack Club Pack600 g",$5.00
1595,BolthouseStrawberry Banana1.54 L,$6.98
1596,"President's ChoiceMedium Cheddar Cheese, Portions420 g",$12.00
1597,"two-biteCinnamon Rolls, Large Tub510 g",$6.98
1598,ArlaHavarti Creamy800 g,$12.98
1599,BolthouseAmazing Mango1.54 L,$6.98
1600,BolthouseGreen Goodness1.54 L,$6.98
1601,President's ChoiceCranberry Cocktail3.78 L,$4.48
1602,Farmer's MarketLemons2 g,$4.98
1603,Kiwi907 g,$3.99
1604,"Grilling Steak, Boneless Club Pack",$47.61
1605,"No NameFried Potatoes, Crinkle Cut2 kg",$3.98
1606,President's ChoiceExtra Chunky Medium Salsa1.85 L,$7.58
1607,"BabybelMini Babybel Original, 18 Pack360 g",$12.00
1608,ACERosemary Focaccia Triangle Buns960 g,$5.00
1609,ReneesLight Caesar Dressing750 mL,$6.98
1610,No Name Club PackGarlic Salt1 kg,$8.98
1611,"YvesVeggie Burger, Package of 8568 g",$8.98
1612,Blackberries1 pint,$4.98
1613,Frozen Steelhead Trout Fillets,$17.67
1614,"No Name Club PackVanilla Ice Cream Bars, Club Pack30x60mL",$7.48
1615,No Name Club PackSimulated Bacon Bits490 g,$5.98
1616,Farmer's MarketOatmeal Cookies798 g,$6.00
1617,"No NameSnack Crackers, Original900 g",$5.00
1618,"No Name Club PackFudge Bars, Club Pack30x60mL",$7.48
1619,"No NameElbow Macaroni, Club Pack2 kg",$2.98
1620,"OlymelSalami, Olymel600 g",$5.00
1621,"No NameHoney Graham Crumbs, Club Pack1 kg",$4.48
1622,"YvesGround Round, Club Pack1248 g",$12.98
1623,Large Vegetable Platter1.80 kg,$16.00
1624,No NameNaturaly Imperfect White Mushrooms680 g,$4.98
1625,No NamePitted Prunes1 kg,$9.98
1626,"Kaiser Buns, 60% Whole Wheat900 g",$5.00
1627,POM Wonderful100% Pomegranate Juice1.40 L,$11.98
1628,Farmer's MarketPeanut Butter Cookies798 g,$6.00
1629,The Laughing CowLight Cheese535 g,$12.00
1630,President's ChoiceSliced Cheesecake Selection12 Slices,$14.98
1631,Farmer's MarketFM CarrotsMini 2LB2 lb bag,$3.98
1632,Creamy Rotini Salad1.10 kg,$10.00
1633,WoolwichOriginal600 g,$10.38
1634,"KinniTOOS, Chocolate Sandwich Crème220 g",$4.48
1635,"Earths OwnAlmond Fresh, Unsweetened Vanilla1.89 L",$3.98
1636,"So NiceOrganic Almond Milk, Unsweetened1.75 L",$4.28
1637,"Earths OwnAlmond Beverage, Unsweetened946 mL",$2.98
1638,"KinnikinnickS'moreables, Graham Style Crackers220 g",$4.48
1639,Earths OwnOat Chocolate Prisma250 mL,$3.98
1640,"CaminoBaking Chocolate, 100% Cacao Unsweetened200 g",$7.48
1641,"Earths OwnAlmond Fresh, Chocolate1.89 L",$3.98
1642,SoFresh Oat Fortified Oat Beverage Unsweetened Vanilla946 mL,$2.98
1643,Cashew Fresh Original1.89 L,$3.98
1644,Cocoa CaminoSemi-Sweet Chocolate Chips225 g,$6.28
1645,"Earths OwnAlmond Fresh, Unsweetened1.89 L",$3.98
1646,"So NiceOrganic Almond Milk, Original1.75 L",$4.28
1647,CaminoSemi-Sweet Baking Chocolate200 g,$7.48
1648,"Earths OwnAlmond Fresh, Original1.89 L",$3.98
1649,"Earths OwnAlmond On The Go!, Original3x250mL",$3.98
1650,"KinniTOOS, Vanilla Sandwich Crème220 g",$4.48
1651,"Kinninritters, Animal Cookies220 g",$4.48
1652,CaminoOrganic Unsweetened Shredded Coconut200 g,$3.78
1653,Enjoy LifeRicemilk Crunch Chocolate Bars32 g,$2.28
1654,"Earths OwnAlmond Fresh, Coconut1.89 L",$3.98
1655,SoFresh Fortified Cashew Beverage Original946 mL,$2.98
1656,Enjoy LifeBoom Choco Boom Candy Bar Chocolateriz32 g,$2.28
1657,So NiceSo Nice Fortified Almond Beverage Unsweetened Vanilla Organic Almond1.75 L,$4.28
1658,"Fresh Cashews, Unsweetened1.89 L",$3.98
1659,Earths OwnAlmond On The Go! Chocolate3x250mL,$3.98
1660,SoFresh Fortified Cashew Beverage Unsweetened Original946 mL,$2.98
1661,"Earths OwnAlmond Beverage, Original946 mL",$2.98
1662,Cocoa CaminoOrganic Cocoa Powder224 g,$6.48
1663,"KinnikinnickMontana's Cookies, Chocolate Chip220 g",$4.48
1664,So NiceBarista Blend Soy Milk 946 mL,$2.48
1665,Cocoa CaminoBittersweet Chocolate Chips225 g,$6.28
1666,Enjoy LifeEnergy Bites Dipped Banana180 g,$6.98
1667,SoFresh Oat Fortified Oat Beverage Unsweetened Original946 mL,$2.98
1668,"Earths OwnAlmond Fresh, Vanilla1.89 L",$3.98
1669,CaminoOrganic Whole Brown Sugar1 kg,$7.98
1670,"Love GrownHot Oats, Blueberry Banana Walnut63 g",$2.78
1671,"KinnikinnickS'moreables, Graham Style Crackers220 g",$4.48
1672,"KinniTOOS, Chocolate Sandwich Crème220 g",$4.48
1673,"KinniTOOS, Vanilla Sandwich Crème220 g",$4.48
1674,Crofter'sJust Fruit Spread Organic Raspberry235 mL,$3.98
1675,"NaturPeanut Butter, Crunchy500 g",$5.48
1676,"YosoCultured Coconut Yogurt, Unsweetened440 g",$4.98
1677,"Kinninritters, Animal Cookies220 g",$4.48
1678,"YosoCultured Coconut Yogurt, Vanilla440 g",$4.98
1679,Simply ProteinKids Bar Chocolate Brownie 5 x (100 g)100 g,$5.98
1680,"NaturPeanut Butter, Creamy500 g",$5.48
1681,"Simply ProteinKids Protein Bar, Strawberry Vanilla5x20g",$5.98
1682,"YosoSoygo Yogurt, Multipack6x125g",$5.28
1683,Stoked OatsAphrodisi-Oats500 g,$9.98
1684,Chosen FoodsAvocado Oil Spray140 mL,$9.98
1685,"Love GrownHot Oats, Apple Cinnamon63 g",$2.78
1686,Chosen FoodsAvocado Oil Mayonnaise355 mL,$15.98
1687,Crofter'sJust Fruit Spread Organic Strawberry235 mL,$3.98
1688,"Simply ProteinProtein Bar, Whey Chocolate Mint40 g",$2.98
1689,CapilanoManuka Honey Liquid375 g,$13.98
1690,"Simply ProteinWhey Bar, Coconut40 g",$2.98
1691,PC Organics100% Coconut Water1 L,$4.78
1692,Stoked OatsStone Age Bag500 g,$9.98
1693,Crofter'sOrganic Raspberry Spread383 mL,$4.98
1694,NaturPeanut and Cocoa Spread500 g,$7.98
1695,"No NameSalsa, Mild430 mL",$2.48
1696,President's ChoiceHot Taco Seasoning Mix30 g,$0.98
1697,"No NameShredded Cheese, Mozzarella900 g",$11.00
1698,President's ChoiceWhite Mushrooms454 g,$3.28
1699,"President's ChoicePickled, Sliced Jalapeño Peppers250 mL",$2.88
1700,"President's ChoiceSalsa, Extra Chunky Medium430 mL",$2.78
1701,President's ChoiceSoft Taco Kit427 g,$3.88
1702,"Old El PasoTaco Sauce, Hot215 mL",$3.28
1703,"Greenhouse Peppers, Orange",$2.10
1704,Club House25% Less Salt & Gluten Free Taco Seasoning Mix35 g,$1.48
1705,President's ChoiceExtra Chunky Hot Salsa2 L,$7.58
1706,"Gay LeaSour Cream, Regular 14%250 mL",$2.48
1707,"Old El PasoTaco Shells, Nacho Cheese153 g",$2.48
1708,President's ChoiceExtra Chunky Medium Salsa1.85 L,$7.58
1709,Hass Avocado1 ea,$1.68
1710,"No NameSour Cream, Light 5%250 mL",$1.98
1711,Farmer's MarketSweet Baby Peppers4 Pack,$3.98
1712,"Greenhouse Peppers, Yellow",$2.19
1713,President's ChoiceSalad Topper Cheese Blend300 g,$6.28
1714,Old El PasoTaco Shells125 g,$2.48
1715,"Old El PasoSoft Tortillas, Large334 g",$2.48
1716,"No NameShredded Cheese, Nacho 3 Cheese900 g",$11.00
1717,"President's ChoiceTortillas, Large Flour334 g",$2.98
1718,Old El PasoStand 'N Stuff Taco Dinner Kit250 g,$4.28
1719,President's ChoiceTaco Seasoning Mix30 g,$0.98
1720,"President's ChoiceSalsa, Hot650 mL",$2.78
1721,"PC OrganicsSalsa, Mild430 mL",$3.48
1722,"Old El PasoThick n' Chunky Salsa, Mild650 mL",$3.48
1723,"President's ChoiceSalsa, Hot430 mL",$2.78
1724,PC Black LabelOriginal Salsa430 mL,$2.78
1725,"President's ChoiceCheese, Greek Feta Shredded300 g",$6.28
1726,"Old El PasoSoft Tortillas, Medium297 g",$2.48
1727,Green Onion1 bunch,$1.48
1728,Old El PasoTaco Hard and Soft Shell Dinner Kit340 g,$4.28
1729,"Old El PasoTaco Sauce, Mild215 mL",$3.28
1730,"PC OrganicsSalsa, Medium430 mL",$3.48
1731,"President's ChoiceSalsa, Mild650 mL",$2.78
1732,President's ChoiceSweet Corn Medium Salsa300 mL,$2.78
1733,"No NameSour Cream, Light 5%500 mL",$1.98
1734,"President's ChoiceSoft Tortillas, Medium297 g",$2.98
1735,President's ChoiceMini Tortillas192 g,$2.00
1736,President's ChoiceMedium Fresh Salsa430 mL,$3.98
1737,"No NameSour Cream, Regular 14%500 mL",$1.98
1738,PC Black LabelTomatillo Salsa430 mL,$2.78
1739,"President's ChoiceTortillas, Original650 g",$3.38
1740,"Chicken Breas Strips, Club Pack500 g",$10.00
1741,Sweet Onion,$2.01
1742,President's ChoiceTexas Caviar Mild Bean Salsa300 mL,$3.28
1743,Cantaloupe1 ea,$1.98
1744,Blueberries340 g,$6.98
1745,Green Beans,$0.27
1746,Red Leaf Lettuce1 ea,$2.48
1747,"Spinach, Bunched1 ea",$2.48
1748,Red Cabbage,$2.87
1749,Farmer's MarketSweet Baby Peppers4 Pack,$3.98
1750,Kale1 ea,$2.48
1751,Cauliflower1 ea,$3.98
1752,Kohlrabi,$2.14
1753,Green Cabbage,$2.52
1754,Romaine Lettuce1 ea,$2.98
1755,"Carrots, Bunched1 bunch",$2.48
1756,Green Leaf Lettuce1 ea,$2.48
1757,Radishes1 bunch,$1.48
1758,Leeks1 bunch,$4.98
1759,Broccoli Crowns,$2.50
1760,Red Peppers    ,$2.10
1761,Farmer's MarketMini Cucumbers6 Pack,$3.98
1762,Celery Stalks1 ea,$2.98
1763,English Cucumber1 ea,$1.68
1764,Green Onion1 bunch,$1.48
1765,Purple Eggplants,$3.12
1766,Red Swiss Chard1 ea,$3.48
1767,Broccoli1 ea,$1.98
1768,"Red Beets, Bunched1 bunch",$3.98
1769,"Greenhouse Peppers, Orange",$2.10
1770,"Greenhouse Peppers, Yellow",$2.19
1771,Lettuce Iceberg1 ea,$2.98
1772,Green Swiss Chard1 ea,$3.48
1773,Zucchini,$1.53
1774,Farmer's MarketFM English Cucumber 3Ct3 Pack,$3.98
1775,Sweet Green Peppers,$1.84
1776,Green Beans,$0.27
1777,Red Leaf Lettuce1 ea,$2.48
1778,"Spinach, Bunched1 ea",$2.48
1779,Red Cabbage,$2.87
1780,Farmer's MarketSweet Baby Peppers4 Pack,$3.98
1781,Kale1 ea,$2.48
1782,Cauliflower1 ea,$3.98
1783,Kohlrabi,$2.14
1784,Green Cabbage,$2.52
1785,Romaine Lettuce1 ea,$2.98
1786,"Carrots, Bunched1 bunch",$2.48
1787,Green Leaf Lettuce1 ea,$2.48
1788,Radishes1 bunch,$1.48
1789,Leeks1 bunch,$4.98
1790,Broccoli Crowns,$2.50
1791,Red Peppers    ,$2.10
1792,Farmer's MarketMini Cucumbers6 Pack,$3.98
1793,Celery Stalks1 ea,$2.98
1794,English Cucumber1 ea,$1.68
1795,Green Onion1 bunch,$1.48
1796,Purple Eggplants,$3.12
1797,Red Swiss Chard1 ea,$3.48
1798,Broccoli1 ea,$1.98
1799,"Red Beets, Bunched1 bunch",$3.98
1800,"Greenhouse Peppers, Orange",$2.10
1801,"Greenhouse Peppers, Yellow",$2.19
1802,Lettuce Iceberg1 ea,$2.98
1803,Green Swiss Chard1 ea,$3.48
1804,Zucchini,$1.53
1805,Farmer's MarketFM English Cucumber 3Ct3 Pack,$3.98
1806,Sweet Green Peppers,$1.84
1807,Green Beans,$0.27
1808,Red Leaf Lettuce1 ea,$2.48
1809,"Spinach, Bunched1 ea",$2.48
1810,Red Cabbage,$2.87
1811,Curly Parsley1 ea,$1.48
1812,Tomato Beefsteak  Red,$1.76
1813,"President's ChoiceCremini Mushrooms, Whole227 g",$2.28
1814,"President's ChoiceWhite Mushrooms, Whole227 g",$2.28
1815,Tomato on the Vine Red,$5.45
1816,White Mushrooms,$0.26
1817,Cilantro1 ea,$1.48
1818,Villagio Marzano Tomatoes681 g,$6.98
1819,President's ChoiceWhite Mushrooms454 g,$3.28
1820,Curly Parsley1 ea,$1.48
1821,Tomato Beefsteak  Red,$1.76
1822,"President's ChoiceCremini Mushrooms, Whole227 g",$2.28
1823,"President's ChoiceWhite Mushrooms, Whole227 g",$2.28
1824,Tomato on the Vine Red,$5.45
1825,White Mushrooms,$0.26
1826,Cilantro1 ea,$1.48
1827,Villagio Marzano Tomatoes681 g,$6.98
1828,President's ChoiceWhite Mushrooms454 g,$3.28
1829,Curly Parsley1 ea,$1.48
1830,Tomato Beefsteak  Red,$1.76
1831,"President's ChoiceCremini Mushrooms, Whole227 g",$2.28
1832,"President's ChoiceWhite Mushrooms, Whole227 g",$2.28
