,Item,Price
0,"President's ChoiceCremini Mushrooms, Whole227 g",$2.28
1,Cobb Salad with Turkey & Bacon206 g,$3.98
2,Red Hot Thai Chili Peppers75 g,$3.98
3,Red Potatoes,$0.85
4,PC OrganicsBaby-Cut Carrots2 lb,$4.98
5,"President's ChoiceCremini Mushrooms, Sliced227 g",$2.48
6,"Wonderful Pistachios, Sweet Chili200 g",$5.98
7,President's ChoiceNavel Oranges Cara Cara3 lb bag,$5.98
8,Quinoa Salad1 ea,$14.00
9,Farmer's MarketRed Onions10 lb bag,$6.98
10,Rasberries 1/2 Pint0.50 pint,$4.98
11,Red Peppers    ,$1.58
12,Ziggy'sOil & Vinegar Coleslaw1.25 kg,$4.48
13,"Garden Salad with Cheese, Small",$4.92
14,Reser'sPotato and Egg Salad454 g,$4.48
15,"Avocado, 5/6-Count1 ea",$2.98
16,POM WonderfulPomegranate Juice710 mL,$6.98
17,Red Leaf Lettuce1 ea,$2.98
18,Ziggy'sPasta Salad Mediterranean Style340 g,$2.48
19,Kohlrabi,$2.14
20,Farmer's MarketFM CarrotsMini 2LB2 lb bag,$3.98
21,Butternut Squash,$7.04
22,Mango1 ea,$1.28
23,Clementine Stem & Leaf,$0.69
24,Red Onion,$1.62
25,Nectarines,$0.92
26,Raspberry Banana Parfait290 g,$3.00
27,Snap Peas200 g,$2.48
28,President's ChoicePCO Basil 20G20 g,$1.98
29,BolthouseVanilla Chai Tea946 mL,$5.98
30,"Happy PlanetFruit Smoothie, Extreme C900 mL",$4.98
31,Farmer's MarketFM English Cucumber 3Ct3 Pack,$3.98
32,"Grapes, Red Globe",$5.36
33,Canary Melons,$1.41
34,DoleSesame Ginger Chopped Salad381 g,$4.98
35,Organic Green Zucchini1 ea,$4.48
36,Yellow Peaches,$1.31
37,White Onion,$1.62
38,Black Seedless Grapes,$9.03
39,PC OrganicsOrganic Spring Spinach142 g,$4.48
40,"President's ChoiceCremini Mushrooms, Whole454 g",$3.28
41,Happy PlanetExtreme Green Fruit Smoothie900 mL,$4.98
42,President's ChoicePazazz Apples900 g,$2.98
43,Chinese Bitter Melon,$1.44
44,Rapini1 ea,$2.48
45,Spanish Onion,$1.44
46,BolthouseBlue Goodness946 mL,$5.98
47,Ginger,$0.82
48,Fresh Tilapia Fillets,$22.31
49,President's ChoiceMaple Flavoured Naturally Smoked Bacon500 g,$5.98
50,Cod Fillet,$20.80
51,President's ChoiceSouthern-Style Turkey Breast Strips0.91 kg,$13.98
52,Basa Fillets,$19.08
53,"Chicken Drumsticks, Service Case",$6.73
54,President's ChoiceBreaded Butterflied Shrimp400 g,$11.98
55,SeaquestShrimp Ring454 g,$11.00
56,President's ChoiceNashville Style Shrimp 340 g,$8.24
57,President's ChoicePC FREE FROM LEAN GROUND BEEF454 g,$7.00
58,"No NameChicken Wings, Honey Garlic908 g",$10.00
59,"Halal Lean Ground Beef, Club Pack",$12.64
60,"President's ChoiceChicken Wings, Medium Buffalo with Sauce907 g",$12.98
61,No NameMild Sugar-Cured Bacon500 g,$4.98
62,"President's ChoiceFree From Boneless Pork Center Chop, Tray Pack",$10.20
63,"Sirloin Tip Roast, Club Pack",$38.64
64,Outside Round Marinating Steak,$5.94
65,President's ChoiceLemon & Garlic Pacific White Shrimp With A Zesty Lemon And Garlic Sauce480 g,$12.98
66,Chicken Hearts,$9.90
67,"High LinerPan Sear Selects, Haddock Roasted Garlic500 g",$8.98
68,Breaded Popcorn Shrimp908 g,$10.00
69,"Halal Tandoori Chicken, Tikka",$10.93
70,No NameOriginal Smoked Sausages900 g,$8.98
71,"Eye Of Round Roast, Club Pack",$36.54
72,"Inside Round Marinating Steak, Club Pack",$16.79
73,"President's ChoiceFree From Boneless Pork Center & Rib Chops, Club Pack",$14.14
74,JanesUltimates Crunchy Breaded Whole Chicken Fillets1 kg,$16.98
75,President's ChoiceWild Atlantic Cod Fillets 280 g,$6.99
76,"Lean Ground Beef & Pork, Club Pack",$18.39
77,Whole Yellowtail Snapper,$4.49
78,"Chicken Breast, Boneless Skinless Club Pack",$23.03
79,"Cedar Plank Salmon, Applewood with Orange & Ginger685 g",$22.00
80,Anchor BayWhole Tilapia1.36 kg,$8.98
81,"Rib Steak, Cap off",$17.62
82,"No NameChicken Wings, Mild BBQ908 g",$10.00
83,Medium Ground Beef Club Pack,$10.98
84,"High LinerSignature English Style Battered Cod Fillets, Uncooked2 kg",$21.98
85,Swiss ChaletChalet BBQ Pork Ribs600 g,$11.98
86,Rainbow Trout Fillets,$10.02
87,"President's ChoiceShrimp, Cooked1.50 kg",$29.98
88,Anchovy Paste56 g,$2.98
89,Pork Whole Side Ribs,$13.52
90,"High LinerFish Sticks, Family Pack700 g",$4.48
91,"High LinerPan Sear Selects Sole, Lemon Pepper540 g",$8.98
92,Pork Tenderloin,$5.50
93,"No NameChicken Wings, Medium BBQ908 g",$10.00
94,"High LinerFish In Tempura Batter, Haddock350 g",$4.48
95,"Maple LeafBacon, Salt Reduced375 g",$6.98
96,KraftOriginal Slices410 g,$4.98
97,"No NameCheese, Light Old Cheddar400 g",$4.88
98,LactantiaProvencal Garlic Butter125 g,$3.08
99,Coffee MateBliss Almond Caramel473 mL,$2.98
100,PhiladelphiaWhipped Chives Cream Cheese227 g,$3.48
101,"President's ChoiceSmoked White Cheddar, Mild400 g",$4.88
102,"OikosGreek Yogurt -Limited Edition - Maple Flavour , 100g (Pack of 4)4x100g",$4.18
103,PhiladelphiaOnion Dip340 g,$4.00
104,"IOGOYogurt, Vanilla 1.5%650 g",$3.28
105,"Danone ActiviaYogurt with Probiotics, 0% M.F. Fat Free, Vanilla/Strawberry/Peach/Raspberry, 100g (Pack of 12)12x100g",$6.68
106,"PC OrganicsOrganic Fresh Churned Butter, Salted250 g",$5.28
107,"ArmstrongCheese, Marble Cheddar700 g",$7.98
108,"AstroSmooth 'N Fruity Yogurt, Strawberry650 g",$2.98
109,"IOGOI�GO CDN Harvest 650G Blueberry 3,2%650 g",$2.28
110,PhiladelphiaWhipped Original Cream Cheese227 g,$3.48
111,DanoneDanone Light 'N' Free Grilled Pineapple Tub 710g710 g,$6.48
112,ArmstrongExtra Old White Cheddar Cheese 31% M.F. Cracker Cut600 g,$7.98
113,NestleRolo Milkshake473 mL,$2.50
114,"YosoSoygo Yogurt, Multipack6x125g",$5.28
115,Cracker BarrelLight Old Cheddar Cheese400 g,$4.98
116,PillsburyChocolate Chunk Cookie Chub468 g,$3.18
117,"RivieraGoat Yogurt, Plain 4.9%500 g",$4.48
118,NeilsonLactose Free Skim Milk1 L,$3.98
119,BabybelMini Babybel Dairy Snack Light 13% M.F. 12 x 20 g (240 g)240 g,$8.28
120,"ParmalatHalal Yogurt, Plain 0%750 g",$2.48
121,"NeilsonFlavoured Milk, Strawberry1 L",$2.98
122,Coffee MateLiquid Creamer Caramel Macchiato946 mL,$3.98
123,KraftHabanero Cheese Shreds320 g,$4.98
124,"No NameCheese, Old Cheddar200 g",$3.28
125,"AstroOriginal Organic Yogurt, Plain650 g",$3.98
126,Skyr Strawberry Yogurt 0%150 g,$3.78
127,ArmstrongMozzarellissima 20% 690g 690 g,$11.99
128,"AstroOriginal Balkan Style Yogurt, Strawberry/Raspberry/Black Cherry/Nectarine12x100g",$5.48
129,"YoplaitYop Yogurt Drink, Vanilla6x200mL",$5.48
130,Neilson2% Milk473 mL,$2.08
131,NeilsonWhipping Cream473 mL,$4.08
132,Cracker BarrelMedium Cheddar Cheese Snacks168 g,$4.48
133,"ArzProbiotic Yogurt 0%, Plain750 g",$3.28
134,Cracker BarrelMarble Sliced Cheese240 g,$4.78
135,"Gray RidgeGrade A Premium White Eggs, Large12 Eggs",$3.68
136,"PCCreamy Yogurt, Strawberry Vanilla Blueberry Apple16x100g",$5.28
137,NeilsonLactose Free 2% Milk1 L,$3.98
138,Cracker BarrelSwiss Sliced Cheese220 g,$4.78
139,"No NameCottage Cheese, Fat Free500 g",$2.48
140,PillsburyGrands! Cinnabon Cinnamon Roll496 g,$4.28
141,Coffee MateCafe Mocha473 mL,$3.48
142,Earth's Own SoFresh Unsweetened Original Fortified Oat Beverage1.75 L,$3.98
143,"Danone DaninoDanino Paw Patrol Yogurt Drink for Kids, Stawberry Flavour, 93ml (Pack of 8)8x93mL",$4.78
144,"Farmer's MarketMuffins, Carrot660 g",$4.50
145,ACEOrganic Whole Wheat Bread Sliced454 g,$4.98
146,"DItalianoBread, Brizzolio Hamburger Buns528 g",$2.98
147,"Casa Mendosa6 Large Tortillas, Tomato Salsa384 g",$2.98
148,"Rolls, Calabrese480 g",$3.00
149,"Ready BakeMini Sugar Donuts, Club Pack40x15g",$4.00
150,"President's ChoiceApple Blossoms, Caramel228 g",$3.48
151,Strawberry Cake 8 Inch1000 g,$18.98
152,Farmer's MarketCookies Oatmeal456 g,$4.50
153,Italian Loaf450 g,$1.00
154,White Batard Bread275 g,$2.48
155,"President's ChoiceCheesecake, Blueberry Topped600 g",$8.98
156,DimpflmeierKlosterbrot Bread454 g,$3.98
157,RudolphsLight Rye Bread680 g,$3.98
158,Old MillSesame Bagels510 g,$1.98
159,12 Grain Sliced Bread450 g,$3.00
160,DimpflmeierBavarian Multigrain Bread500 g,$3.48
161,"Farmer's MarketLoaf Cake, Golden390 g",$4.00
162,Farmer's MarketCoffee Cake with Lemon Filling850 g,$6.00
163,Baker StreetBanana Cream Pie615 g,$19.98
164,President's ChoiceBrioche Loaf400 g,$3.98
165,SurajNaan Whole Wheat 5 Flatbreads500 g,$2.18
166,Dimpflmeier100% Rye Bread With Flaxseeds454 g,$3.98
167,President's ChoiceThins Buns Multigrain8x60g,$2.98
168,Ready BakeFrozen White Pizza Dough650 g,$2.98
169,Bakerstreet Strawberry Shortcake1.40 kg,$19.98
170,"Roti Wrap Original, 15pieces750 g",$3.28
171,"Cupcakes, 4 Pack4x70g",$6.00
172,President's ChoiceGluten Free Chocolate Cupcakes300 g,$4.98
173,WestonHearty Grains Bread570 g,$4.48
174,ACECiabatta Cluster400 g,$2.98
175,RubschlagerBavarian Multigrain Loaf454 g,$3.28
176,ACERosemary Focaccia Triangle Buns960 g,$5.00
177,President's ChoiceGluten Free Chocolate Chip Cookies350 g,$5.98
178,"ACEOval, Three Cheese454 g",$5.48
179,No NameOriginal Cheesecake510 g,$5.00
180,DItalianoBake At Home Thick Sliced Garlic Parmesan Bread672 g,$5.99
181,Mini Broioches480 g,$3.48
182,"Tartlet, Blueberry90 g",$1.00
183,ACEWhite Baguette Bagel300 g,$3.48
184,"Farmer's MarketCoffee Cake, Banana Chocolate Chip850 g",$6.00
185,SurajNaan Original 10 Flatbreads1 ea,$3.00
186,Casa MendosaExtra Large Burrito Tortillas630 g,$4.79
187,ACEMultigrain Sliced Miche600 g,$4.48
188,"Farmer's Market10"" Pie Strawberry Rhubarb1 kg",$7.00
189,President's ChoiceDouble Chocolate Brownies475 g,$8.98
190,Cinnamon Raisin Bread Sliced550 g,$3.28
191,Farmer's MarketOatmeal Raisin Cookies798 g,$6.00
192,SchneiderThuringer Sausage 4/Cs,$24.80
193,"San DanieleMortadella, Hot (Thin Sliced)",$2.28
194,"Tinnels Jamaican Beef Patties, Spicy5x1ea",$5.00
195,"President's ChoiceCheese, Marble Block Club Pack500 g",$12.48
196,OlymelOlymel Smoked Ham Old Fashioned150 g,$4.98
197,No NameItalian Sub Variety Pack Sliced375 g,$3.98
198,BaldersonDouble Smoked Cheddar250 g,$9.28
199,"President's ChoiceSmoked White Cheddar, Mild400 g",$4.88
200,"MarzettiFruit Snack Pack, Caramel Dip6x57g",$4.98
201,"ZertoParmesan, Shredded140 g",$7.00
202,President's ChoiceSliced Medium Cheddar Cheese170 g,$5.68
203,OlivieriItalian Sausage Sauce550 mL,$7.98
204,President's ChoiceOven Roasted Chicken Breast175 g,$6.28
205,"OlivieriPasta Sauce, Alfredo Herb600 mL",$7.98
206,"SabraHummus, Roasted Garlic with Pretzels129 g",$2.48
207,YvesYVES MAPLE VEG BRKFST SAUSAG212 g,$4.98
208,Ziggy'sKalamata Olives500 mL,$6.48
209,SchneiderPepperoni Pepperettes375 g,$8.00
210,Wholly Guacamole Minis227 g,$4.98
211,Brown Rice Spicy Crab Roll240 g,$6.78
212,"President's ChoiceDip, Roasted Red Pepper227 g",$3.28
213,Canadian Swiss Cheese,$4.17
214,Bradbury's Cheddar Redwood200 g,$6.00
215,SchneiderJumbo Summer Sausage (Thin Sliced),$3.58
216,"Macaroni & Cheese, Small400 g",$5.00
217,SabraHummus with Roasted Garlic482 g,$6.88
218,President's ChoiceGoat’S Milk Chèvre Crumbled Soft Unripened Cheese165 g,$5.68
219,"Italian Chicken Strips, Club Pack500 g",$10.00
220,EmmiEmmentaler AOP350 g,$12.00
221,"AncoGouda, Jalapeno350 g",$10.28
222,"DaiyaCream Cheese Style Spread, Chive & Onion227 g",$5.98
223,President's ChoiceHot Genoa Salami,$9.51
224,YvesKale & Root Patties280 g,$4.98
225,"President's ChoiceCheese, Parmesan Grated 100%250 g",$6.48
226,PC SplendidoSalami with Prosciutto150 g,$6.48
227,"President's ChoiceCheese, Havarti Slices 25% Less Fat160 g",$5.68
228,Soup's On SoupBarley Soup's On Soup Garden Vegetable and Lentil925 mL,$7.48
229,"PC SplendidoMushroom Ravioli, Large600 g",$7.98
230,SchneiderLunch Mate Stackers Kielbassa90 g,$3.28
231,Ziggy'sPotato & Egg Salad454 g,$2.48
232,Summer FreshPad Thai Salad800 g,$6.98
233,"Tofu, Silken454 g",$2.48
234,Roasted Corn & Pepper Quinoa,$8.32
235,Ziggy'sFettuccine Alfredo1 kg,$11.98
236,"BergeronGouda, Mild500 g",$11.68
237,Swiss KnightGruyère170 g,$6.98
238,"President's ChoiceCanadian White Cheddar, Aged 2 Years500 g",$12.98
239,"Hot StuffsSummer Sausage, Sliced175 g",$4.48
240,President's ChoiceSouthern-Style Turkey Breast Strips0.91 kg,$13.98
241,"Chicken Drumsticks, Service Case",$6.73
242,"T&TDumpling, Cabbage & Pork567 g",$5.48
243,President's ChoiceBreaded Butterflied Shrimp400 g,$11.98
244,NanakKaju Katli225 g,$6.98
245,"High LinerBreaded Haddock Bites, Roasted Garlic & Herb600 g",$8.98
246,Swiss ChaletChalet BBQ Pork Ribs600 g,$11.98
247,"KelloggsEggo Buttermilk Pancakes, 8 wafles310 g",$2.98
248,Halo TopSea Salt Caramel473 mL,$6.98
249,Smoked Bacon Hash Browns1.20 kg,$10.00
250,President's ChoiceFrench Vanilla Ice Cream1.65 L,$4.00
251,Five AliveCitrus295 mL,$1.58
252,"President's ChoiceIce Cream Shop Flavours, Elk Crossing946 mL",$3.78
253,No NameStraight Cut French Fries2 kg,$3.98
254,"Anchor BayBlack Tiger Shrimp, 31/40400 g",$13.00
255,SeaquestShrimp Ring454 g,$11.00
256,Green GiantValley Selections Stir Fry Medley400 g,$3.28
257,"AmysOrganic Burrito, Breakfast170 g",$3.98
258,NestleRolo Frozen Dessert1.50 L,$6.98
259,President's ChoiceIce Cream Shop Rocky Road Mini Ice Cream Bars330 mL,$4.98
260,President's ChoiceMini Chicken Empanadas480 g,$7.98
261,"T&TShrimp Dumpling, Cooked208 g",$3.68
262,Chicken Wontons300 g,$2.98
263,"Dr OetkerMini Pizzas, Pepperoni696 g",$6.28
264,CavendishCavendish Farms Classics Hash Brown Sticks (1Kg)1 kg,$4.48
265,ShanaMasala Chapatti400 g,$2.78
266,T&TGreen Onion Pancakes600 g,$3.98
267,Green GiantCauliflower Medley Riced Veggies340 g,$3.98
268,President's ChoiceSeafood Bake Tray Cajun 700 g,$15.98
269,"President's ChoiceIce Cream Shop Flavours, Peanut Butter & Chocolate946 mL",$3.78
270,MccainBreakfast Homefries650 g,$3.28
271,"KelloggsEggo Plus Fibre Blueberry Flavour, 8 waffles280 g",$2.98
272,"MccainDeep 'n Delicious, Vanilla Cake510 g",$4.98
273,"High LinerBreaded Haddock Bites, Original, Uncooked600 g",$8.98
274,BreyersReese Cups1.66 L,$5.98
275,JanesUltimates Crunchy Breaded Whole Chicken Fillets1 kg,$16.98
276,FlamingoNacho Chicken Chips900 g,$10.98
277,Asian DelightRoyal Delight Halal Chicken Roll455 g,$3.68
278,PC Blue MenuBlue Menu Spicy Chicken Vindaloo350 g,$3.98
279,KlondikeKlondike Krunch Bars4x125mL,$6.28
280,Michelina's Signature Cheese Tortellini with Broccoli and Alfredo Sauce227 g,$2.00
281,CavendishCavendish Farms Restaurant Style Frites Extra Thin Gourmet Fries (750G)750 g,$3.48
282,DelissioPizzeria Vintage 4 Cheese519 g,$4.44
283,President's ChoiceShrimp Au Gratin206 g,$7.98
284,ChapmansNeapolitan Ice Cream Sandwich12x120mL,$6.18
285,Anchor BayWhole Tilapia1.36 kg,$8.98
286,PC OrganicsWhole Strawberries600 g,$6.48
287,"No NameChicken Wings, Mild BBQ908 g",$10.00
288,President's Choice100% Apple Juice Not From Concentrate1.89 L,$2.68
289,"SilkAlmond Beverage, Unsweetened, Dairy-Free, 946ml (Pack of 6)6x946mL",$11.98
290,"OasisSmootie, Strawberry and Dragon Fruit1.36 L",$3.48
291,President's ChoiceRed De-Alcoholized Wine With Natural Flavour750 mL,$6.48
292,Twinings20ct Chai20 ea,$4.98
293,"Diet Coke Cans, 4 Pack4x310mL",$2.78
294,Twinings20ct Earl Grey Decaf20 ea,$4.98
295,KeurigTimothy's Rainforest Espresso30 ea,$16.98
296,"President's ChoiceFree & Clear, Golden Peach1 L",$1.00
297,PC OrganicsLemonade946 mL,$3.28
298,Barq'sRoot Beer (Case)12x355mL,$5.48
299,Tasters ChoiceClassic Instant Coffee100 g,$3.98
300,"PerrierCarbonated Water, Strawberry1 L",$1.47
301,Maxwell HouseOriginal Roast Ground Coffee925 g,$8.98
302,Happy PlanetExtreme Green Fruit Smoothie900 mL,$4.98
303,"Crystal LightSingles, Lemon Lime, 10 Packets36 g",$3.68
304,President's ChoiceRegular Espresso Perfetto250 g,$5.98
305,TropicanaTropics Orange Strawberry1.75 L,$3.88
306,NescafeSweet and Creamy Caramel Instant Coffee342 g,$4.98
307,"SilkAlmond Coconut Blend Beverage, Unsweetened, Dairy-Free, 1.89L1.89 L",$3.98
308,"OasisFruits + Vegetables, Deliciously Red960 mL",$1.78
309,RubiconLychee Exotic Juice Drink1 L,$2.28
310,"NaturaOrganic Soy Beverage, Enriched Vanilla946 mL",$2.28
311,President's ChoiceTextured To-Go Mug1 ea,$4.98
312,PC Blue MenuSmooth Vegetable Cocktail1.89 L,$1.88
313,NakedGreen Strawberry Banana450 mL,$3.98
314,"President's ChoiceMug, Mr. and Mrs1 ea",$5.48
315,"CarnationBreakfast Essentials, Breakfast Drink Mix, Chocolate10x40g",$7.48
316,Fruit DropLemon Lime Water1 L,$1.00
317,Organic Harvey & Vern's Olde Fashioned Root Beer355 mL,$1.88
318,1850 Ground Coffee Midnight Gold Dark Roast Coffee340 g,$7.98
319,RoseLime Cordial739 mL,$4.48
320,Red BullEnergy (Case)4x250mL,$8.98
321,HeinzTomato Juice Re-sealable Bottle1.82 L,$3.68
322,"Tim HortonsK Cup Coffee, Hazelnut120 g",$10.48
323,"GTs Classic Synergy Organic & Raw, Divine Grape480 mL",$3.98
324,CarnationCarnation Flavoured Hot Chocolate Variety Pack25 g,$3.98
325,7UP Soda (Case)6x710mL,$4.88
326,MuskokaLoon Call Breakfast Blend454 g,$15.98
327,"Kool-AidJammers, Grape, 10 Pouches10x180mL",$2.48
328,"V8Vegetable Cocktail, Low Sodium1.89 L",$3.38
329,Ethical BeanBold Dark Roast Whole Bean Coffee340 g,$11.98
330,Friendship Cream Product170 g,$1.48
331,President's ChoiceCranberry Cocktail3.78 L,$4.48
332,"No NameSyrup, Chocolate2 L",$7.98
333,"NaturaOrganic Soy Beverage, Strawberry946 mL",$2.28
334,President's ChoiceTonic Water (Case)6x222mL,$1.98
335,"V8Vegetable Cocktail, Low Sodium6x156mL",$3.28
336,No NameArtificial Vanilla Extract250 mL,$3.48
337,"Sun Butter Spread Sunflower Butter, No-Sugar454 g",$6.98
338,"No NameCake Mix, Devil's Food468 g",$1.68
339,ParleHide & Seek Fab! Orange Cookie112 g,$0.98
340,"BuglesCorn Snacks, Original213 g",$1.98
341,"Betty CrockerFruit Snacks, Animated Edition226 g",$2.98
342,"Humpty DumptyParty Mix, Cheese280 g",$3.28
343,"ChristieTRISCUIT with Garlic, Onion & Poppy Seed200 g",$2.00
344,"No NameCake Mix, Chocolate Deluxe468 g",$1.68
345,President's ChoiceRefrigerated Spring Herb Vinaigrette350 mL,$3.98
346,"ChristieRitz Crisp & Thin Crackers, Barbecue115 g",$3.00
347,No NamePecan Pieces400 g,$11.98
348,President's ChoiceRefrigerated Apple Cider Vinaigrette350 mL,$3.98
349,"ChristieRitz Crisp & Thin Crackers, Cheddar Cheese115 g",$3.00
350,"No NameCake Mix, White468 g",$1.68
351,"Lapids ChoiceFried Pork Rinds, Garlic78 g",$2.18
352,RyvitaRye Crispbread Flaxseed & Nigella Seed200 g,$3.68
353,MeijiYan Yan Chocolate57 g,$1.68
354,"DoritosTortilla Chips, Sweet Chili Heat!255 g",$2.98
355,Betty CrockerDessert Mix & Frosting Peanut Butter204 g,$2.18
356,"No NamePumpkin Seeds Raw, Unsalted100 g",$2.48
357,President's ChoicePure Vanilla Extract125 mL,$15.98
358,"Jelly BellyJelly Beans, Assorted Flavours255 g",$5.00
359,MeijiYan Yan Strawberry57 g,$1.68
360,Parle Cheeselings160 g,$2.58
361,Nando'sNando's Mayonnaise Style Dressing Perinaise Lemon & Herb Extra Mild255 mL,$4.48
362,RyvitaSnackbread Pepper Flavour125 g,$2.48
363,HeinzDeep-Browned Beans with Pork & Tomato Sauce398 mL,$1.28
364,MaggiTamarina Sauce340 mL,$2.38
365,"Six FortuneNoodles, Miso Udon200 g",$1.38
366,SurajHusked Split Desi Chick Peas1.80 kg,$4.48
367,"Banana Chips, Spicy341 g",$3.28
368,RoosterChili Chicken Noodle Cup65 g,$0.78
369,President's ChoiceDressing Ranch355 mL,$2.98
370,No NamePecan Pieces100 g,$3.98
371,GENERAL MILLSReese Puffs Cereal601 g,$4.98
372,President's ChoiceSpearmint Leaves16 g,$4.58
373,Baker's100% Pure Premium White Chocolate Baking Bar170 g,$4.98
374,Nature's PathCrispy Rice Cereal750 g,$8.98
375,"ChristieFudgee-O, Original500 g",$3.48
376,WrigleyWhite Bubblemint12 ea,$1.28
377,Holbros Extra Hot Horseradish250 mL,$4.18
378,President's ChoiceWhole Cashews200 g,$5.98
379,Club HouseSavoury Seas Blend19 g,$3.28
380,"Nature's PathOatmeal , Cinnamon & Pumpkin seed228 g",$4.48
381,President's ChoiceMushroom Flavour Long Grain & Wild Rice Sides250 g,$2.78
382,RizopiaBrown Rice Spirals454 g,$1.98
383,Sensible PortionsVeggie Chips142 g,$2.48
384,GardeinMeat - Free the Ultimate Beefless Ground390 g,$5.48
385,"SilkAlmond Beverage, Unsweetened, Dairy-Free, 946ml (Pack of 6)6x946mL",$11.98
386,"Love Child OrganicsOrganic Fruit Yogurt, Pears Bananas Blackberries & Raspberries128 mL",$1.68
387,PC OrganicsMango Lemonade946 mL,$3.28
388,LarabarProtein Bar Almond Butter52 g,$1.28
389,AmysRice Mac & Cheese227 g,$3.68
390,LarabarMint Chocolate Bar45 g,$1.28
391,Kombucha Synergy Trilogy Organic & Raw1.40 L,$9.48
392,PC OrganicsOrganic Vegetable Broth900 mL,$2.98
393,"GTs Classic Synergy Organic & Raw, Divine Grape480 mL",$3.98
394,"KettleChips, Avocado Chili Lime170 g",$3.28
395,Lovegoodfats Cookies and Cream Snack Bar39 g,$2.98
396,Oat DreamBar with Whey Protein Chocolate Mint (Case)12x51g,$26.78c
397,Prasad AyurvedaOrganic Ghee Butter225 g,$15.98
398,PC OrganicsBaby-Cut Carrots2 lb,$4.98
399,PC OrganicsSpaghetti454 g,$2.48
400,"KettlePotato Chips, Sea Salt220 g",$2.48
401,Kicking HorseOrganic Dark Roast Kick Ass284 g,$10.98
402,"Love GrownOat Clusters, Chocolate Cocoa Goodness340 g",$6.48
403,"KettleKrinkle Cut Potato Chips, Salt & Pepper220 g",$3.28
404,Love GrownPower os Cinnamon255 g,$6.48
405,Barbaras BakeryCinnamon Puffins Cereal285 g,$4.48
406,YoFiit Midday Energy Choco Goji Energy Bar50 g,$2.98
407,"Enjoy LifeChocolate Mega Chunks, Semi-Sweet283 g",$5.98
408,"Pur GumWintergreen Gum, Bag80 g",$4.78
409,Nature's BakeryWhole Wheat Fig Bar (Case)12x57g,$8.48
410,"Krinkle Cut Sweet Potato Chips, Sea Salt165 g",$4.48
411,"AmysOrganic Burrito, Black Bean170 g",$3.98
412,"ClifEnergy Bar, Chocolate Peanut Butter (Case)12x50g",$23.98c
413,"PC OrganicsBrown Rice Pasta, Fusilli454 g",$2.48
414,"Rise KombuchaKombucha, Hibiscus Rosehips414 mL",$3.48
415,Crunchy Little Lentils Barbecue140 g,$3.98
416,CENTRAL ROASTDark Chocolate Almonds 270 g,$8.98
417,"Nature's BakeryFig Bar, Blueberry57 g",$1.28
418,"NaturaOrganic Soy Beverage, Enriched Vanilla3x200mL",$2.68
419,From Japan Brown Rice Miso150 g,$7.98
420,Suzie's Good FatsSuzie's Good Fats Peanut Butter Chocolate Chip Cookie Dough39 g,$33.98c
421,KijuOrganic Grape Apple Juice4x200mL,$2.00
422,"PCCheese, Old Cheddar Lactose Free400 g",$4.88
423,FieldBurger Veggie Patties368 g,$8.98
424,Bobs Red MillChia Seeds Organic Premium Whole340 g,$7.48
425,"Thrive TribePaleo Bites, Apricot Pecan170 g",$6.98
426,"UDI'sGluten-Free Ancient Grains Bread, Omega-3 Flax & Fibre406 g",$6.98
427,"So DeliciousCoconut Dairy-Free Frozen Dessert, Salted Caramel Cluster Flavour, 473ml500 mL",$6.78
428,Organic Dark Chocolate Clusters with Almond & Cranberry300 g,$8.98
429,Fruit Bliss Organic Turkish Figs142 g,$7.98
430,"Nuts to YouOrganic Peanut Butter, Smooth500 g",$6.48
431,PranaOrganic Nirvana Sea Salted Almonds150 g,$6.98
432,PampersPure Protection Diapers Size 4 52 Count52 ea,$22.54
433,PampersBaby-Dry Diapers Size 5 78 Count78 ea,$19.98
434,PampersPure Protection Diapers Size 2 68 Count68 ea,$19.94
435,PampersBaby-Dry Diapers Size 3 104 Count104 ea,$19.98
436,PampersBaby Wipes Sensitive 3X Refill 192 Count192 ea,$8.38
437,PampersBaby Wipes Sensitive 9X Pop-Top504 ea,$19.98
438,PampersBaby-Dry Diapers Size 4 92 Count92 ea,$19.98
439,PampersPure Protection Diapers Size 4 52 Count52 ea,$22.54
440,PampersBaby-Dry Diapers Size 5 78 Count78 ea,$19.98
441,PampersPure Protection Diapers Size 2 68 Count68 ea,$19.94
442,PampersBaby-Dry Diapers Size 3 104 Count104 ea,$19.98
443,PampersBaby Wipes Sensitive 3X Refill 192 Count192 ea,$8.38
444,PampersBaby Wipes Sensitive 9X Pop-Top504 ea,$19.98
445,PampersBaby-Dry Diapers Size 4 92 Count92 ea,$19.98
446,PampersPure Protection Diapers Size 4 52 Count52 ea,$22.54
447,PampersBaby-Dry Diapers Size 5 78 Count78 ea,$19.98
448,PampersPure Protection Diapers Size 2 68 Count68 ea,$19.94
449,PampersBaby-Dry Diapers Size 3 104 Count104 ea,$19.98
450,"PC OrganicsCereal, Multigrain Banana125 g",$2.25
451,PC OrganicsToddler Apple Juice1 L,$1.88
452,PC OrganicsMashed Potatoes & Turkey185 g,$2.25
453,"PC OrganicsOrange, Carrot & Cinnamon Fruit, Veggie And Oat Bars90 g",$2.25
454,PC OrganicsMango And Carrot Whole Grain Puffs Puffed Cereal42 g,$2.25
455,PC OrganicsSpaghetti in Turkey Meat Sauce185 g,$2.25
456,"PC OrganicsToddler Entrée, Fruity Chicken185 g",$2.25
457,"PC OrganicsMini Cereal Bars, Blueberry160 g",$2.25
458,PC OrganicsOrganics Broccoli And Kale Baked Whole Grain Corn Puffs42 g,$2.25
459,PC OrganicsStrawberry Mango Naturally Flavoured Fruit Snack60 g,$3.98
460,"PC OrganicsToddlers Mini Pasta, Bowties454 g",$2.25
461,PC OrganicsStars Pasta454 g,$2.25
462,"President's ChoiceYogurt Melt, Mixed Berry1 ea",$3.28
463,PC OrganicsApple And Strawberry Whole Grain Puffs Puffed Cereal42 g,$2.25
464,PC OrganicsPurple Carrot And Blueberry Whole Grain Puffs Puffed Cereal42 g,$2.25
465,PC OrganicsBroccoli And Spinach Whole Grain Puffs Puffed Cereal42 g,$2.25
466,"PC OrganicsMini Cereal Bars, Banana Berry160 g",$2.25
467,"PC OrganicsMini Cereal Bars, Apple, Acai160 g",$2.25
468,PC OrganicsAnimal Cookies For Toddlers 170 g,$2.25
469,"PC OrganicsFruit, Veggie, & Oat Bars, Raspberry Beet90 g",$2.25
470,PC OrganicsCheddar Cheese Whole Grain Puffs42 g,$2.25
471,President's ChoiceNaturally Flavoured Toddlers Strawberry Yogurt Snack1 ea,$3.28
472,PC OrganicsToddler Blue Fruit Twist60 g,$3.98
473,"PC OrganicsMini Cereal Bars, Berry Pomegranate160 g",$2.25
474,"President's ChoiceTotal Pediatric Nutrition, Vanilla6x235mL",$9.98
475,"PC OrganicsToddler Mini Pasta, Alphabet454 g",$2.25
476,"PC OrganicsCereal, Multigrain Banana125 g",$2.25
477,PC OrganicsToddler Apple Juice1 L,$1.88
478,PC OrganicsMashed Potatoes & Turkey185 g,$2.25
479,"PC OrganicsOrange, Carrot & Cinnamon Fruit, Veggie And Oat Bars90 g",$2.25
480,PC OrganicsMango And Carrot Whole Grain Puffs Puffed Cereal42 g,$2.25
481,PC OrganicsSpaghetti in Turkey Meat Sauce185 g,$2.25
482,"PC OrganicsToddler Entrée, Fruity Chicken185 g",$2.25
483,"PC OrganicsMini Cereal Bars, Blueberry160 g",$2.25
484,PC OrganicsOrganics Broccoli And Kale Baked Whole Grain Corn Puffs42 g,$2.25
485,PC OrganicsStrawberry Mango Naturally Flavoured Fruit Snack60 g,$3.98
486,"PC OrganicsToddlers Mini Pasta, Bowties454 g",$2.25
487,PC OrganicsStars Pasta454 g,$2.25
488,"President's ChoiceYogurt Melt, Mixed Berry1 ea",$3.28
489,PC OrganicsApple And Strawberry Whole Grain Puffs Puffed Cereal42 g,$2.25
490,PC OrganicsPurple Carrot And Blueberry Whole Grain Puffs Puffed Cereal42 g,$2.25
491,PC OrganicsBroccoli And Spinach Whole Grain Puffs Puffed Cereal42 g,$2.25
492,"PC OrganicsMini Cereal Bars, Banana Berry160 g",$2.25
493,"PC OrganicsMini Cereal Bars, Apple, Acai160 g",$2.25
494,PC OrganicsAnimal Cookies For Toddlers 170 g,$2.25
495,"PC OrganicsFruit, Veggie, & Oat Bars, Raspberry Beet90 g",$2.25
496,PC OrganicsCheddar Cheese Whole Grain Puffs42 g,$2.25
497,President's ChoiceNaturally Flavoured Toddlers Strawberry Yogurt Snack1 ea,$3.28
498,PC OrganicsToddler Blue Fruit Twist60 g,$3.98
499,"PC OrganicsMini Cereal Bars, Berry Pomegranate160 g",$2.25
500,"President's ChoiceTotal Pediatric Nutrition, Vanilla6x235mL",$9.98
501,"PC OrganicsToddler Mini Pasta, Alphabet454 g",$2.25
502,"PC OrganicsCereal, Multigrain Banana125 g",$2.25
503,PC OrganicsToddler Apple Juice1 L,$1.88
504,PC OrganicsMashed Potatoes & Turkey185 g,$2.25
505,"PC OrganicsOrange, Carrot & Cinnamon Fruit, Veggie And Oat Bars90 g",$2.25
506,Baby Brezza Formula Pro Advanced1 ea,$239.98
507,KushiesSilibeads Pacifier Clip1 ea,$11.98
508,Snotsucker Nasal Aspirator1 ea,$21.98
509,LansinohNursing Pads100 ea,$12.98
510,"MunchkinMiracle 360 Trainer Cup, 7oz1 ea",$7.98
511,Baby Brezza Formula Pro Advanced1 ea,$239.98
512,KushiesSilibeads Pacifier Clip1 ea,$11.98
513,Snotsucker Nasal Aspirator1 ea,$21.98
514,LansinohNursing Pads100 ea,$12.98
515,"MunchkinMiracle 360 Trainer Cup, 7oz1 ea",$7.98
516,Baby Brezza Formula Pro Advanced1 ea,$239.98
517,KushiesSilibeads Pacifier Clip1 ea,$11.98
518,Snotsucker Nasal Aspirator1 ea,$21.98
519,LansinohNursing Pads100 ea,$12.98
520,"Everyday EssentialsLocking Lid , 4Pc, 1.1L4x1ea",$6.28
521,Rubbermaid1.0Gal/3.7L Take A Long Rectangular Storage Container2x1ea,$6.28
522,"TideLiquid Pods, Original Cold Water12 ea",$5.48
523,RubbermaidEasy Find Lids 14 Cups1 ea,$8.48
524,President's ChoiceLawn & Leaf Bags5 ea,$2.98
525,"PapermateFelt Tip Pens, Flair Colours12 ea",$13.98
526,GladSquare Plates 100 Set100x1ea,$16.48
527,GainLaundry Detergent Liquid 2X High Suds Blissful Breeze Regular1.47 L,$5.98
528,"TideLiquid Pods, Original16 ea",$5.48
529,"CottonelleFlushable Cleansing Cloths, FreshCare Refills84 ea",$6.98
530,GainLaundry Detergent Liquid Pod Blissful Breeze14 ea,$4.98
531,TideLaundry Detergent Liquid 2X High Suds Refreshing Breeze Simply With Oxi3.40 L,$10.98
532,GainLaundry Detergent Liquid 2X High Suds Blissful Breeze Regular2.95 L,$8.98
533,"Post itNotes, Canary1 ea",$9.98
534,No NameLemon Fresh Dishwashing Liquid Club Pack5 L,$10.98
535,Sistema Quad Split To Go1 ea,$10.48
536,"PapermateFlair Felt Tip Pens, Medium Point, Limited Edition Candy Pop16x1ea",$19.98
537,"Everyday EssentialsLocking Lid Set, 20Pc1 ea",$17.98
538,Metal Polish142 mL,$6.98
539,WeimanLeather Wipes30 Sheets,$5.48
540,"LysolBathroom Cleaner Spray, Power and Free Trigger, Cool Spring Breeze, 650ml, Hydrogen Peroxide650 mL",$3.78
541,"JUMP Kids WorldRectangular Snack Storage with Cool Pack,Green1 ea",$2.98
542,No NameParchment Paper10 M,$3.28
543,JUMP Kids WorldEasy Clean Lunch Bag1 ea,$8.98
544,"President's ChoiceIn-Wash Scent Booster, Spring Bloom422 g",$9.98
545,"Arm & HammerOxi Clean Stain Fighters Liquid Laundry Detergent, Cool Breeze 1.84 L",$5.98
546,"President's ChoiceBatteries, Alkaline, AAA1 ea",$9.48
547,"Arm & HammerAir Filter, Fridge Fresh1 ea",$3.48
548,"RubbermaidCereal Container, 22cup1 ea",$14.48
549,Energizer377 Watch Battery1 ea,$8.98
550,"Tpla Forks 6""24x1ea",$5.98
551,"Anchor HockingRound Storage Set, Blue10x1ea",$37.98
552,MethodLaundry Detergent Ginger Mango 66 Loads2 L,$16.98
553,"GladWax Melts, Warmer1 ea",$14.98
554,Pink Pearl Eraser3 ea,$1.68
555,White Etch It Cups20x1ea,$4.48
556,"ViledaPure Household Glove, Large/X-Large1 ea",$5.48
557,"ThermosVacuum Insulated 16oz Food Jar With Spoon, Red1 ea",$24.98
558,"SylvaniaClear Globe Light Bulb, 40W1 ea",$3.48
559,"SoloSugarcane Plate Premium Strength, 6.7in30 ea",$5.48
560,"GainAroma Boost Liquid Laundry Detergent, Original, 64 Loads2.95 L",$8.98
561,"No NameJumbo Plastic Straws, 8""300 ea",$3.98
562,"Air WickPlug-in Air Freshener, Scented Oil Refills, Apple Cinnamon Medley, 2 Refills2x20mL",$8.98
563,"FebrezeCar Clip, Meadow & Rain2 mL",$3.98
564,"GladEasy-Tie Regular Garbage Bags, 40 Bags40 ea",$9.98
565,"RubbermaidFreshworks 8.4C/2L, Medium Rectangle1 ea",$17.98
566,"Everyday Essentials1 Subject Notebook, 100 pages1 ea",$2.99
567,Sylvania15000 Hour LED 3.5W G91 ea,$11.48
568,"Sinful ColoursNail Colour, Spice1 ea",$3.99
569,"Cover GirlLashblast Mascara, Black13.10 mL",$6.98
570,"MaybellineGreat Lash Mascara, Very Black12.70 mL",$4.96
571,"LOreal ParisVoluminous Curved Brush Mascara, Black Brown8 mL",$6.00
572,"Cover GirlUltra Matte Lipstick, Real Thing1 ea",$7.98
573,"MaybellineUnstoppable Eyeliner, Waterproof & Smudge-Proof, Onyx1 ea",$7.98
574,"LOreal ParisVoluminous Original Waterproof Mascara, Carbon Black8 mL",$6.00
575,"MaybellineFit Me! Foundation, SPF 18, Classic Ivory30 mL",$5.98
576,"ElfStudio Face Primer, Poreless1 ea",$8.00
577,"LOreal ParisTelescopic Mascara, Blackest Black1 ea",$11.98
578,"MaybellineInstant Age Rewind Eraser, Neutralizer6 mL",$12.98
579,"Cover GirlLashblast Fusion Mascara, Very Black13.10 mL",$6.98
580,"MaybellineFit Me Concealer, Fair6.80 mL",$5.98
581,"LOreal ParisVoluminous Mascara, Carbon Black8 mL",$6.00
582,"RevlonSo Fierce Mascara, Blackest Black1 ea",$9.98
583,"MaybellineVolum' Express The Colossal Waterproof Mascara, Glam Black9.20 mL",$4.98
584,"LOreal ParisDouble Extend Beauty Tubes Mascara, Blackest Black6.20 mL",$11.98
585,"MaybellineEye Studio Brow Define + Fill Duo, Soft Brown0.10 mL",$8.98
586,LOreal ParisLash Volume Mascara 8 mL,$6.00
587,"MaybellineGreat Lash Mascara, Blackest Black12.70 mL",$4.96
588,LOreal ParisInfallible Pro-Spray & Makeup Extender Setting Spray1 ea,$17.98
589,"LOreal ParisInfallible Super Slim Liquid Eyeliner, Black1 mL",$11.98
590,"MaybellineVolum' Express The Colossal Washable Mascara, Classic Black9.20 mL",$4.98
591,"MaybellineInstant Age Rewind Eraser Concealer, Fair6 mL",$12.98
592,LOreal ParisVoluminous Original Bold Volume Building Mascara 305 Black8 mL,$6.00
593,"Cover GirlClean Oil Control, Pressed Powder, Puff Beige10 g",$6.98
594,"RevlonColorstay Eyeliner, Black-Brown1 ea",$9.98
595,"LOreal ParisVoluminous Waterproof Mascara, Brown8 mL",$6.00
596,LOreal ParisTrue Match Lumi Healthy Luminous Makeup1 ea,$10.98
597,MaybellineVolum' Express The Colossal Washable Mascara - Glam Black9.20 mL,$4.98
598,MaybellineSuperstay Matte Ink Lip Founder5 mL,$8.98
599,"LOreal ParisVoluminous Curved Brush Mascara, Black8 mL",$6.00
600,"Cover GirlPerfect Point Plus Eye Liner, Espresso0.23 g",$6.98
601,"MaybellineGreat Lash Waterproof Mascara, Very Black12.70 mL",$4.96
602,"LOreal ParisTelescopic Mascara, Carbon Black8 mL",$11.98
603,MaybellineInstant Age Rewind Concealer + Treatment 120 Light 6.0 ml6 mL,$12.98
604,"LOreal ParisInfallible Never Fail Eyeliner, Black1.14 g",$12.98
605,"Rimmel LondonLasting Finish Extreme Lipstick, Thirsty Bae1 ea",$8.98
606,LOreal ParisBrow Stylist Definer Ultra-Fine Tip Shaping Pencil 389 Brunette0.24 g,$8.98
607,LOreal ParisBrow Stylist Definer Ultra-Fine Tip Shaping Pencil 390 Dark Brunette0.24 g,$8.98
608,"MaybellineFit Me Matte Foundation, Classic Ivory1 ea",$5.98
609,"Cover GirlLashblast Volume Blasting Mascara, Very Black13.10 mL",$6.98
610,"RevlonPhotoReady Face Powder, Light Medium1 ea",$13.58
611,MaybellineLash Sensational Volumizing Mascara 253 Blackest Black1 ea,$6.98
612,"LOreal ParisTelescopic Mascara, Black1 ea",$11.98
613,MaybellineNew York Fit Me! Foundation 340 Cappuccino30 mL,$5.98
614,"Cover GirlUltra Matte Lipstick, High Roller1 ea",$7.98
615,"MaybellineLash Sensational Mascara, Very Black1 ea",$6.98
616,"Cover GirlLashblast Mascara, Very Black13.10 mL",$6.98
617,"MaybellineGreat Lash Waterproof Mascara, Brown Black12.70 mL",$4.96
618,"RevlonColorstay Eyeliner Pencil, Black1 ea",$9.98
619,"LOreal ParisVoluminous Waterproof Mascara, Black8 mL",$6.00
620,"Cover GirlPerfect Point Plus Eye Liner, Black Onyx0.23 g",$6.98
621,MaybellineNew York Fit Me! Concealer 20 Sand6.80 mL,$5.98
622,"MaybellineDream Fresh 8-In-1 Beauty Balm, Light Tint1 ea",$10.98
623,"RevlonSo Fierce Vinyl Eyeliner, Powerful Plum1 ea",$9.98
624,LOreal ParisVoluminous 300 White Primer7 mL,$6.00
625,"Sinful ColoursNail Colour, Spice1 ea",$3.99
626,"Cover GirlLashblast Mascara, Black13.10 mL",$6.98
627,"MaybellineGreat Lash Mascara, Very Black12.70 mL",$4.96
628,"LOreal ParisVoluminous Curved Brush Mascara, Black Brown8 mL",$6.00
629,"Cover GirlUltra Matte Lipstick, Real Thing1 ea",$7.98
630,"MaybellineUnstoppable Eyeliner, Waterproof & Smudge-Proof, Onyx1 ea",$7.98
631,"LOreal ParisVoluminous Original Waterproof Mascara, Carbon Black8 mL",$6.00
632,"MaybellineFit Me! Foundation, SPF 18, Classic Ivory30 mL",$5.98
633,"ElfStudio Face Primer, Poreless1 ea",$8.00
634,"LOreal ParisTelescopic Mascara, Blackest Black1 ea",$11.98
635,"MaybellineInstant Age Rewind Eraser, Neutralizer6 mL",$12.98
636,"Cover GirlLashblast Fusion Mascara, Very Black13.10 mL",$6.98
637,"MaybellineFit Me Concealer, Fair6.80 mL",$5.98
638,"LOreal ParisVoluminous Mascara, Carbon Black8 mL",$6.00
639,"RevlonSo Fierce Mascara, Blackest Black1 ea",$9.98
640,"MaybellineVolum' Express The Colossal Waterproof Mascara, Glam Black9.20 mL",$4.98
641,"LOreal ParisDouble Extend Beauty Tubes Mascara, Blackest Black6.20 mL",$11.98
642,"MaybellineEye Studio Brow Define + Fill Duo, Soft Brown0.10 mL",$8.98
643,LOreal ParisLash Volume Mascara 8 mL,$6.00
644,"MaybellineGreat Lash Mascara, Blackest Black12.70 mL",$4.96
645,LOreal ParisInfallible Pro-Spray & Makeup Extender Setting Spray1 ea,$17.98
646,"LOreal ParisInfallible Super Slim Liquid Eyeliner, Black1 mL",$11.98
647,"MaybellineVolum' Express The Colossal Washable Mascara, Classic Black9.20 mL",$4.98
648,"MaybellineInstant Age Rewind Eraser Concealer, Fair6 mL",$12.98
649,LOreal ParisVoluminous Original Bold Volume Building Mascara 305 Black8 mL,$6.00
650,"Cover GirlClean Oil Control, Pressed Powder, Puff Beige10 g",$6.98
651,"RevlonColorstay Eyeliner, Black-Brown1 ea",$9.98
652,"LOreal ParisVoluminous Waterproof Mascara, Brown8 mL",$6.00
653,LOreal ParisTrue Match Lumi Healthy Luminous Makeup1 ea,$10.98
654,MaybellineVolum' Express The Colossal Washable Mascara - Glam Black9.20 mL,$4.98
655,MaybellineSuperstay Matte Ink Lip Founder5 mL,$8.98
656,"LOreal ParisVoluminous Curved Brush Mascara, Black8 mL",$6.00
657,"Cover GirlPerfect Point Plus Eye Liner, Espresso0.23 g",$6.98
658,"MaybellineGreat Lash Waterproof Mascara, Very Black12.70 mL",$4.96
659,"LOreal ParisTelescopic Mascara, Carbon Black8 mL",$11.98
660,MaybellineInstant Age Rewind Concealer + Treatment 120 Light 6.0 ml6 mL,$12.98
661,"LOreal ParisInfallible Never Fail Eyeliner, Black1.14 g",$12.98
662,"Rimmel LondonLasting Finish Extreme Lipstick, Thirsty Bae1 ea",$8.98
663,LOreal ParisBrow Stylist Definer Ultra-Fine Tip Shaping Pencil 389 Brunette0.24 g,$8.98
664,LOreal ParisBrow Stylist Definer Ultra-Fine Tip Shaping Pencil 390 Dark Brunette0.24 g,$8.98
665,"MaybellineFit Me Matte Foundation, Classic Ivory1 ea",$5.98
666,"Cover GirlLashblast Volume Blasting Mascara, Very Black13.10 mL",$6.98
667,"RevlonPhotoReady Face Powder, Light Medium1 ea",$13.58
668,MaybellineLash Sensational Volumizing Mascara 253 Blackest Black1 ea,$6.98
669,"LOreal ParisTelescopic Mascara, Black1 ea",$11.98
670,MaybellineNew York Fit Me! Foundation 340 Cappuccino30 mL,$5.98
671,"Cover GirlUltra Matte Lipstick, High Roller1 ea",$7.98
672,"MaybellineLash Sensational Mascara, Very Black1 ea",$6.98
673,"Cover GirlLashblast Mascara, Very Black13.10 mL",$6.98
674,"MaybellineGreat Lash Waterproof Mascara, Brown Black12.70 mL",$4.96
675,"RevlonColorstay Eyeliner Pencil, Black1 ea",$9.98
676,"LOreal ParisVoluminous Waterproof Mascara, Black8 mL",$6.00
677,"Cover GirlPerfect Point Plus Eye Liner, Black Onyx0.23 g",$6.98
678,MaybellineNew York Fit Me! Concealer 20 Sand6.80 mL,$5.98
679,"MaybellineDream Fresh 8-In-1 Beauty Balm, Light Tint1 ea",$10.98
680,"RevlonSo Fierce Vinyl Eyeliner, Powerful Plum1 ea",$9.98
681,LOreal ParisVoluminous 300 White Primer7 mL,$6.00
682,"Sinful ColoursNail Colour, Spice1 ea",$3.99
683,"Cover GirlLashblast Mascara, Black13.10 mL",$6.98
684,"MaybellineGreat Lash Mascara, Very Black12.70 mL",$4.96
685,"LOreal ParisVoluminous Curved Brush Mascara, Black Brown8 mL",$6.00
686,"AnnabelleSatin Single Eyeshadow, Cloud 1212 ea",$5.98
687,"Joe Fresh StyleEyeshadow, Meteor1 ea",$2.94
688,Cover GirlLid Lock Up Eye Shadow Primer 100 Universal1 ea,$8.98
689,MaybellineThe Matte Bar Eye Shadow Palette1 ea,$14.98
690,"AnnabelleSatin Single Eyeshadow, Aura2 ea",$5.98
691,"Joe Fresh StyleEyeshadow, Chmpgne1 ea",$2.94
692,"AnnabelleSingle Eyeshadow, Metallic Turquoise1 ea",$5.98
693,"AnnabelleMatte Single Eyeshadow, Ivory 2252 ea",$5.98
694,"AnnabelleSatin Single Eyeshadow, Cloud 1212 ea",$5.98
695,"Joe Fresh StyleEyeshadow, Meteor1 ea",$2.94
696,Cover GirlLid Lock Up Eye Shadow Primer 100 Universal1 ea,$8.98
697,MaybellineThe Matte Bar Eye Shadow Palette1 ea,$14.98
698,"AnnabelleSatin Single Eyeshadow, Aura2 ea",$5.98
699,"Joe Fresh StyleEyeshadow, Chmpgne1 ea",$2.94
700,"AnnabelleSingle Eyeshadow, Metallic Turquoise1 ea",$5.98
701,"AnnabelleMatte Single Eyeshadow, Ivory 2252 ea",$5.98
702,"AnnabelleSatin Single Eyeshadow, Cloud 1212 ea",$5.98
703,"Joe Fresh StyleEyeshadow, Meteor1 ea",$2.94
704,Cover GirlLid Lock Up Eye Shadow Primer 100 Universal1 ea,$8.98
705,MaybellineThe Matte Bar Eye Shadow Palette1 ea,$14.98
706,"Cover GirlLashblast Volume Blasting Mascara, Very Black13.10 mL",$6.98
707,Rimmel LondonWonderluxe Mascara Black1 ea,$6.98
708,"LOreal ParisVoluminous Superstar Waterproof Mascara, Blackest Black12.70 mL",$10.98
709,"Cover GirlLashblast Mascara, Black13.10 mL",$6.98
710,"Cover GirlLashblast Mascara, Black/Brown13.10 mL",$6.98
711,Cover GirlCG EXH MASCARA NORTHERN BLACK1 ea,$9.98
712,"LOreal ParisTelescopic Mascara, Black1 ea",$11.98
713,LOreal ParisVoluminous Original Bold Volume Building Mascara 305 Black8 mL,$6.00
714,"LOreal ParisVoluminous Superstar Waterproof Mascara, Blackest Black12.70 mL",$10.98
715,"Cover GirlLashblast Fusion Mascara, Very Black13.10 mL",$6.98
716,"Cover GirlLashblast Fusion Water Resistant Mascara, Black Brown13.10 mL",$6.98
717,"Cover GirlLashblast Volume Blasting Mascara, Very Black13.10 mL",$6.98
718,Rimmel LondonWonderluxe Mascara Black1 ea,$6.98
719,"LOreal ParisVoluminous Superstar Waterproof Mascara, Blackest Black12.70 mL",$10.98
720,"Cover GirlLashblast Mascara, Black13.10 mL",$6.98
721,"Cover GirlLashblast Mascara, Black/Brown13.10 mL",$6.98
722,Cover GirlCG EXH MASCARA NORTHERN BLACK1 ea,$9.98
723,"LOreal ParisTelescopic Mascara, Black1 ea",$11.98
724,LOreal ParisVoluminous Original Bold Volume Building Mascara 305 Black8 mL,$6.00
725,"LOreal ParisVoluminous Superstar Waterproof Mascara, Blackest Black12.70 mL",$10.98
726,"Cover GirlLashblast Fusion Mascara, Very Black13.10 mL",$6.98
727,"Cover GirlLashblast Fusion Water Resistant Mascara, Black Brown13.10 mL",$6.98
728,"Cover GirlLashblast Volume Blasting Mascara, Very Black13.10 mL",$6.98
729,Rimmel LondonWonderluxe Mascara Black1 ea,$6.98
730,"LOreal ParisVoluminous Superstar Waterproof Mascara, Blackest Black12.70 mL",$10.98
731,"Cover GirlLashblast Mascara, Black13.10 mL",$6.98
732,Cover GirlEyeliner Amber Intensity1 ea,$9.98
733,LOreal ParisInfallible Never Fail Mechanical Eyeliner Original 521 Slate1.14 g,$12.98
734,LOreal ParisInfallible Never Fail Mechanical Eyeliner Original 541 Navy1.14 g,$12.98
735,"Cover GirlEyeliner Ink, Black1 ea",$9.98
736,Cover GirlGet In Line Liquid Liner 325 Black Vinyl1 ea,$9.98
737,"Cover GirlEyeliner Ink, Gray All Day1 ea",$9.98
738,Cover GirlEyeliner Amber Intensity1 ea,$9.98
739,LOreal ParisInfallible Never Fail Mechanical Eyeliner Original 521 Slate1.14 g,$12.98
740,LOreal ParisInfallible Never Fail Mechanical Eyeliner Original 541 Navy1.14 g,$12.98
741,"Cover GirlEyeliner Ink, Black1 ea",$9.98
742,Cover GirlGet In Line Liquid Liner 325 Black Vinyl1 ea,$9.98
743,"Cover GirlEyeliner Ink, Gray All Day1 ea",$9.98
744,Cover GirlEyeliner Amber Intensity1 ea,$9.98
745,LOreal ParisInfallible Never Fail Mechanical Eyeliner Original 521 Slate1.14 g,$12.98
746,LOreal ParisInfallible Never Fail Mechanical Eyeliner Original 541 Navy1.14 g,$12.98
747,"Cover GirlEyeliner Ink, Black1 ea",$9.98
748,RevlonSuper Lustrous Lip Gloss 243 Solar Coral1 ea,$5.98
749,RevlonSuper Lustrous Lipstick Pearl 457 Wild Orchid1 ea,$5.98
750,"MilaniColor Statement Lipstick, Nude Crème1 ea",$5.58
751,RevlonSuper Lustrous Lip Gloss 255 Sandstorm1 ea,$5.98
752,RevlonSuper Lustrous Lipstick Pearl 205 Champagne on Ice1 ea,$5.98
753,RevlonSuper Lustrous Lipstick Crème 463 Sassy Mauve1 ea,$5.98
754,RevlonSuper Lustrous Lipstick Pearl 657 Fuchsia Fusion1 ea,$5.98
755,RevlonSuper Lustrous Lip Gloss 207 Sky Pink1 ea,$5.98
756,RevlonSuper Lustrous Lipstick Pearl 103 Caramel Glace1 ea,$5.98
757,"Rimmel LondonKate Moss, Lipstick, 41 Nude1 ea",$6.98
758,RevlonSuper Lustrous Lipstick Crème 654 Ravish Me Red1 ea,$5.98
759,RevlonUltra HD Matte Lipcolor 655 HD Kisses1 ea,$7.98
760,RevlonSuper Lustrous Lipstick Crème 535 Rum Raisin1 ea,$5.98
761,RevlonSuper Lustrous Lipstick Crème 440 Cherries in the Snow1 ea,$5.98
762,"MilaniColor Statement Lipstick, Pink Frost1 ea",$5.58
763,"Cover GirlColorlicious Lipstick, Caramel Kiss 2403.50 g",$7.98
764,RevlonRevlonUltra HD Matte Lipcolor 660 HD Romance 5.9 ml1 ea,$7.98
765,RevlonSuper Lustrous Lip Gloss 247 Desert Spice1 ea,$5.98
766,"RevlonUltra HD Matte LipColor, Forever1 ea",$7.98
767,"MilaniColor Statement Lipstick, Naturally Chic1 ea",$5.58
768,RevlonSuper Lustrous Lipstick Pearl 420 Blushed1 ea,$5.98
769,RevlonSuper Lustrous Lip Gloss 243 Solar Coral1 ea,$5.98
770,RevlonSuper Lustrous Lipstick Pearl 457 Wild Orchid1 ea,$5.98
771,"MilaniColor Statement Lipstick, Nude Crème1 ea",$5.58
772,RevlonSuper Lustrous Lip Gloss 255 Sandstorm1 ea,$5.98
773,RevlonSuper Lustrous Lipstick Pearl 205 Champagne on Ice1 ea,$5.98
774,RevlonSuper Lustrous Lipstick Crème 463 Sassy Mauve1 ea,$5.98
775,RevlonSuper Lustrous Lipstick Pearl 657 Fuchsia Fusion1 ea,$5.98
776,RevlonSuper Lustrous Lip Gloss 207 Sky Pink1 ea,$5.98
777,RevlonSuper Lustrous Lipstick Pearl 103 Caramel Glace1 ea,$5.98
778,"Rimmel LondonKate Moss, Lipstick, 41 Nude1 ea",$6.98
779,RevlonSuper Lustrous Lipstick Crème 654 Ravish Me Red1 ea,$5.98
780,RevlonUltra HD Matte Lipcolor 655 HD Kisses1 ea,$7.98
781,RevlonSuper Lustrous Lipstick Crème 535 Rum Raisin1 ea,$5.98
782,RevlonSuper Lustrous Lipstick Crème 440 Cherries in the Snow1 ea,$5.98
783,"MilaniColor Statement Lipstick, Pink Frost1 ea",$5.58
784,"Cover GirlColorlicious Lipstick, Caramel Kiss 2403.50 g",$7.98
785,RevlonRevlonUltra HD Matte Lipcolor 660 HD Romance 5.9 ml1 ea,$7.98
786,RevlonSuper Lustrous Lip Gloss 247 Desert Spice1 ea,$5.98
787,"RevlonUltra HD Matte LipColor, Forever1 ea",$7.98
788,"MilaniColor Statement Lipstick, Naturally Chic1 ea",$5.58
789,RevlonSuper Lustrous Lipstick Pearl 420 Blushed1 ea,$5.98
790,RevlonSuper Lustrous Lip Gloss 243 Solar Coral1 ea,$5.98
791,RevlonSuper Lustrous Lipstick Pearl 457 Wild Orchid1 ea,$5.98
792,"MilaniColor Statement Lipstick, Nude Crème1 ea",$5.58
793,RevlonSuper Lustrous Lip Gloss 255 Sandstorm1 ea,$5.98
794,"MilaniColor Statement Lip Liner, Nude1 ea",$3.18
795,"LOreal ParisColour Riche Lip Liner, Lasting Plum1 ea",$6.98
796,LOreal ParisColour Riche Anti-Feathering Lip Liner 781 Nudes For Life1 ea,$6.98
797,"MilaniColor Statement Lip Liner, Bordeaux1 ea",$3.18
798,LOreal ParisColour Riche Anti-Feathering Lip Liner 780 au Naturale1 ea,$6.98
799,"AnnabelleLipliner, Cherry1 ea",$5.98
800,"MilaniColor Statement Lip Liner, Nude1 ea",$3.18
801,"LOreal ParisColour Riche Lip Liner, Lasting Plum1 ea",$6.98
802,LOreal ParisColour Riche Anti-Feathering Lip Liner 781 Nudes For Life1 ea,$6.98
803,"MilaniColor Statement Lip Liner, Bordeaux1 ea",$3.18
804,LOreal ParisColour Riche Anti-Feathering Lip Liner 780 au Naturale1 ea,$6.98
805,"AnnabelleLipliner, Cherry1 ea",$5.98
806,"MilaniColor Statement Lip Liner, Nude1 ea",$3.18
807,"LOreal ParisColour Riche Lip Liner, Lasting Plum1 ea",$6.98
808,LOreal ParisColour Riche Anti-Feathering Lip Liner 781 Nudes For Life1 ea,$6.98
809,"MilaniColor Statement Lip Liner, Bordeaux1 ea",$3.18
810,"MilaniRose Powder Blush, Romantic Rose1 ea",$7.98
811,AnnabelleBlush #32 Pronto1 ea,$5.26
812,LOreal ParisTrue Match Super-Blendable Cool Blush C1-2 Baby Blossoms 6.0 g1 ea,$10.98
813,"RevlonPowder Blush, Naughty Nude1 ea",$9.98
814,RevlonPowder Blush 003 Mauvelous 5.0 g1 ea,$9.98
815,"Cover GirlCheekers Blush, Soft Sable3.40 g",$2.84
816,"RevlonPowder Blush, Oh Baby Pink1 ea",$9.98
817,"MilaniBaked Blush, Rose Doro1 ea",$7.98
818,"ElfBlush Palette, Light1 ea",$5.94
819,"MilaniBaked Blush, Berry Amore1 ea",$7.99
820,"MilaniBaked Blush, Dolce Pink1 ea",$7.98
821,LOreal ParisTrue Match Super-Blendable Warm Blush W3-4 Barely Blushing 6.0 g1 ea,$10.98
822,"Cover GirlCheekers Blush, Classic Pink3.40 g",$2.84
823,"LOreal ParisTrue Match Blush, Tender Rose1 ea",$10.98
824,"MilaniBaked Blush, Luminoso1 ea",$7.98
825,"MilaniRose Powder Blush, Romantic Rose1 ea",$7.98
826,AnnabelleBlush #32 Pronto1 ea,$5.26
827,LOreal ParisTrue Match Super-Blendable Cool Blush C1-2 Baby Blossoms 6.0 g1 ea,$10.98
828,"RevlonPowder Blush, Naughty Nude1 ea",$9.98
829,RevlonPowder Blush 003 Mauvelous 5.0 g1 ea,$9.98
830,"Cover GirlCheekers Blush, Soft Sable3.40 g",$2.84
831,"RevlonPowder Blush, Oh Baby Pink1 ea",$9.98
832,"MilaniBaked Blush, Rose Doro1 ea",$7.98
833,"ElfBlush Palette, Light1 ea",$5.94
834,"MilaniBaked Blush, Berry Amore1 ea",$7.99
835,"MilaniBaked Blush, Dolce Pink1 ea",$7.98
836,LOreal ParisTrue Match Super-Blendable Warm Blush W3-4 Barely Blushing 6.0 g1 ea,$10.98
837,"Cover GirlCheekers Blush, Classic Pink3.40 g",$2.84
838,"LOreal ParisTrue Match Blush, Tender Rose1 ea",$10.98
839,"MilaniBaked Blush, Luminoso1 ea",$7.98
840,"MilaniRose Powder Blush, Romantic Rose1 ea",$7.98
841,AnnabelleBlush #32 Pronto1 ea,$5.26
842,LOreal ParisTrue Match Super-Blendable Cool Blush C1-2 Baby Blossoms 6.0 g1 ea,$10.98
843,"RevlonPowder Blush, Naughty Nude1 ea",$9.98
844,"ElfStudio Flawless Finish Foundation, Sand23 g",$8.00
845,"LOreal ParisInfallible Fresh Wear Foundation, Natural30 mL",$17.98
846,MaybellineMaybelline New York Dream Matte Mousse Nude Light 4 Foundation15 g,$12.98
847,MaybellineNew York Fit Me! Hydrate + Smooth Foundation 225 Medium Buff SPF 1830 mL,$5.98
848,"MaybellineFit Me! Foundation, SPF 18, Classic Ivory30 mL",$5.98
849,MaybellineFit Me! Hydrate+Smooth Foundation 210 Sandy Beige SPF 1830 mL,$5.98
850,"Joe Fresh StyleFoundation Stck, Sand1 ea",$6.94
851,MaybellineDream Matte Mousse Classic Ivory Light 2 Foundation15 g,$12.98
852,"MaybellineFit Me! Foundation, SPF 18, Nude Beige30 mL",$5.98
853,MaybellineDream Matte Mousse Porcelain Ivory Light 1 Foundation15 g,$12.98
854,"LOreal ParisInfallible Fresh Wear Foundation, Porcelain30 mL",$17.98
855,Cover GirlAqua CG Smoothers Makeup 750 Creamy Beige30 mL,$9.98
856,MaybellineDream Matte Mousse Pure Beige Medium 2 Foundation15 g,$12.98
857,MaybellineNew York Fit Me! Hydrate+Smooth Foundation 220 Natural Beige SPF 1830 mL,$5.98
858,"ElfStudio Flawless Finish Foundation, Sand23 g",$8.00
859,"LOreal ParisInfallible Fresh Wear Foundation, Natural30 mL",$17.98
860,MaybellineMaybelline New York Dream Matte Mousse Nude Light 4 Foundation15 g,$12.98
861,MaybellineNew York Fit Me! Hydrate + Smooth Foundation 225 Medium Buff SPF 1830 mL,$5.98
862,"MaybellineFit Me! Foundation, SPF 18, Classic Ivory30 mL",$5.98
863,MaybellineFit Me! Hydrate+Smooth Foundation 210 Sandy Beige SPF 1830 mL,$5.98
864,"Joe Fresh StyleFoundation Stck, Sand1 ea",$6.94
865,MaybellineDream Matte Mousse Classic Ivory Light 2 Foundation15 g,$12.98
866,"MaybellineFit Me! Foundation, SPF 18, Nude Beige30 mL",$5.98
867,MaybellineDream Matte Mousse Porcelain Ivory Light 1 Foundation15 g,$12.98
868,"LOreal ParisInfallible Fresh Wear Foundation, Porcelain30 mL",$17.98
869,Cover GirlAqua CG Smoothers Makeup 750 Creamy Beige30 mL,$9.98
870,MaybellineDream Matte Mousse Pure Beige Medium 2 Foundation15 g,$12.98
871,MaybellineNew York Fit Me! Hydrate+Smooth Foundation 220 Natural Beige SPF 1830 mL,$5.98
872,"ElfStudio Flawless Finish Foundation, Sand23 g",$8.00
873,"LOreal ParisInfallible Fresh Wear Foundation, Natural30 mL",$17.98
874,MaybellineMaybelline New York Dream Matte Mousse Nude Light 4 Foundation15 g,$12.98
875,MaybellineNew York Fit Me! Hydrate + Smooth Foundation 225 Medium Buff SPF 1830 mL,$5.98
876,RevlonPhotoready Concealer Stick 001 Fair1 ea,$9.98
877,MarcelleFlawless Concealer Light to Medium5.60 mL,$10.98
878,"AlmaySmart Shade Concealer, Light/Medium1 ea",$6.98
879,"AlmaySmart Shade Concealer, Pale1 ea",$6.98
880,"RevlonPhotoready Concealer, 004 Medium1 ea",$9.98
881,"Cover GirlInvisible Concealer, Fair1 ea",$8.98
882,RevlonPhotoready Concealer Stick 001 Fair1 ea,$9.98
883,MarcelleFlawless Concealer Light to Medium5.60 mL,$10.98
884,"AlmaySmart Shade Concealer, Light/Medium1 ea",$6.98
885,"AlmaySmart Shade Concealer, Pale1 ea",$6.98
886,"RevlonPhotoready Concealer, 004 Medium1 ea",$9.98
887,"Cover GirlInvisible Concealer, Fair1 ea",$8.98
888,RevlonPhotoready Concealer Stick 001 Fair1 ea,$9.98
889,MarcelleFlawless Concealer Light to Medium5.60 mL,$10.98
890,"AlmaySmart Shade Concealer, Light/Medium1 ea",$6.98
891,"AlmaySmart Shade Concealer, Pale1 ea",$6.98
892,"Sally HansenInsta-Dri Nail Polish, Petal Pusher1 ea",$3.98
893,"Sally HansenComplete Salon Manicure Nail Polish, Clear'd for Takeoff14.70 mL",$8.98
894,Sally HansenMiracle Gel Coat Activator Nail Colour1 ea,$8.98
895,"Sally HansenInsta-Dri Nail Polish, Pink Blink1 ea",$3.98
896,"EssieNail Lacquer, Blanc13.50 mL",$7.98
897,"EssieNail Lacquer, Eternal Optimist13.50 mL",$7.98
898,"EssieNail Lacquer, Ballet Slippers13.50 mL",$7.98
899,"RevlonColorstay Gel Envy Nail Enamel, Top Coat1 ea",$8.99
900,"EssieNail Color, Bikini So Teeny1 ea",$9.99
901,"Sally HansenInsta-Dri Nail Polish, Clearly Quick1 ea",$3.98
902,"EssieNail Color, Ladylike1 ea",$9.99
903,"RevlonNail Enamel, Clear1 ea",$3.98
904,"EssieNail Lacquer, Lilcism13.50 mL",$7.98
905,"RevlonClassic Nail, Amethyst Smoke1 ea",$3.98
906,EssieNail Color 00 Top Coat13.50 mL,$10.98
907,"Sinful ColoursSinfulColors, Clear Coat Nail Polish1 ea",$1.99
908,"Sally HansenInsta-Dri Nail Polish, Petal Pusher1 ea",$3.98
909,"Sally HansenComplete Salon Manicure Nail Polish, Clear'd for Takeoff14.70 mL",$8.98
910,Sally HansenMiracle Gel Coat Activator Nail Colour1 ea,$8.98
911,"Sally HansenInsta-Dri Nail Polish, Pink Blink1 ea",$3.98
912,"EssieNail Lacquer, Blanc13.50 mL",$7.98
913,"EssieNail Lacquer, Eternal Optimist13.50 mL",$7.98
914,"EssieNail Lacquer, Ballet Slippers13.50 mL",$7.98
915,"RevlonColorstay Gel Envy Nail Enamel, Top Coat1 ea",$8.99
916,"EssieNail Color, Bikini So Teeny1 ea",$9.99
917,"Sally HansenInsta-Dri Nail Polish, Clearly Quick1 ea",$3.98
918,"EssieNail Color, Ladylike1 ea",$9.99
919,"RevlonNail Enamel, Clear1 ea",$3.98
920,"EssieNail Lacquer, Lilcism13.50 mL",$7.98
921,"RevlonClassic Nail, Amethyst Smoke1 ea",$3.98
922,EssieNail Color 00 Top Coat13.50 mL,$10.98
923,"Sinful ColoursSinfulColors, Clear Coat Nail Polish1 ea",$1.99
924,"Sally HansenInsta-Dri Nail Polish, Petal Pusher1 ea",$3.98
925,"Sally HansenComplete Salon Manicure Nail Polish, Clear'd for Takeoff14.70 mL",$8.98
926,Sally HansenMiracle Gel Coat Activator Nail Colour1 ea,$8.98
927,"Sally HansenInsta-Dri Nail Polish, Pink Blink1 ea",$3.98
928,"Dr. Teal'sEpsom Salt, Eucalyptus Spearmint1.36 kg",$8.99
929,U by KotexBarely There Everyday Liners Regular 100 Wrapped Everyday Liners100 ea,$11.48
930,"Burt's beesLip Balm, Assorted4.25 g",$8.98
931,"MethodGel Hand Wash, Green Tea + Aloe354 mL",$4.78
932,ExactWart Remover10x10mL,$4.98
933,"NiveaMen, Revitalizing Body Lotion625 mL",$8.98
934,Life BrandEye & Lip Makeup Remover Pads35 ea,$7.98
935,NiveaSOS Repair & Care Body Lotion625 mL,$8.98
936,"Johnson & JohnsonBaby Oil, Trial Size88 mL",$1.98
937,NiveaCrème Tin30 mL,$1.48
938,CrestKids Fluoride Toothpaste85 mL,$2.88
939,Crate 61 All Natural Lemongrass110 g,$3.98
940,NiveaExtra Nourishing Body Milk625 mL,$8.98
941,AveenoUltra Calming Make Up Remover Wipes25 ea,$10.48
942,NiveaSoft Moisturising Cream25 mL,$1.48
943,"PronamelProNamel Toothpaste, Strong &Bright, Mint65 mL",$5.98
944,Skintimate Coconut Delight198 g,$2.68
945,"GarnierSkin Active Micellar Water, For Oily Skin400 mL",$8.98
946,"DialComplete Foaming Hand Wash, Fresh Pear221 mL",$2.00
947,LOreal ParisMen Expert Hydra Energetic Eye Roller10 mL,$13.98
948,CrestLuxe Glamorous Toothpaste75 mL,$3.48
949,MedihealAqua Ring Ampoule Essential Mask25 mL,$3.59
950,"ListerinePocketpacks, Cool Mint72 ea",$6.50
951,Fresh Goat's Milk Body Wash Original Formula500 mL,$5.28
952,GilletteFusion Cartridge Blade8 ea,$26.98
953,BioreBlue Agave and Baking Soda Detox Mask4 ea,$6.98
954,Life BrandMicellar Water400 mL,$8.00
955,"Joe Fresh StyleBath Foam, Eucalyptus Spearmint3.78 L",$9.00
956,BioreCharcoal Pore Strips Kit1 ea,$4.00
957,Oral BPro-Health Complete Deep Clean Toothbrush 4 Pack4 ea,$12.50
958,"Desert EssenceThoroughly Clean Face Wash Refill, Original946 mL",$23.98
959,"Desert EssenceBody Wash, Coconut237 mL",$10.28
960,Aura CaciaLavender Essential Oil Blend9.20 mL,$8.98
961,"AveenoDaily Moisturizing Lotion, Travel Size71 mL",$4.00
962,"Oral BAdvantage Complete Deep Clean Toothbrush, Soft1 ea",$3.48
963,Bio OilDry-Skin Gel200 mL,$21.98
964,Sukin Night Cream Moisture Restoring120 mL,$20.48
965,NeutrogenaUltra Gentle Hydrating Cleanser354 mL,$11.00
966,GarnierOmbrelle Kids Wet N Protect SPF 60200 mL,$14.98
967,AxeBody Wash Phoenix Crushed Mint & Rosemary Scent473 mL,$5.28
968,"LOreal ParisFutur-e Moisturizing Lotion, SPF 15120 mL",$15.48
969,SebamedLiquid face & Body Wash200 mL,$12.59
970,NiveaSun Caring Lip Balm SPF 304.80 g,$2.50
971,Oral BPro 1000 Rechargable Toothbrush1 ea,$85.00
972,"GilletteDisposable Razors, Men's4 ea",$6.28
973,"LOreal ParisContinuous Spray Sport Sunscreen, SPF 60122 g",$14.98
974,"DoveBody Wash Shower Foam, Shea Butter & Warm Vanilla400 mL",$5.98
975,NeutrogenaAll IN One Make Up Remover Wipes25 ea,$9.98
976,"ReactineExtra Strength, Non-Drowsy3 ea",$5.48
977,Novarnica Pain Relieving Spray120 mL,$22.98
978,ExactWart Remover10x10mL,$4.98
979,Adult Glycerin48 ea,$11.28
980,BetadineBetadine Antiseptic Cream15 g,$9.98
981,ExactCodulax Tablets100 ea,$15.98
982,FridaBaby Smile Frida Baby Bath Brush1 ea,$12.98
983,"TrojanCondoms, Large12 ea",$10.98
984,"ThriveComplete Nicotine Replacement Gum, Fresh Spearmint 2 mg36 ea",$14.48
985,SisuMelatonin90 ea,$13.98
986,Robax PlatinumCaplets18 ea,$13.98
987,ExactNatural Source Fibre Laxative Capsules160 ea,$14.98
988,Glaxal Base Cream450 g,$22.98
989,BoironArnicare Gel75 g,$15.98
990,"TylenolChildren's Suspension Liquid, Grape100 mL",$7.48
991,HallsHoney Lozenges with Menthol & Eucalyptus10 ea,$4.28
992,TylenolUltra Relief20 ea,$6.48
993,TylenolBack Pain Capsules60 ea,$26.48
994,"KiwiLeather Paste Polish, Neutral1 ea",$5.48
995,VicksDayQuil Cold & Flu Multi-Symptom Relief Non-Drowsy Liquid236 mL,$9.48
996,"Johnson & JohnsonFirst Aid Non Stick Healing Pads, Medium10 ea",$5.99
997,LindtRicola Cherry Honey Stick32 g,$1.48
998,AquaphorAquaphor Healing Ointment99 g,$14.98
999,"Icy Hot Back Patch, XL3 ea",$12.28
1000,HydrasenseHydrasense Sinus and Cold Relief25 ea,$11.48
1001,TylenolMuscle Aches & Body Pain16 ea,$4.98
1002,BenylinExtra Strength Mucus & Phlegm Relief250 mL,$11.48
1003,PolysporinPain Relief Cream30 g,$11.98
1004,Teddy's ChoiceAllergy Formula100 mL,$6.98
1005,Himalayan Bee Propolis200 ea,$27.98
1006,TrojanExplore Water-based Lubricant113 g,$12.98
1007,ExactLatex Free Waterproof Patch Bandage10 ea,$3.98
1008,WetPlatinum Premiun Lubricant93 mL,$13.98
1009,"KiwiColour Shine, Brown75 mL",$7.48
1010,AquaphorHealing Ointment50 g,$9.48
1011,"Dr SchollsArch Pain Relief, Men's    1 ea",$15.98
1012,PoiseImpressa Bladder Supports Size 3 10 Count10 ea,$15.98
1013,Advil400 Mg Liqui-Gels24 ea,$9.28
1014,Fisherman's FriendCherry22 ea,$2.08
1015,BenylinExtra Strength Cough and Chest Congestion Syrup100 mL,$8.28
1016,"Lax-ASenna, 8.6 mg Tabs110 ea",$11.98
1017,"GlucernaShake, Chocolate6x237mL",$10.98
1018,ExactMoleskin Foam Padding1 ea,$1.98
1019,Band-AidWater Block Plus Bandages10 ea,$4.98
1020,JamiesonHerbal Complex Menopause Relief30 ea,$18.98
1021,"ExactDairy Digest, Extra Strength80 ea",$19.98
1022,ImodiumQuick Dissolve20 ea,$21.98
1023,"ExactNasal Strips, Extra Clear8 ea",$6.48
1024,Raw Organic Chocolate Protein Powder664 g,$57.48
1025,Natures PlusOrganic Animal Parade Kids Immune Booster90 ea,$11.98
1026,"AscentaNutraSea hp EPA Omega-3 Supplement, Zesty Lemon200 mL",$44.98
1027,"HomeocanHomeopathic Medicine, Calm100 mL",$10.98
1028,"ExactFolic Acid, 1000mcg365 ea",$12.98
1029,"ExactCoEnzyme Q10, 60mg60 ea",$11.98
1030,SisuCool B5060 ea,$10.98
1031,"JamiesonMelatonin 5mg, Chocolate Mint100 ea",$11.48
1032,One A DayWomen's Gummies60 ea,$12.98
1033,Webber NaturalsCalcium Magnesium Citrate with D390 ea,$9.78
1034,"President's ChoiceSoy Protein, Chocolate630 g",$14.98
1035,"SimilacMom Beverage, Chocolate (Case)6x235mL",$10.98
1036,JamiesonPotassium 50mg100 ea,$9.48
1037,"JamiesonLiquid Glucosamine, Wild Cherry350 mL",$17.48
1038,Emergen CEmergen-C Raspberry30 ea,$10.98
1039,BoostHigh Protein Strawberry Meal Replacement Drink6x237mL,$8.98
1040,Genuine HealthPerfect Skin60 ea,$24.28
1041,Sundown NaturalsSundownNaturals Folic Acid 1 mg 200 Tablets200 ea,$9.98
1042,JamiesonVitamin C Mix330 ea,$16.48
1043,JamiesonCod Liver Oil100 ea,$8.48
1044,Renew LifeTotal Body Rapid Cleanse1 ea,$26.98
1045,IronKids EssentialsCalcium with Vitamin D60 ea,$8.98
1046,"JamiesonCalcium + D3, Value Pack250 ea",$18.98
1047,Webber NaturalsOsteo Back Pain Relief 120 Vegetarian Capsules120 ea,$28.98
1048,"Nature's BountyMagnesium Oxide, 500mg100 ea",$9.28
1049,"Ener CEffervescent Vitamin C, Peach Mango289 g",$15.98
1050,"VegaProtein Smoothie, Choc-a-lot260 g",$17.98
1051,Nature's BountyGinkgo Biloba100 ea,$15.98
1052,JamiesonBaby-D Vitamin D311.70 mL,$17.98
1053,"JamiesonAdult 50+ Probiotic Complex, 15 Billion30 ea",$22.98
1054,Bio K+Fermented Soy Probiotic6x98g,$25.98
1055,Genuine HealthClean Collagen Powder Unflavoured160 g,$26.98
1056,ExactVitamin A 10000 IU100 ea,$4.78
1057,Slim CentialsWeightOFF Max! Extra Strength Weight Loss 45+15 Rapid-Release Capsules60 ea,$24.48
1058,"ProgressiveVegEssential All In One, Vanilla840 g",$63.98
1059,ORGA BABY DROPS PROBIOTIC7.50 mL,$39.98
1060,"CentrumSelect 50+, Chewable60 ea",$10.98
1061,BachKids Rescue Remedy Oral Liquid Dropper10 mL,$9.98
1062,"Sport Whey, Creamy Vanilla908 g",$34.98
1063,JamiesonKorean Red Ginseng100 ea,$15.98
1064,"Amazing GrassAmazing Grass Green SuperFood, Berry240 g",$32.48
1065,Bausch+LombPreserVision AREDS 2 Formula120 ea,$27.98
1066,ExactVitamin B12 250mcg100 ea,$8.48
1067,MidolExtra Strength Caplets32 ea,$8.98
1068,JamiesonBiotin 5000 mg60 ea,$19.98
1069,"QuestbarProtein Bar, Birthday Cake60 g",$3.98
1070,VegaSport Energy Bites Coconut Cashew Butter160 g,$11.98
1071,ExactGlucosamine Chondroitin & MSM120 ea,$24.98
1072,"Life at HomeDrylon Bath Rug, White1 ea",$17.98
1073,"PapermateFelt Tip Pens, Flair Colours12 ea",$13.98
1074,Glass Mixing Bowl1 ea,$5.28
1075,Moj Moj Plush1 ea,$18.98
1076,Better LivingBetter Living Nickel Toilet Caddy1 ea,$29.98
1077,"Post itNotes, Canary1 ea",$9.98
1078,"Gold Crepe Streamer, 81 ft1 ea",$1.00
1079,Gorilla Glue Clear 51Ml51 mL,$9.98
1080,"Better LivingTrickle Tray, White1 ea",$8.98
1081,"Life at HomeWhite Taper Candles, Unscented4 Pack",$3.98
1082,Gorilla Epoxy25 mL,$8.98
1083,Polka Dot Candle 51 ea,$1.50
1084,"Better LivingFoam Dispenser, Black1 ea",$14.98
1085,President's ChoiceMulti-Purpose Blender Set1 ea,$42.98
1086,"RubbermaidJumbo Hinged Tote, 151L1 ea",$35.98
1087,"Life at HomeDrylon Bath Rug, Java1 ea",$17.98
1088,"Ruby Red Round 9"" Plates16 ea",$1.25
1089,"Tera GearPlush Seat, Red Stripe1 ea",$22.00
1090,Wine Glass 16 pack1 ea,$8.00
1091,SharpieMetallic1 ea,$4.98
1092,"Plates, 9"", Circus Party1 ea",$2.25
1093,President's ChoiceEvenheat Family Sized Slow Cooker1 ea,$34.98
1094,Tera GearHanging Fabric Lantern1 ea,$7.00
1095,Polka Dot Candle 01 ea,$1.50
1096,"Paper Straws, Stripe Cobalt1 ea",$3.50
1097,"SharpiePens, Fine Point6x1ea",$10.98
1098,"President's ChoiceHammered Metal Bowl, Small1 ea",$2.48
1099,"18ct Assorted Cutlery , Purple1 ea",$1.25
1100,Black & Decker12 Speed Blender1 ea,$32.98
1101,President's ChoiceSalad Spinner Single-Hand Operation1 ea,$34.98
1102,"Banner Kit, 1st Birthday Bunny1 ea",$3.00
1103,"3MScotch Gripping Pads, 1 Inch1 ea",$6.98
1104,"Paper Treat Bag, Large Chevron Pink10x1ea",$2.00
1105,"Jointed Banner, Large, Dino Blast1 ea",$3.50
1106,President's ChoiceFridge-Freezer Thermometer1 ea,$5.48
1107,CrayolaBold Fine Tip Markers1 ea,$4.98
1108,LOL Surprise 16oz Plastic Cup1 ea,$2.00
1109,Elmers3D Paint Pens31x1ea,$15.98
1110,White 9oz Paper Cups1 ea,$1.25
1111,Fashion AngelsFashion Angels Crystallize it! Activity Set1 ea,$14.98
1112,No NameSquare Container 600ml7 ea,$4.48
1113,"Plastic Tablecover, Building Blocks, Rectangular1 ea",$2.50
1114,Tera Gear10-LED Metal Ball String Light1 ea,$16.00
1115,"18ct Assorted Cutlery , Lavender1 ea",$1.25
1116,"Armor AllVent Clip Air Freshener, Island Oasis2.50 mL",$4.98
1117,5 Sticky Ball Game Rings1 ea,$2.00
1118,"PyrexEasy Grab Casserole Dish, 2 Qrt1 ea",$12.48
1119,Gorilla White Tape 10 Yard1 ea,$9.98
1120,Farmer's MarketFM English Cucumber 3Ct3 Pack,$3.98
1121,President's ChoiceGreen Beans340 g,$4.48
1122,MannsSnap Peas227 g,$4.98
1123,Organic Red Tomato on the Vine,$7.91
1124,"President's ChoiceCremini Mushrooms, Whole227 g",$2.28
1125,PC OrganicsGala Apples3 lb bag,$5.98
1126,Farmer's MarketLemons2 g,$3.98
1127,Tomato Beefsteak  Red,$1.76
1128,"Bananas, Bunch",$1.45
1129,"President's ChoiceWhite Mushrooms, Sliced227 g",$2.48
1130,Ataulfo Mango1 ea,$1.28
1131,Strawberries1 ea,$3.98
1132,Navel Orange,$1.53
1133,Avocado1 ea,$1.98
1134,Sweet Onion,$2.01
1135,Strawberries 1 LB454 g,$3.98
1136,PC OrganicsOrganic Clementines2 lb bag,$5.98
1137,White Potatoes,$1.57
1138,Lemon1 ea,$0.98
1139,Black Plums,$0.66
1140,Yellow Asian Pears,$1.75
1141,PC OrganicsOrganic Peppers2 Pack,$3.98
1142,PC OrganicsField Greens Salad Mix142 g,$4.48
1143,Farmer's MarketHoneycrisp Apples4 lb bag,$7.98
1144,Yellow Nectarines,$0.92
1145,Organic Strawberries454 g,$5.98
1146,Zucchini,$1.53
1147,President's ChoiceWhite Mushrooms454 g,$3.28
1148,Organic Gala Apples,$1.20
1149,Organic Blackberries0.50 pint,$4.98
1150,No NameAvocados (Bag)1.36 kg,$6.98
1151,Organic Raspberries0.50 pint,$4.98
1152,Broccoli Crowns,$2.50
1153,Farmer's MarketYellow Onions3 lb bag,$2.48
1154,PC OrganicsGrape Tomatoes255 g,$3.48
1155,Red Seedless Grapes,$3.23
1156,Strawberries2 ea,$5.98
1157,Brussels Sprouts,$0.44
1158,Farmer's MarketFM Carrots  3LB3 lb bag,$2.48
1159,McIntosh Apples,$0.87
1160,PC OrganicsCarrots2 lb bag,$2.98
1161,Romaine Lettuce1 ea,$2.98
1162,"Greenhouse Peppers, Orange",$1.58
1163,"Greenhouse Peppers, Yellow",$1.64
1164,Granny Smith Apples4 lb bag,$5.98
1165,Red Grapefruit1 ea,$1.98
1166,"Eat SmartVegetable Salad Kit, Sweet Kale680 g",$7.98
1167,Yellow Potatoes,$0.98
1168,President's ChoiceVariety Pack Tomatoes680 g,$5.98
1169,Lettuce Iceberg1 ea,$2.98
1170,Farmer's MarketMini Cucumbers6 Pack,$3.98
1171,Green Cabbage,$2.52
1172,Farmer's MarketFM Grape Tomato 907g908 g,$5.00
1173,Fuji Apples,$1.31
1174,"Grapefruit, Ruby Red1.36 kg",$3.00
1175,PC OrganicsHass Avocados3 Pack,$5.98
1176,Villagio Marzano Tomatoes681 g,$6.98
1177,Farmer's MarketWhite Potatoes/Russet 10LB10 lb bag,$4.98
1178,Celery Hearts2 Pack,$3.48
1179,President's ChoiceButton Mushrooms227 g,$2.98
1180,Tomato on the Vine Red,$5.45
1181,Red Delicious Apples,$0.92
1182,Organic Kiwis454 g,$2.98
1183,DoleChop Chop Chipotle & Cheddar Salad Kit366 g,$4.98
1184,President's ChoicePC Yellow Potato Mini 680g1.50 lb bag,$2.98
1185,Red Grapefruit1 ea,$1.28
1186,"Pineapple, Large1 ea",$2.99
1187,President's ChoiceNavel Oranges Cara Cara3 lb bag,$5.98
1188,Rasberries 1/2 Pint0.50 pint,$4.98
1189,Kiwis1 ea,$0.78
1190,Red Peppers    ,$1.58
1191,"Navel Orange, Medium",$1.49
1192,Pink Lady Apples,$1.15
1193,No NameImperfect Apples6 lb,$3.98
1194,PC OrganicsHoneycrisp Apples,$1.66
1195,Farmer's MarketSweet Baby Peppers4 Pack,$3.98
1196,Red Leaf Lettuce1 ea,$2.98
1197,Cantaloupe1 ea,$1.98
1198,Anjou Pears,$1.31
1199,Jazz Apples,$0.78
1200,Yellow Peaches,$1.31
1201,"President's ChoiceCremini Mushrooms, Whole454 g",$3.28
1202,PC OrganicsGranny Smith Apples3 lb bag,$5.98
1203,Bosc Pears,$1.20
1204,Blackberries 1/2 Pint0.50 pint,$3.98
1205,President's ChoiceEasy To Peel Orri Mandarin Oranges907 g,$4.98
1206,Granny Smith Apples,$1.09
1207,Royal Gala Apples,$1.15
1208,Peaches,$1.05
1209,DoleCaesar Salad Kit216 g,$3.98
1210,Farmer's MarketMini Cucumbers1 kg,$5.00
1211,PC OrganicsBaby-Cut Carrots2 lb,$4.98
1212,"President's ChoiceCremini Mushrooms, Sliced227 g",$2.48
1213,"Avocado, 5/6-Count1 ea",$2.98
1214,Farmer's MarketFM CarrotsMini 2LB2 lb bag,$3.98
1215,Asparagus,$3.88
1216,Butternut Squash,$7.04
1217,Mango1 ea,$1.28
1218,Red Onion,$1.62
1219,Nectarines,$0.92
1220,Farmer's MarketFM English Cucumber 3Ct3 Pack,$3.98
1221,President's ChoiceGreen Beans340 g,$4.48
1222,MannsSnap Peas227 g,$4.98
1223,Organic Red Tomato on the Vine,$7.91
1224,"President's ChoiceCremini Mushrooms, Whole227 g",$2.28
1225,PC OrganicsGala Apples3 lb bag,$5.98
1226,Farmer's MarketLemons2 g,$3.98
1227,Tomato Beefsteak  Red,$1.76
1228,"Bananas, Bunch",$1.45
1229,"President's ChoiceWhite Mushrooms, Sliced227 g",$2.48
1230,Ataulfo Mango1 ea,$1.28
1231,Strawberries1 ea,$3.98
1232,Navel Orange,$1.53
1233,Avocado1 ea,$1.98
1234,Sweet Onion,$2.01
1235,Strawberries 1 LB454 g,$3.98
1236,PC OrganicsOrganic Clementines2 lb bag,$5.98
1237,White Potatoes,$1.57
1238,Lemon1 ea,$0.98
1239,Black Plums,$0.66
1240,Yellow Asian Pears,$1.75
1241,PC OrganicsOrganic Peppers2 Pack,$3.98
1242,PC OrganicsField Greens Salad Mix142 g,$4.48
1243,Farmer's MarketHoneycrisp Apples4 lb bag,$7.98
1244,Yellow Nectarines,$0.92
1245,Organic Strawberries454 g,$5.98
1246,Zucchini,$1.53
1247,President's ChoiceWhite Mushrooms454 g,$3.28
1248,Organic Gala Apples,$1.20
1249,Organic Blackberries0.50 pint,$4.98
1250,No NameAvocados (Bag)1.36 kg,$6.98
1251,Organic Raspberries0.50 pint,$4.98
1252,Broccoli Crowns,$2.50
1253,Farmer's MarketYellow Onions3 lb bag,$2.48
1254,PC OrganicsGrape Tomatoes255 g,$3.48
1255,Red Seedless Grapes,$3.23
1256,Strawberries2 ea,$5.98
1257,Brussels Sprouts,$0.44
1258,Farmer's MarketFM Carrots  3LB3 lb bag,$2.48
1259,McIntosh Apples,$0.87
1260,PC OrganicsCarrots2 lb bag,$2.98
1261,Romaine Lettuce1 ea,$2.98
1262,"Greenhouse Peppers, Orange",$1.58
1263,"Greenhouse Peppers, Yellow",$1.64
1264,Granny Smith Apples4 lb bag,$5.98
1265,Red Grapefruit1 ea,$1.98
1266,"Eat SmartVegetable Salad Kit, Sweet Kale680 g",$7.98
1267,Yellow Potatoes,$0.98
1268,President's ChoiceVariety Pack Tomatoes680 g,$5.98
1269,Lettuce Iceberg1 ea,$2.98
1270,Farmer's MarketMini Cucumbers6 Pack,$3.98
1271,Green Cabbage,$2.52
1272,Farmer's MarketFM Grape Tomato 907g908 g,$5.00
1273,Fuji Apples,$1.31
1274,"Grapefruit, Ruby Red1.36 kg",$3.00
1275,PC OrganicsHass Avocados3 Pack,$5.98
1276,Villagio Marzano Tomatoes681 g,$6.98
1277,Farmer's MarketWhite Potatoes/Russet 10LB10 lb bag,$4.98
1278,Celery Hearts2 Pack,$3.48
1279,President's ChoiceButton Mushrooms227 g,$2.98
1280,Tomato on the Vine Red,$5.45
1281,Red Delicious Apples,$0.92
1282,Organic Kiwis454 g,$2.98
1283,DoleChop Chop Chipotle & Cheddar Salad Kit366 g,$4.98
1284,President's ChoicePC Yellow Potato Mini 680g1.50 lb bag,$2.98
1285,Red Grapefruit1 ea,$1.28
1286,"Pineapple, Large1 ea",$2.99
1287,President's ChoiceNavel Oranges Cara Cara3 lb bag,$5.98
1288,Rasberries 1/2 Pint0.50 pint,$4.98
1289,Kiwis1 ea,$0.78
1290,Red Peppers    ,$1.58
1291,"Navel Orange, Medium",$1.49
1292,Pink Lady Apples,$1.15
1293,No NameImperfect Apples6 lb,$3.98
1294,PC OrganicsHoneycrisp Apples,$1.66
1295,Farmer's MarketSweet Baby Peppers4 Pack,$3.98
1296,Red Leaf Lettuce1 ea,$2.98
1297,Cantaloupe1 ea,$1.98
1298,Anjou Pears,$1.31
1299,Jazz Apples,$0.78
1300,Yellow Peaches,$1.31
1301,"President's ChoiceCremini Mushrooms, Whole454 g",$3.28
1302,PC OrganicsGranny Smith Apples3 lb bag,$5.98
1303,Bosc Pears,$1.20
1304,Blackberries 1/2 Pint0.50 pint,$3.98
1305,President's ChoiceEasy To Peel Orri Mandarin Oranges907 g,$4.98
1306,Granny Smith Apples,$1.09
1307,Royal Gala Apples,$1.15
1308,Peaches,$1.05
1309,DoleCaesar Salad Kit216 g,$3.98
1310,Farmer's MarketMini Cucumbers1 kg,$5.00
1311,PC OrganicsBaby-Cut Carrots2 lb,$4.98
1312,"President's ChoiceCremini Mushrooms, Sliced227 g",$2.48
1313,"Avocado, 5/6-Count1 ea",$2.98
1314,Farmer's MarketFM CarrotsMini 2LB2 lb bag,$3.98
1315,Asparagus,$3.88
1316,Butternut Squash,$7.04
1317,Mango1 ea,$1.28
1318,Red Onion,$1.62
1319,Nectarines,$0.92
1320,Farmer's MarketFM English Cucumber 3Ct3 Pack,$3.98
1321,President's ChoiceGreen Beans340 g,$4.48
1322,MannsSnap Peas227 g,$4.98
1323,Organic Red Tomato on the Vine,$7.91
1324,PampersBaby-Dry Diapers Size 4 92 Count92 ea,$19.98
1325,PampersPure Protection Diapers Size 2 68 Count68 ea,$19.94
1326,PampersBaby-Dry Diapers Size 5 78 Count78 ea,$19.98
1327,PampersBaby-Dry Diapers Size 3 104 Count104 ea,$19.98
1328,PampersBaby Wipes Sensitive 3X Refill 192 Count192 ea,$8.38
1329,PampersBaby Wipes Sensitive 9X Pop-Top504 ea,$19.98
1330,PampersPure Protection Diapers Size 4 52 Count52 ea,$22.54
1331,PampersBaby-Dry Diapers Size 4 92 Count92 ea,$19.98
1332,PampersPure Protection Diapers Size 2 68 Count68 ea,$19.94
1333,PampersBaby-Dry Diapers Size 5 78 Count78 ea,$19.98
1334,PampersBaby-Dry Diapers Size 3 104 Count104 ea,$19.98
1335,PampersBaby Wipes Sensitive 3X Refill 192 Count192 ea,$8.38
1336,PampersBaby Wipes Sensitive 9X Pop-Top504 ea,$19.98
1337,PampersPure Protection Diapers Size 4 52 Count52 ea,$22.54
1338,PampersBaby-Dry Diapers Size 4 92 Count92 ea,$19.98
1339,PampersPure Protection Diapers Size 2 68 Count68 ea,$19.94
1340,PampersBaby-Dry Diapers Size 5 78 Count78 ea,$19.98
1341,PampersBaby-Dry Diapers Size 3 104 Count104 ea,$19.98
1342,PC OrganicsStrawberry Mango Naturally Flavoured Fruit Snack60 g,$3.98
1343,PC OrganicsMashed Potatoes & Turkey185 g,$2.25
1344,"PC OrganicsCereal, Multigrain Banana125 g",$2.25
1345,"PC OrganicsOrange, Carrot & Cinnamon Fruit, Veggie And Oat Bars90 g",$2.25
1346,PC OrganicsApple And Strawberry Whole Grain Puffs Puffed Cereal42 g,$2.25
1347,PC OrganicsMango And Carrot Whole Grain Puffs Puffed Cereal42 g,$2.25
1348,PC OrganicsPurple Carrot And Blueberry Whole Grain Puffs Puffed Cereal42 g,$2.25
1349,PC OrganicsSpaghetti in Turkey Meat Sauce185 g,$2.25
1350,"PC OrganicsToddler Mini Pasta, Alphabet454 g",$2.25
1351,"PC OrganicsToddler Entrée, Fruity Chicken185 g",$2.25
1352,PC OrganicsOrganics Broccoli And Kale Baked Whole Grain Corn Puffs42 g,$2.25
1353,"PC OrganicsMini Cereal Bars, Banana Berry160 g",$2.25
1354,"President's ChoiceTotal Pediatric Nutrition, Vanilla6x235mL",$9.98
1355,"PC OrganicsMini Cereal Bars, Blueberry160 g",$2.25
1356,"PC OrganicsToddlers Mini Pasta, Bowties454 g",$2.25
1357,"PC OrganicsFruit, Veggie, & Oat Bars, Raspberry Beet90 g",$2.25
1358,PC OrganicsCheddar Cheese Whole Grain Puffs42 g,$2.25
1359,President's ChoiceNaturally Flavoured Toddlers Strawberry Yogurt Snack1 ea,$3.28
1360,PC OrganicsAnimal Cookies For Toddlers 170 g,$2.25
1361,PC OrganicsStars Pasta454 g,$2.25
1362,"President's ChoiceYogurt Melt, Mixed Berry1 ea",$3.28
1363,PC OrganicsToddler Blue Fruit Twist60 g,$3.98
1364,"PC OrganicsMini Cereal Bars, Apple, Acai160 g",$2.25
1365,PC OrganicsToddler Apple Juice1 L,$1.88
1366,PC OrganicsBroccoli And Spinach Whole Grain Puffs Puffed Cereal42 g,$2.25
1367,"PC OrganicsMini Cereal Bars, Berry Pomegranate160 g",$2.25
1368,PC OrganicsStrawberry Mango Naturally Flavoured Fruit Snack60 g,$3.98
1369,PC OrganicsMashed Potatoes & Turkey185 g,$2.25
1370,"PC OrganicsCereal, Multigrain Banana125 g",$2.25
1371,"PC OrganicsOrange, Carrot & Cinnamon Fruit, Veggie And Oat Bars90 g",$2.25
1372,PC OrganicsApple And Strawberry Whole Grain Puffs Puffed Cereal42 g,$2.25
1373,PC OrganicsMango And Carrot Whole Grain Puffs Puffed Cereal42 g,$2.25
1374,PC OrganicsPurple Carrot And Blueberry Whole Grain Puffs Puffed Cereal42 g,$2.25
1375,PC OrganicsSpaghetti in Turkey Meat Sauce185 g,$2.25
1376,"PC OrganicsToddler Mini Pasta, Alphabet454 g",$2.25
1377,"PC OrganicsToddler Entrée, Fruity Chicken185 g",$2.25
1378,PC OrganicsOrganics Broccoli And Kale Baked Whole Grain Corn Puffs42 g,$2.25
1379,"PC OrganicsMini Cereal Bars, Banana Berry160 g",$2.25
1380,"President's ChoiceTotal Pediatric Nutrition, Vanilla6x235mL",$9.98
1381,"PC OrganicsMini Cereal Bars, Blueberry160 g",$2.25
1382,"PC OrganicsToddlers Mini Pasta, Bowties454 g",$2.25
1383,"PC OrganicsFruit, Veggie, & Oat Bars, Raspberry Beet90 g",$2.25
1384,PC OrganicsCheddar Cheese Whole Grain Puffs42 g,$2.25
1385,President's ChoiceNaturally Flavoured Toddlers Strawberry Yogurt Snack1 ea,$3.28
1386,PC OrganicsAnimal Cookies For Toddlers 170 g,$2.25
1387,PC OrganicsStars Pasta454 g,$2.25
1388,"President's ChoiceYogurt Melt, Mixed Berry1 ea",$3.28
1389,PC OrganicsToddler Blue Fruit Twist60 g,$3.98
1390,"PC OrganicsMini Cereal Bars, Apple, Acai160 g",$2.25
1391,PC OrganicsToddler Apple Juice1 L,$1.88
1392,PC OrganicsBroccoli And Spinach Whole Grain Puffs Puffed Cereal42 g,$2.25
1393,"PC OrganicsMini Cereal Bars, Berry Pomegranate160 g",$2.25
1394,PC OrganicsStrawberry Mango Naturally Flavoured Fruit Snack60 g,$3.98
1395,PC OrganicsMashed Potatoes & Turkey185 g,$2.25
1396,"PC OrganicsCereal, Multigrain Banana125 g",$2.25
1397,"PC OrganicsOrange, Carrot & Cinnamon Fruit, Veggie And Oat Bars90 g",$2.25
1398,"MunchkinMiracle 360 Trainer Cup, 7oz1 ea",$7.98
1399,LansinohNursing Pads100 ea,$12.98
1400,Baby Brezza Formula Pro Advanced1 ea,$239.98
1401,Snotsucker Nasal Aspirator1 ea,$21.98
1402,KushiesSilibeads Pacifier Clip1 ea,$11.98
1403,"MunchkinMiracle 360 Trainer Cup, 7oz1 ea",$7.98
1404,LansinohNursing Pads100 ea,$12.98
1405,Baby Brezza Formula Pro Advanced1 ea,$239.98
1406,Snotsucker Nasal Aspirator1 ea,$21.98
1407,KushiesSilibeads Pacifier Clip1 ea,$11.98
1408,"MunchkinMiracle 360 Trainer Cup, 7oz1 ea",$7.98
1409,LansinohNursing Pads100 ea,$12.98
1410,Baby Brezza Formula Pro Advanced1 ea,$239.98
1411,Snotsucker Nasal Aspirator1 ea,$21.98
1412,KeurigLively Colombian K-Cup Coffee Pods30 ea,$17.48
1413,President's ChoiceWest Coast Dark Roast Gourmet Single Serve Coffee Pods30 ea,$16.98
1414,FolgersMorning Café K-Cup Coffee Pods240 g,$17.48
1415,ThermosStainless King Travel Mug 470ml1 ea,$25.98
1416,Everyday EssentialsStainless Steel Mug1 ea,$8.48
1417,KeurigVan Houtte Colombian Medium Roast30 ea,$15.98
1418,KeurigKeurig Timothy's Breakfast Blend K-Cup Pods30 ea,$16.98
1419,ThermosStainless Steel Bottle 1L1 ea,$20.98
1420,"President's ChoiceInsulated Vacuum Bottle, 465mL1 ea",$16.98
1421,President's ChoiceMedium Roast Gourmet 100% Arabica Coffee Single Serve Coffee Pods30 ea,$16.98
1422,KeurigPike Place K-Cup Coffee Pods10 ea,$7.98
1423,"KeurigK35 Classic Series Coffee Maker, Black1 ea",$98.00
1424,President's ChoiceTextured To-Go Mug1 ea,$4.98
1425,President's ChoiceBamboo Grip To-Go Mug1 ea,$9.48
1426,BubbaTravel Mug1 ea,$22.98
1427,KeurigVan Houtte Original House Blend K-Cup Pods30 ea,$15.98
1428,"Tim HortonsSingle Serve Coffee Pods, Original126 g",$10.48
1429,President's ChoiceStainless Steel Thermal Mug1 ea,$16.98
1430,President's ChoiceThe Great Canadian Light To Medium Roast 100% Arabica Coffee Single Serve Coffee Pods30 ea,$16.98
1431,"ContigoStainless Steel Superior Grey Mug, 20 oz1 ea",$23.98
1432,KeurigLively Colombian K-Cup Coffee Pods30 ea,$17.48
1433,President's ChoiceWest Coast Dark Roast Gourmet Single Serve Coffee Pods30 ea,$16.98
1434,FolgersMorning Café K-Cup Coffee Pods240 g,$17.48
1435,ThermosStainless King Travel Mug 470ml1 ea,$25.98
1436,Everyday EssentialsStainless Steel Mug1 ea,$8.48
1437,KeurigVan Houtte Colombian Medium Roast30 ea,$15.98
1438,KeurigKeurig Timothy's Breakfast Blend K-Cup Pods30 ea,$16.98
1439,ThermosStainless Steel Bottle 1L1 ea,$20.98
1440,"President's ChoiceInsulated Vacuum Bottle, 465mL1 ea",$16.98
1441,President's ChoiceMedium Roast Gourmet 100% Arabica Coffee Single Serve Coffee Pods30 ea,$16.98
1442,KeurigPike Place K-Cup Coffee Pods10 ea,$7.98
1443,"KeurigK35 Classic Series Coffee Maker, Black1 ea",$98.00
1444,President's ChoiceTextured To-Go Mug1 ea,$4.98
1445,President's ChoiceBamboo Grip To-Go Mug1 ea,$9.48
1446,BubbaTravel Mug1 ea,$22.98
1447,KeurigVan Houtte Original House Blend K-Cup Pods30 ea,$15.98
1448,"Tim HortonsSingle Serve Coffee Pods, Original126 g",$10.48
1449,President's ChoiceStainless Steel Thermal Mug1 ea,$16.98
1450,President's ChoiceThe Great Canadian Light To Medium Roast 100% Arabica Coffee Single Serve Coffee Pods30 ea,$16.98
1451,"ContigoStainless Steel Superior Grey Mug, 20 oz1 ea",$23.98
1452,KeurigLively Colombian K-Cup Coffee Pods30 ea,$17.48
1453,President's ChoiceWest Coast Dark Roast Gourmet Single Serve Coffee Pods30 ea,$16.98
1454,FolgersMorning Café K-Cup Coffee Pods240 g,$17.48
1455,ThermosStainless King Travel Mug 470ml1 ea,$25.98
1456,PC  Club PackGourmet Medium Roast 100% Arabica Coffee930 g,$8.88
1457,No NameMedium Roast Ground Coffee925 g,$6.98
1458,Everyday EssentialsCoffee Grinder1 ea,$14.98
1459,President's ChoiceDark Roast West Coast Gourmet875 g,$8.88
1460,"Everyday EssentialsJug Kettle, 1L Black1 ea",$12.98
1461,President's ChoiceDouble Wall Latte Glass1 ea,$6.98
1462,"Everyday Essentials6-Cup Coffee Press, Black1 ea",$8.48
1463,President's ChoiceGourmet Medium Roast 100% Arabica Coffee930 g,$8.88
1464,NabobTraditional Fine Grind Ground Coffee930 g,$18.48
1465,"Bodum3-Cup Brazil Coffee Press, Black1 ea",$22.98
1466,President's Choice5-Cup Digital Coffee Maker1 ea,$24.98
1467,Maxwell HouseOriginal Roast Ground Coffee925 g,$8.98
1468,NescafeRICH Instant Coffee475 g,$14.98
1469,CuisinartCuisinart PerfecTemp Cordless Electric Programmable Kettle1 ea,$99.98
1470,Coffee Capsule Reusable Single Coffee Filter1 ea,$14.98
1471,"KeurigK35 Classic Series Coffee Maker, Black1 ea",$98.00
1472,President's ChoiceDouble Wall Tapered Mug1 ea,$8.48
1473,"Bodum3-Cup Brazil French Coffee, Red1 ea",$22.98
1474,"BodumElectric Coffee Grinder, Black1 ea",$28.98
1475,President's ChoiceThe Great Canadian Coffee930 g,$8.88
1476,"Tim HortonsCoffee, Dark Roast875 g",$17.98
1477,Hamilton Beach1L Satainless Steel Kettle1 ea,$39.98
1478,President's ChoiceWest Coast Dark Roast Gourmet Whole Bean Coffee907 g,$14.98
1479,KeurigDescaling Solution For Brewers1 ea,$12.98
1480,President's ChoiceGourmet Swiss Water** Process Decaffeinated Medium Roast 100% Arabica Coffee875 g,$8.88
1481,FolgersClassic Roast Ground Coffee920 g,$6.98
1482,Bialetti Moka Express 6 Cup6x1ea,$31.98
1483,President's ChoiceGlass Kettle1 ea,$34.98
1484,"Black & DeckerDigital Coffee Maker, 12 Cup Black1 ea",$31.98
1485,"Everyday Essentials6-Cup Coffee Press, Red1 ea",$7.98
1486,"Everyday EssentialsKettle, 1.7L Black1 ea",$19.98
1487,President's ChoiceCoffee Burr Grinder1 ea,$44.98
1488,CuisinartCoffee Grinder1 ea,$49.98
1489,CuisinartCuisinart Brew Central 12 Cup Coffee Maker1 ea,$99.98
1490,"Pride Of ArabiaPride of Arabia Coffee, Whole Bean907 g",$14.98
1491,Tim HortonsOriginal Fine Grind Coffee930 g,$17.98
1492,CuisinartEspresso Maker1 ea,$183.98
1493,PC  Club PackGourmet Medium Roast 100% Arabica Coffee930 g,$8.88
1494,No NameMedium Roast Ground Coffee925 g,$6.98
1495,Everyday EssentialsCoffee Grinder1 ea,$14.98
1496,President's ChoiceDark Roast West Coast Gourmet875 g,$8.88
1497,"Everyday EssentialsJug Kettle, 1L Black1 ea",$12.98
1498,President's ChoiceDouble Wall Latte Glass1 ea,$6.98
1499,"Everyday Essentials6-Cup Coffee Press, Black1 ea",$8.48
1500,President's ChoiceGourmet Medium Roast 100% Arabica Coffee930 g,$8.88
1501,NabobTraditional Fine Grind Ground Coffee930 g,$18.48
1502,"Bodum3-Cup Brazil Coffee Press, Black1 ea",$22.98
1503,President's Choice5-Cup Digital Coffee Maker1 ea,$24.98
1504,Maxwell HouseOriginal Roast Ground Coffee925 g,$8.98
1505,NescafeRICH Instant Coffee475 g,$14.98
1506,CuisinartCuisinart PerfecTemp Cordless Electric Programmable Kettle1 ea,$99.98
1507,Coffee Capsule Reusable Single Coffee Filter1 ea,$14.98
1508,"KeurigK35 Classic Series Coffee Maker, Black1 ea",$98.00
1509,President's ChoiceDouble Wall Tapered Mug1 ea,$8.48
1510,"Bodum3-Cup Brazil French Coffee, Red1 ea",$22.98
1511,"BodumElectric Coffee Grinder, Black1 ea",$28.98
1512,President's ChoiceThe Great Canadian Coffee930 g,$8.88
1513,"Tim HortonsCoffee, Dark Roast875 g",$17.98
1514,Hamilton Beach1L Satainless Steel Kettle1 ea,$39.98
1515,President's ChoiceWest Coast Dark Roast Gourmet Whole Bean Coffee907 g,$14.98
1516,KeurigDescaling Solution For Brewers1 ea,$12.98
1517,President's ChoiceGourmet Swiss Water** Process Decaffeinated Medium Roast 100% Arabica Coffee875 g,$8.88
1518,FolgersClassic Roast Ground Coffee920 g,$6.98
1519,Bialetti Moka Express 6 Cup6x1ea,$31.98
1520,President's ChoiceGlass Kettle1 ea,$34.98
1521,"Black & DeckerDigital Coffee Maker, 12 Cup Black1 ea",$31.98
1522,"Everyday Essentials6-Cup Coffee Press, Red1 ea",$7.98
1523,"Everyday EssentialsKettle, 1.7L Black1 ea",$19.98
1524,President's ChoiceCoffee Burr Grinder1 ea,$44.98
1525,CuisinartCoffee Grinder1 ea,$49.98
1526,CuisinartCuisinart Brew Central 12 Cup Coffee Maker1 ea,$99.98
1527,"Pride Of ArabiaPride of Arabia Coffee, Whole Bean907 g",$14.98
1528,Tim HortonsOriginal Fine Grind Coffee930 g,$17.98
1529,CuisinartEspresso Maker1 ea,$183.98
1530,PC  Club PackGourmet Medium Roast 100% Arabica Coffee930 g,$8.88
1531,No NameMedium Roast Ground Coffee925 g,$6.98
1532,Everyday EssentialsCoffee Grinder1 ea,$14.98
1533,President's ChoiceDark Roast West Coast Gourmet875 g,$8.88
1534,President's ChoiceDark Roast West Coast Coffee330 g,$8.98
1535,Kicking HorseOrganic Dark Roast Kick Ass454 g,$11.98
1536,Bialetti Moka Express 6 Cup6x1ea,$31.98
1537,President's ChoiceDark Roast West Coast Gourmet875 g,$8.88
1538,President's ChoiceCoffee Burr Grinder1 ea,$44.98
1539,Maxwell HouseRich Dark Roast Ground Coffee925 g,$8.98
1540,PC OrganicsDark Roast Ground Coffee284 g,$9.98
1541,Ethical BeanBold Dark Roast Whole Bean Coffee340 g,$11.98
1542,CuisinartCoffee Grinder1 ea,$49.98
1543,"Bodum3-Cup Brazil French Coffee, Red1 ea",$22.98
1544,"NescafeGOLD Cappuccino, Instant Coffee Sachets112 g",$4.98
1545,CuisinartEspresso Maker1 ea,$183.98
1546,PC OrganicsDark Roast Whole Bean Coffee907 g,$17.98
1547,"Bodum3-Cup Brazil Coffee Press, Black1 ea",$22.98
1548,PC OrganicsDark Roast Whole Bean Coffee454 g,$10.98
1549,Kicking HorseDark Roast Grizzly Claw454 g,$11.98
1550,Everyday EssentialsCoffee Grinder1 ea,$14.98
1551,"BodumElectric Coffee Grinder, Black1 ea",$28.98
1552,President's ChoiceDark Roast West Coast Coffee330 g,$8.98
1553,Kicking HorseOrganic Dark Roast Kick Ass454 g,$11.98
1554,Bialetti Moka Express 6 Cup6x1ea,$31.98
1555,President's ChoiceDark Roast West Coast Gourmet875 g,$8.88
1556,President's ChoiceCoffee Burr Grinder1 ea,$44.98
1557,Maxwell HouseRich Dark Roast Ground Coffee925 g,$8.98
1558,PC OrganicsDark Roast Ground Coffee284 g,$9.98
1559,Ethical BeanBold Dark Roast Whole Bean Coffee340 g,$11.98
1560,CuisinartCoffee Grinder1 ea,$49.98
1561,"Bodum3-Cup Brazil French Coffee, Red1 ea",$22.98
1562,"NescafeGOLD Cappuccino, Instant Coffee Sachets112 g",$4.98
1563,CuisinartEspresso Maker1 ea,$183.98
1564,PC OrganicsDark Roast Whole Bean Coffee907 g,$17.98
1565,"Bodum3-Cup Brazil Coffee Press, Black1 ea",$22.98
1566,PC OrganicsDark Roast Whole Bean Coffee454 g,$10.98
1567,Kicking HorseDark Roast Grizzly Claw454 g,$11.98
1568,Everyday EssentialsCoffee Grinder1 ea,$14.98
1569,"BodumElectric Coffee Grinder, Black1 ea",$28.98
1570,President's ChoiceDark Roast West Coast Coffee330 g,$8.98
1571,Kicking HorseOrganic Dark Roast Kick Ass454 g,$11.98
1572,Bialetti Moka Express 6 Cup6x1ea,$31.98
1573,President's ChoiceDark Roast West Coast Gourmet875 g,$8.88
1574,President's ChoiceMilk Chocolate Covered Digestive Biscuits300 g,$2.78
1575,President's ChoiceCentrefulls Chocolatey Filling Double Chocolate Cookies280 g,$3.00
1576,President's ChoiceOriginal Oatmeal Cookies350 g,$2.47
1577,President's ChoiceOatmeal Raisin Cookies350 g,$2.47
1578,President's ChoiceDark Chocolate Covered Digestive Biscuits300 g,$2.78
1579,President's ChoiceArrowroot Cookies350 g,$3.28
1580,President's ChoiceConcerto Dark Chocolate Cookie240 g,$2.78
1581,"PC OrganicsBiscuits, Digestives200 g",$4.98
1582,President's ChoiceMilk Chocolate Covered Digestive Biscuits300 g,$2.78
1583,President's ChoiceCentrefulls Chocolatey Filling Double Chocolate Cookies280 g,$3.00
1584,President's ChoiceOriginal Oatmeal Cookies350 g,$2.47
1585,President's ChoiceOatmeal Raisin Cookies350 g,$2.47
1586,President's ChoiceDark Chocolate Covered Digestive Biscuits300 g,$2.78
1587,President's ChoiceArrowroot Cookies350 g,$3.28
1588,President's ChoiceConcerto Dark Chocolate Cookie240 g,$2.78
1589,"PC OrganicsBiscuits, Digestives200 g",$4.98
1590,President's ChoiceMilk Chocolate Covered Digestive Biscuits300 g,$2.78
1591,President's ChoiceCentrefulls Chocolatey Filling Double Chocolate Cookies280 g,$3.00
1592,President's ChoiceOriginal Oatmeal Cookies350 g,$2.47
1593,President's ChoiceOatmeal Raisin Cookies350 g,$2.47
1594,Fresh Tilapia Fillets,$22.31
1595,Cod Fillet,$20.80
1596,Basa Fillets,$19.08
1597,"President's ChoiceCheese, Marble Block Club Pack500 g",$12.48
1598,"No NameSnack Crackers, Original900 g",$5.00
1599,"Lean Ground Beef, Club Pack",$25.82
1600,No NameMixed Berries2 kg,$11.00
1601,Quinoa Salad1 ea,$14.00
1602,Farmer's MarketRed Onions10 lb bag,$6.98
1603,Ziggy'sOil & Vinegar Coleslaw1.25 kg,$4.48
1604,PC Blue MenuPC Blue Menu Goat Cheese300 g,$8.28
1605,"Avocado, 5/6-Count1 ea",$2.98
1606,Farmer's MarketFM CarrotsMini 2LB2 lb bag,$3.98
1607,"Blade Roast, Boneless Club Pack",$36.60
1608,"No Name Club PackDrawstring Garbage Bags, Large60 ea",$15.98
1609,Farmer's MarketFM English Cucumber 3Ct3 Pack,$3.98
1610,San DanieleSan Daniele Family Pack Prosciutto Slice250 g,$10.00
1611,PC  Club PackOriginal Pasta Sauce1.80 L,$5.18
1612,ACECiabatta Pezzetti Duo Rolls840 g,$5.00
1613,"President's ChoiceCremini Mushrooms, Whole454 g",$3.28
1614,"President's ChoiceCertified Angus Beef, Top Sirloin Steak, Club Pack",$31.01
1615,ReneesCaesar Salad Dressing750 mL,$6.98
1616,No Name Club PackBudgie Seed Mix CP1 kg,$6.48
1617,"PC  Club PackPasta Sauce, Roasted Portobello Mushroom1.80 L",$5.18
1618,President's ChoiceExtra Chunky Medium Salsa1.85 L,$5.68
1619,"No NameShredded Cheese, Medium Cheddar900 g",$11.00
1620,"No NameFried Potatoes, Crinkle Cut2 kg",$3.98
1621,"YvesVeggie Burger, Package of 8568 g",$8.98
1622,"No NameWaffles, Original1680 g",$8.88
1623,POM Wonderful100% Pomegranate & Blueberry Juice1.40 L,$10.98
1624,President's ChoiceClub Pack Pulp-Free 100% Orange Juice3.49 L,$7.00
1625,"No NameBurgers, Club Pack2.27 kg",$15.98
1626,SurajAged Basmati Rice18 kg,$48.98
1627,Kiwi907 g,$3.99
1628,Maple LeafOriginal Wieners900 g,$7.98
1629,President's ChoiceClub Pack Naan Dippers400 g,$5.10
1630,"No Name Club PackCinnamon, Ground560 g",$7.98
1631,Farmer's MarketOatmeal Raisin Cookies798 g,$6.00
1632,"President's ChoiceCheese, Marble Mini Club Pack420 g",$10.00
1633,"Sirloin Tip Roast, Club Pack",$38.64
1634,Strawberries2 ea,$5.98
1635,President's ChoiceThe Great Canadian Coffee930 g,$8.88
1636,Family Size Greek Salad1 kg,$12.00
1637,No Name Club Pack4-Fruit Blend2.75 kg,$11.00
1638,"No NameLaundry Detergent, Fresh Scent4.43 L",$10.98
1639,President's ChoicePC  Soft Unripened Herbed Goat'S Milk Cheese300 g,$8.28
1640,"No NameSalad Dressing, Caesar950 mL",$2.98
1641,Farmer's MarketLemons2 g,$3.98
1642,"Earths OwnAlmond On The Go!, Original3x250mL",$3.48
1643,"KinniTOOS, Chocolate Sandwich Crème220 g",$4.48
1644,"Earths OwnAlmond Fresh, Unsweetened Vanilla1.89 L",$3.48
1645,"KinniTOOS, Vanilla Sandwich Crème220 g",$4.48
1646,"Earths OwnAlmond Fresh, Original1.89 L",$3.48
1647,Fortified Almond Beverage Unsweetened Vanilla946 mL,$2.98
1648,Cashew Fresh Original1.89 L,$3.48
1649,"Kinninritters, Animal Cookies220 g",$4.48
1650,"So NiceOrganic Almond Milk, Original1.75 L",$3.48
1651,CaminoSemi-Sweet Baking Chocolate200 g,$7.48
1652,"KinnikinnickS'moreables, Graham Style Crackers220 g",$4.48
1653,"CaminoBaking Chocolate, 100% Cacao Unsweetened200 g",$7.48
1654,"Earths OwnAlmond Fresh, Chocolate1.89 L",$3.48
1655,"Earths OwnAlmond Fresh, Unsweetened1.89 L",$3.48
1656,"Earths OwnAlmond Fresh, Coconut1.89 L",$3.48
1657,SoFresh Fortified Cashew Beverage Original946 mL,$2.98
1658,"Earths OwnAlmond Beverage, Unsweetened946 mL",$2.98
1659,Enjoy LifeEnergy Bites Dipped Banana180 g,$6.98
1660,Enjoy LifeBoom Choco Boom Candy Bar Chocolateriz32 g,$1.88
1661,CaminoOrganic Whole Brown Sugar1 kg,$7.98
1662,So NiceBarista Blend Soy Milk 946 mL,$2.48
1663,Earths OwnOat Chocolate Prisma250 mL,$3.48
1664,Earths OwnAlmond On The Go! Chocolate3x250mL,$3.48
1665,"KinnikinnickMontana's Cookies, Chocolate Chip220 g",$4.48
1666,Earths OwnOat Unsweetened Vanilla Prisma250 mL,$3.48
1667,Enjoy LifeRicemilk Crunch Chocolate Bars32 g,$1.88
1668,SoFresh Fortified Cashew Beverage Unsweetened Original946 mL,$2.98
1669,SoFresh Oat Fortified Oat Beverage Unsweetened Original946 mL,$2.98
1670,"So NiceOrganic Almond Milk, Unsweetened1.75 L",$3.48
1671,CaminoOrganic Unsweetened Shredded Coconut200 g,$3.78
1672,"Earths OwnAlmond Fresh, Vanilla1.89 L",$3.48
1673,Cocoa CaminoBittersweet Chocolate Chips225 g,$6.28
1674,So NiceSo Nice Fortified Almond Beverage Unsweetened Vanilla Organic Almond1.75 L,$3.48
1675,Cocoa CaminoOrganic Cocoa Powder224 g,$6.48
1676,"YosoCultured Coconut Yogurt, Vanilla440 g",$4.48
1677,"KinnikinnickS'moreables, Graham Style Crackers220 g",$4.48
1678,"Love GrownHot Oats, Apple Cinnamon63 g",$2.28
1679,"KinniTOOS, Vanilla Sandwich Crème220 g",$4.48
1680,"Simply ProteinProtein Bar, Whey Chocolate Mint40 g",$2.98
1681,"KinniTOOS, Chocolate Sandwich Crème220 g",$4.48
1682,Simply ProteinKids Bar Chocolate Brownie 5 x (100 g)100 g,$5.98
1683,"YosoSoygo Yogurt, Multipack6x125g",$5.28
1684,CapilanoManuka Honey Liquid375 g,$14.98
1685,"Crofter'sPremium Spread, Strawberry383 mL",$4.48
1686,Crofter'sJust Fruit Spread Organic Raspberry235 mL,$3.98
1687,Crofter'sJust Fruit Spread Organic Strawberry235 mL,$3.98
1688,Chosen FoodsAvocado Oil Spray140 mL,$9.98
1689,"YosoCultured Coconut Yogurt, Unsweetened440 g",$4.48
1690,Crofter'sOrganic Raspberry Spread383 mL,$4.48
1691,"Love GrownHot Oats, Blueberry Banana Walnut63 g",$2.28
1692,"Kinninritters, Animal Cookies220 g",$4.48
1693,"NaturPeanut Butter, Creamy500 g",$5.48
1694,Chosen FoodsAvocado Oil Mayonnaise355 mL,$15.98
1695,"NaturPeanut Butter, Crunchy500 g",$5.48
1696,Stoked OatsStone Age Bag500 g,$9.98
1697,"Simply ProteinKids Protein Bar, Strawberry Vanilla5x20g",$5.98
1698,Stoked OatsAphrodisi-Oats500 g,$9.98
1699,PC Organics100% Coconut Water1 L,$4.78
1700,"Simply ProteinWhey Bar, Coconut40 g",$2.98
1701,NaturPeanut and Cocoa Spread500 g,$7.48
1702,Chosen FoodsAvocado Oil750 mL,$15.98
1703,White Onion,$1.62
1704,"President's ChoiceTortillas, Large Flour334 g",$2.98
1705,President's ChoiceHot Taco Seasoning Mix30 g,$0.98
1706,"President's ChoiceExtra Chunky Mild Salsa, Club Pack1.85 L",$5.68
1707,"Old El PasoTaco Sauce, Hot215 mL",$3.28
1708,"WesternSour Cream, Regular 14%500 mL",$3.78
1709,"Greenhouse Peppers, Orange",$1.58
1710,Lettuce Iceberg1 ea,$2.98
1711,Farmer's MarketYellow Onions3 lb bag,$2.48
1712,President's ChoiceWhite Mushrooms454 g,$3.28
1713,Romaine Lettuce1 ea,$2.98
1714,"Greenhouse Peppers, Yellow",$1.64
1715,President's ChoiceExtra Chunky Hot Salsa2 L,$7.58
1716,Club House25% Less Salt & Gluten Free Taco Seasoning Mix35 g,$1.48
1717,Sweet Onion,$2.01
1718,"President's ChoiceSoft Tortillas, Medium297 g",$2.98
1719,Old El PasoSmart Fiesta Tortillas311 g,$3.28
1720,Spanish Onion,$1.44
1721,"President's ChoiceSalsa, Mild430 mL",$1.98
1722,"President's ChoiceCremini Mushrooms, Sliced227 g",$2.48
1723,"President's ChoiceSalsa, Hot430 mL",$1.98
1724,Red Peppers    ,$1.58
1725,Farmer's MarketSweet Baby Peppers4 Pack,$3.98
1726,"Old El PasoTaco Shells, Ranch153 g",$3.28
1727,"Gay LeaSour Cream, Fat Free 1%500 mL",$2.98
1728,Old El PasoTaco Hard and Soft Shell Dinner Kit340 g,$3.48
1729,"Old El PasoThick n' Chunky Salsa, Mild650 mL",$3.48
1730,"No NameShredded Cheese, Nacho 3 Cheese900 g",$11.00
1731,"Old El PasoSoft Tortillas, Large334 g",$3.28
1732,"PC OrganicsSalsa, Mild430 mL",$3.48
1733,President's ChoiceSoft Taco Kit427 g,$3.88
1734,Tomato Beefsteak  Red,$1.76
1735,"Gay LeaSour Cream, Regular 14%500 mL",$2.98
1736,"President's ChoiceWhite Mushrooms, Sliced227 g",$2.48
1737,PC OrganicsOrganic Peppers2 Pack,$3.98
1738,"President's ChoiceSalsa, Hot650 mL",$1.98
1739,President's ChoiceOriginal Tortillas340 g,$2.98
1740,"President's ChoiceExtra Chunky Salsa, Mild 650 mL",$1.98
1741,"Old El PasoSoft Tortillas, Medium297 g",$3.28
1742,Old El PasoStand 'N Stuff Taco Dinner Kit250 g,$3.48
1743,President's ChoiceMedium Salsa650 mL,$1.98
1744,President's ChoiceMedium Fresh Salsa430 mL,$3.98
1745,PC Black LabelOriginal Salsa430 mL,$1.98
1746,PC Blue Menu100% Whole Grain Tortillas6x65g,$3.38
1747,"Old El PasoHard Taco Dinner Kit, Extra Mild330 g",$3.48
1748,"Old El PasoThick n' Chunky Salsa, Medium    650 mL",$3.48
1749,"President's ChoiceSalsa, Mild650 mL",$1.98
1750,President's ChoiceExtra Chunky Salsa - Hot650 mL,$1.98
1751,Cantaloupe1 ea,$1.98
1752,Blueberries340 g,$4.98
1753,Savoy Cabbage,$2.70
1754,Celery Stalks1 ea,$2.98
1755,Cauliflower1 ea,$3.98
1756,Purple Eggplants,$2.49
1757,Broccoli Crowns,$2.50
1758,"Carrots, Bunched1 bunch",$2.48
1759,Zucchini,$1.53
1760,Red Peppers    ,$1.58
1761,Red Leaf Lettuce1 ea,$2.98
1762,Red Cabbage,$2.87
1763,Romaine Lettuce1 ea,$2.98
1764,"Greenhouse Peppers, Orange",$1.58
1765,"Greenhouse Peppers, Yellow",$1.64
1766,Lettuce Iceberg1 ea,$2.98
1767,Farmer's MarketSweet Baby Peppers4 Pack,$3.98
1768,Kohlrabi,$2.14
1769,Farmer's MarketFM English Cucumber 3Ct3 Pack,$3.98
1770,Radishes1 bunch,$1.48
1771,Green Beans,$0.33
1772,Farmer's MarketMini Cucumbers6 Pack,$3.98
1773,Red Swiss Chard1 ea,$3.48
1774,Green Leaf Lettuce1 ea,$2.98
1775,English Cucumber1 ea,$1.68
1776,Green Cabbage,$2.52
1777,Sweet Green Peppers,$1.84
1778,Broccoli1 ea,$1.98
1779,Green Onion1 bunch,$1.48
1780,"Spinach, Bunched1 ea",$1.98
1781,Kale1 ea,$1.98
1782,Savoy Cabbage,$2.70
1783,Celery Stalks1 ea,$2.98
1784,Cauliflower1 ea,$3.98
1785,Purple Eggplants,$2.49
1786,Broccoli Crowns,$2.50
1787,"Carrots, Bunched1 bunch",$2.48
1788,Zucchini,$1.53
1789,Red Peppers    ,$1.58
1790,Red Leaf Lettuce1 ea,$2.98
1791,Red Cabbage,$2.87
1792,Romaine Lettuce1 ea,$2.98
1793,"Greenhouse Peppers, Orange",$1.58
1794,"Greenhouse Peppers, Yellow",$1.64
1795,Lettuce Iceberg1 ea,$2.98
1796,Farmer's MarketSweet Baby Peppers4 Pack,$3.98
1797,Kohlrabi,$2.14
1798,Farmer's MarketFM English Cucumber 3Ct3 Pack,$3.98
1799,Radishes1 bunch,$1.48
1800,Green Beans,$0.33
1801,Farmer's MarketMini Cucumbers6 Pack,$3.98
1802,Red Swiss Chard1 ea,$3.48
1803,Green Leaf Lettuce1 ea,$2.98
1804,English Cucumber1 ea,$1.68
1805,Green Cabbage,$2.52
1806,Sweet Green Peppers,$1.84
1807,Broccoli1 ea,$1.98
1808,Green Onion1 bunch,$1.48
1809,"Spinach, Bunched1 ea",$1.98
1810,Kale1 ea,$1.98
1811,Savoy Cabbage,$2.70
1812,Celery Stalks1 ea,$2.98
1813,Cauliflower1 ea,$3.98
1814,Purple Eggplants,$2.49
1815,White Mushrooms,$0.26
1816,Italian Parsley1 ea,$1.48
1817,Cilantro1 ea,$0.98
1818,"President's ChoiceWhite Mushrooms, Whole227 g",$2.28
1819,"President's ChoiceCremini Mushrooms, Whole227 g",$2.28
1820,Tomato Beefsteak  Red,$1.76
1821,President's ChoiceWhite Mushrooms454 g,$3.28
1822,Curly Parsley1 ea,$1.48
1823,Villagio Marzano Tomatoes681 g,$6.98
1824,Tomato on the Vine Red,$5.45
1825,White Mushrooms,$0.26
1826,Italian Parsley1 ea,$1.48
1827,Cilantro1 ea,$0.98
1828,"President's ChoiceWhite Mushrooms, Whole227 g",$2.28
1829,"President's ChoiceCremini Mushrooms, Whole227 g",$2.28
1830,Tomato Beefsteak  Red,$1.76
1831,President's ChoiceWhite Mushrooms454 g,$3.28
1832,Curly Parsley1 ea,$1.48
1833,Villagio Marzano Tomatoes681 g,$6.98
1834,Tomato on the Vine Red,$5.45
1835,White Mushrooms,$0.26
1836,Italian Parsley1 ea,$1.48
1837,Cilantro1 ea,$0.98
1838,"President's ChoiceWhite Mushrooms, Whole227 g",$2.28
