,Item,Price
0,Farmer's MarketMixed Mini Potatoes5 lb bag,$6.98
1,Chinese Broccoli,$3.34
2,Organic Bartlett Pears3 lb bag,$5.98
3,DoleChop Chop Chipotle & Cheddar Salad Kit366 g,$3.98
4,Fuyu Persimmon1 ea,$0.78
5,Honeydew Melon1 ea,$3.98
6,PC OrganicsEnoki Whole Mushrooms150 g,$2.98
7,President's ChoiceCocktail Tomatoes340 g,$3.98
8,Santa Claus Melons,$6.20
9,Anjou Pears,$1.21
10,DoleAsian Island Crunch303 g,$4.98
11,English Cucumber1 ea,$1.48
12,Yellow Peaches907 g,$4.98
13,PC OrganicsField Greens & Baby Spinach312 g,$5.00
14,POM Wonderful100% Pomegranate Juice473 mL,$4.98
15,Cilantro,$2.61
16,POM WonderfulPomegranate Juice710 mL,$6.98
17,Farmer's MarketFM CarrotsMini 2LB2 lb bag,$3.98
18,"Green House Tomato, Beef Red454 g",$3.00
19,Yellow Asian Pears,$1.61
20,President's ChoiceRomaine Salad0.26 kg,$2.98
21,Envy Apples,$1.09
22,Vietnamese Basil,$1.94
23,Fuji Apples,$1.31
24,Italian Parsley1 ea,$1.47
25,Pearl Onion250 g,$2.98
26,Mission Figs227 g,$3.98
27,PC OrganicsBartlett Pears,$1.09
28,"Navel Orange, Medium",$1.49
29,Shanghai Bok Choy,$2.80
30,White Onion,$1.62
31,Sweet Onion,$2.01
32,Bean Sprouts454 g,$1.98
33,Vine Tomato (Single Tomato),$1.40
34,Curly Parsley1 ea,$1.47
35,Blueberries340 g,$7.98
36,Cassava,$2.22
37,President's ChoicePink Muscat Grapes,$8.95
38,Summer FreshGreek Pasta Salad800 g,$6.98
39,Parsnip,$1.37
40,Red Leaf Lettuce1 ea,$2.98
41,Apple Slices280 g,$4.00
42,"PC OrganicsOrganic Bananas, Bunch",$2.35
43,Farmer's MarketMini Cucumbers1 kg,$5.00
44,BolthouseStrawberry Banana450 mL,$3.98
45,Red Swiss Chard1 ea,$3.98
46,No NameGreen Peppers1130 g,$2.98
47,BolthouseChocolate Protein Plus450 mL,$3.98
48,Turnips,$1.66
49,"President's ChoiceCremini Mushrooms, Whole454 g",$3.98
50,President's ChoiceSpring Mix0.31 kg,$4.48
51,Organic Medjool Dates454 g,$9.98
52,President's ChoicePortobello Mushroom Caps4 Pack,$4.98
53,Farmer's MarketMini Carrots454 g,$2.98
54,Organic Iceberg Lettuce1 ea,$2.98
55,Organic Leeks1 bunch,$3.98
56,Farmer's MarketMini Cucumbers6 Pack,$3.98
57,President's ChoicePlumcots,$0.96
58,President's ChoiceArugula0.14 kg,$3.97
59,Sun Rich Sliced Red Apples595 g,$5.00
60,Radicchio,$2.04
61,"Cobb Salad, Small",$7.26
62,Farmer's MarketYellow Onions10 lb bag,$6.98
63,Reser'sChessy Macaroni Salad454 g,$2.98
64,POM Wonderful100% Pomegranate & Blueberry Juice1.40 L,$11.97
65,"Fruit Salad, Small",$6.90
66,Belgian Endive,$0.99
67,Mandarin Oranges,$1.49
68,"Red Beets, Bunched1 bunch",$3.98
69,Taylor FarmsTeriyaki Saute Kit0.65 kg,$6.98
70,Organic Bartlett Pears3 lb bag,$5.98
71,Farmer's MarketFM Grape Tomato 907g908 g,$6.98
72,Red Swiss Chard1 ea,$3.98
73,President's ChoiceBaby Arugula Spinach Blend0.14 kg,$3.98
74,PC OrganicsPCO Rosemary 20G20 g,$2.48
75,DoleRanch Salad Kit347 g,$3.98
76,Reser'sPotato and Egg Salad454 g,$2.98
77,Limes1 ea,$0.68
78,Organic Red Onions2 lb,$3.98
79,Radishes454 g,$2.98
80,Italian Parsley1 ea,$1.47
81,"Artichokes, Large (Pack)1 ea",$2.48
82,President's ChoiceBaby Spinach0.14 kg,$2.98
83,Organic English Cucumber1 ea,$2.48
84,Chick Pea/Artichoke/Sundried Tomato Salad,$6.73
85,Deluxe Neptune Salad,$5.37
86,Mango1 case,$12.99
87,"PC OrganicsKale, Chard, Spinach Salad Mix142 g",$4.48
88,Ataulfo Mango1 ea,$1.28
89,PC OrganicsPortobello Sliced Mushrooms170 g,$3.98
90,SunkistMinneola Tangelo3 lb bag,$5.98
91,"Gourmet GardenLightly Dried, Ginger Bowl220 g",$4.98
92,Farmer's MarketYellow Onions3 lb bag,$2.98
93,Gourmet GardenCilantro Stir-In Paste115 g,$4.98
94,"Gourmet GardenLightly Dried, Parsley Bowl10 g",$4.98
95,Cilantro1 ea,$0.68
96,Cremini Mushrooms,$0.26
97,Fennel1 ea,$2.98
98,White Mushrooms,$0.26
99,Black Plums,$0.77
100,Red Potatoes,$1.14
101,Red Leaf Lettuce1 ea,$2.98
102,Taiwanese Cabbage,$4.43
103,Washed Lettuce Multileaf Blend142 g,$3.97
104,Jamaican Aloe,$3.48
105,English Cucumber1 ea,$1.48
106,Quinoa Chickpea Kale Salad1.10 kg,$10.00
107,Mandarin Oranges3 lb bag,$5.98
108,Farmer's MarketYellow Onions10 lb bag,$6.98
109,President's ChoiceCrumbled Cauliflower680 g,$6.97
110,President's ChoiceBaby Spinach0.14 kg,$2.98
111,President's ChoiceBaby Spinach0.31 kg,$3.42
112,PC OrganicsBaby Spinach312 g,$5.98
113,"Grapes, Red Globe",$6.44
114,New StarSpinach Plus Baby Kale376 g,$4.98
115,President's ChoiceBlood Oranges907 g,$4.98
116,Lettuce Iceberg1 ea,$2.98
117,BolthouseAmazing Mango1.54 L,$6.98
118,Farmer's MarketMini Cucumbers6 Pack,$3.98
119,DoleAsian Island Crunch303 g,$4.98
120,AuroraDried Turkish Figs200 g,$2.47
121,Farmer's MarketFM Grape Tomato Pint1 pint,$3.98
122,Tomato on the Vine Red,$5.45
123,President's ChoicePCO Mint 20G20 g,$2.48
124,Small Fruit Nibbler1180 g,$14.00
125,SunRidge FarmsRomaine Hearts6 Pack,$6.98
126,President's ChoiceVariety Pack Tomatoes680 g,$6.98
127,Organic English Cucumber1 ea,$3.54
128,Spaghetti Squash,$4.11
129,Bard Valley Natural Delights Pitted Medjool Dates340 g,$8.98
130,Kale1 ea,$2.47
131,Cassava,$2.22
132,Rhubarb1 ea,$3.98
133,MannsSnap Peas425 g,$5.98
134,Farmer's MarketRed Potatoes5 lb bag,$3.98
135,Apricots,$0.85
136,"Papaya, Ripe & Ready",$5.68
137,Yellow Nectarines,$1.38
138,Roma Tomatoes1 ea,$6.98
139,President's ChoiceEasy To Peel Orri Mandarin Oranges907 g,$4.98
140,Okra,$0.44
141,"Peppers, Mini454 g",$4.98
142,President's ChoiceWhite Mushrooms454 g,$3.98
143,Organic Mango1 ea,$2.49
144,Collard Greens1 ea,$3.98
145,Fresh Pineapple,$3.95
146,PC OrganicsGreen Beans283 g,$4.98
147,President's ChoiceMandarin Oranges2 lb bag,$4.98
148,Spanish Onion,$1.44
149,PC OrganicsArugula Spinach142 g,$4.48
150,Spaghetti Squash,$4.11
151,Cilantro1 ea,$0.68
152,Lemon1 ea,$0.98
153,Honeycrisp Apples,$1.58
154,Clementine Stem & Leaf,$0.69
155,Turmeric,$4.25
156,PC OrganicsCarrots2 lb bag,$2.48
157,Zucchini,$1.53
158,Farmer's MarketEmpire Apples4 lb bag,$5.98
159,Pimentos,$3.87
160,Cremini Mushrooms,$0.26
161,Limes1 ea,$0.68
162,DoleGreek Chopped Salad Kit293 g,$3.97
163,Cantaloupe1 ea,$3.98
164,Veggie Tripack800 g,$12.00
165,PC OrganicsOrganic Peppers2 Pack,$3.98
166,Raspberries1 ea,$6.98
167,PC OrganicsGrape Tomatoes255 g,$3.97
168,Fennel1 ea,$2.98
169,Bolthouse100% Carrot1.54 L,$6.98
170,President's ChoicePortobello Mushroom Caps4 Pack,$4.98
171,"Eat SmartVegetable Salad Kit, Sweet Kale680 g",$7.98
172,PC OrganicsCremini Mushrooms227 g,$1.98
173,Red Seeded Watermelon1 ea,$5.98
174,"President's ChoicePortobello Mushrooms, Sliced170 g",$3.98
175,President's ChoiceGreen Beans680 g,$6.98
176,"Spinach, Bunched1 ea",$2.48
177,Romaine Heart 3 pk3 Pack,$4.98
178,DoleSouthwest Salad Kit298 g,$4.98
179,Cranberry Walnut Salad Bowl127 g,$3.48
180,Strawberries1 ea,$3.98
181,Organic Dried Apricots250 g,$5.00
182,Green Seedless Grapes,$3.33
183,"Peppers, Mini454 g",$4.98
184,Cauliflower1 ea,$4.98
185,"Greenhouse Peppers, Orange",$2.10
186,Jazz Apples,$1.15
187,RoosterGarlic1 kg,$4.98
188,Snap Peas200 g,$2.48
189,AmiraPitted Dates454 g,$2.98
190,Sweet Green Peppers,$1.84
191,BolthouseBlue Goodness946 mL,$5.98
192,Organic Blueberries510 g,$7.98
193,Red Hot Thai Chili Peppers75 g,$3.98
194,President's ChoiceEasy To Peel Orri Mandarin Oranges907 g,$4.98
195,"Green House Tomato, Beef Red454 g",$3.00
196,President's ChoiceSweet Baby Lettuces0.14 kg,$3.98
197,Deluxe Neptune Salad,$5.37
198,AuroraSundried Tomatoes85 g,$2.98
199,BolthouseStrawberry Banana1.54 L,$6.98
200,"Pineapple, Large1 ea",$2.99
201,PC OrganicsPortobello Mushrooms2 Pack,$4.98
202,Tomato Beefsteak  Red,$2.06
203,Farmer's MarketCorn On The Cob4 Pack,$3.98
204,Fuyu Persimmon1 ea,$0.78
205,Reser'sMacaroni Salad454 g,$4.48
206,Farmer's MarketGala Apples4 lb Bag,$5.98
207,Raspberries 1/2 Pint0.50 pint,$3.98
208,Romaine Heart 3 pk3 Pack,$4.98
209,PC OrganicsGrape Tomatoes280 g,$3.49
210,"Chinese Carrots, Jumbo",$1.60
211,Farmer's MarketRed Onions10 lb bag,$6.98
212,"Carrots, Bunched1 bunch",$2.48
213,"Eggplant, Baby",$0.55
214,Strawberries2 ea,$6.98
215,Red Seedless Grapes907 g,$5.98
216,"Fruit Salad, Small",$6.90
217,Green Seedless Grapes,$3.33
218,Romano Beans,$0.22
219,President's ChoiceGarden Salad0.34 kg,$2.98
220,President's ChoiceMandarin Oranges2 lb bag,$4.98
221,Farmer's MarketYellow Onions3 lb bag,$2.98
222,Italian Eggplants,$1.58
223,Red Seedless Grapes,$8.68
224,President's ChoiceLady Alice Apples,$1.09
225,Jalapeno Peppers226 g,$3.98
226,Fresh Fruit Snack Cup220 g,$3.00
227,"Wonderful Pistachios, Roasted & Salted225 g",$4.98
228,President's ChoiceBaby Arugula Spinach Blend0.14 kg,$3.98
229,Snap Peas200 g,$2.48
230,Organic Rainbow Carrots1 ea,$3.98
231,Fuji Apples,$1.31
232,Carambola (Star Fruit)1 ea,$1.28
233,Green Seedless Grapes907 g,$3.48
234,President's ChoiceCreamy Golden Potatoes900 g,$3.98
235,Organic Acorn Squash,$3.05
236,"California Salad, Small",$3.08
237,Organic Mango1 ea,$2.49
238,Rutabaga,$4.48
239,TOMATO SAVOURA ORG SALADIO500 g,$3.00
240,Yellow Asian Pears,$1.61
241,Quinoa Salad1 ea,$14.00
242,White Onion,$1.62
243,Yellow Yams,$3.29
244,Organic Beans340 g,$4.98
245,Organic Broccoli1 ea,$3.98
246,PC OrganicsOrganic Clementines2 lb bag,$6.98
247,Carrots,$0.36
248,Tomato Beefsteak  Red,$2.06
249,Chinese Cabbage,$2.42
250,Cantaloupe1 ea,$3.98
251,Sweet Potato5 lb,$6.97
252,Green Cabbage,$2.52
253,White Sweet Potato,$2.19
254,Green Seedless Grapes907 g,$3.48
255,President's ChoiceCrumbled Cauliflower680 g,$6.97
256,"Wonderful Pistachios, Roasted & Salted225 g",$4.98
257,Red Seedless Grapes,$8.68
258,Bosc Pears,$1.11
259,"Navel Orange, Medium",$1.49
260,"Gourmet GardenLightly Dried, Parsley Bowl10 g",$4.98
261,Fresh AttitudeFresh Attitude Spring Mix Blend155 g,$4.98
262,Radishes1 bunch,$1.98
263,Passion Fruit1 ea,$1.68
264,President's ChoiceCauliflower Florets340 g,$4.97
265,Organic Leeks1 bunch,$3.98
266,Gourmet GardenGarlic Stir-In Paste115 g,$4.98
267,Bard Valley Natural Delights Pitted Medjool Dates340 g,$8.98
268,Pitted Honey Dates907 g,$5.98
269,White Yams,$3.29
270,Curly Parsley1 ea,$1.47
271,"Spinach Salad with Goat Cheese, Small",$5.15
272,Farmer's MarketMcIntosh Apples5 lb bag,$6.98
273,Organic Strawberries454 g,$4.98
274,President's ChoiceAxiany Tomatoes0.23 kg,$3.98
275,Curry Leaves,$4.86
276,"PC Blue MenuBlue Menu Pistachios, No Salt280 g",$5.98
277,Chinese Broccoli,$3.34
278,Dasheen,$3.26
279,PC OrganicsCooking Onions907 g,$2.97
280,SunRidge FarmsRomaine Hearts6 Pack,$6.98
281,Organic Raspberries340 ea,$5.98
282,DoleGreek Chopped Salad Kit293 g,$3.97
283,PC OrganicsGrape Tomatoes255 g,$3.97
284,Jamaican Aloe,$3.48
285,President's ChoiceVariety Pack Tomatoes680 g,$6.98
286,PC OrganicsBaby-Cut Carrots2 lb,$4.98
287,Strawberries1 ea,$3.98
288,"PC OrganicsOrganic Bananas, Bunch",$2.35
289,Granadilla1 ea,$1.98
290,Organic Leeks1 bunch,$3.98
291,Cranberry Walnut Salad Bowl127 g,$3.48
292,Strawberries1 ea,$3.98
293,Organic Dried Apricots250 g,$5.00
294,Green Seedless Grapes,$3.33
295,Red Swiss Chard1 ea,$3.98
296,BolthouseChocolate Protein Plus450 mL,$3.98
297,"Peppers, Mini454 g",$4.98
298,DoleCaesar Salad Kit216 g,$3.98
299,RoosterGarlic1 kg,$4.98
300,Snap Peas200 g,$2.48
301,AmiraPitted Dates454 g,$2.98
302,Rambutan,$3.79
303,Gourmet GardenBasil Paste115 g,$4.98
304,Red Onion,$1.62
305,Organic Beet Bunch699 g,$3.98
306,Dill Baby Bunched1 ea,$2.48
307,"Wonderful Pistachios, Shelled170 g",$7.98
308,Butternut Squash,$5.25
309,Orangic Asparagus340 g,$3.98
310,"Carrots, Bunched1 bunch",$2.48
311,Ziggy'sOil & Vinegar Coleslaw1.25 kg,$4.98
312,Organic Blackberries0.50 pint,$5.98
313,Endive300 g,$2.98
314,"PC OrganicsKale, Chard, Spinach Salad Mix142 g",$4.48
315,"President's ChoiceCremini Mushrooms, Sliced227 g",$2.48
316,"Bi-Colour Corn, Corn on the Cob1 ea",$0.58
317,Bard Valley Natural Delights Pitted Medjool Dates340 g,$8.98
318,Okra,$0.44
319,Ginger,$0.92
320,"Fruit Salad, Small",$6.90
321,Baking Potato,$1.40
322,No NameLimes907 g,$4.98
323,PC OrganicsGala Apples3 lb bag,$4.98
324,Granny Smith Apples,$1.09
325,No NameAvocados (Bag)1.36 kg,$6.98
326,Mango1 ea,$1.78
327,"Mango, Sweet",$2.99
328,"Snack Cup, Grapes & Cheese200 g",$3.00
329,No NameImperfect Apples6 lb,$5.98
330,President's ChoiceEasy To Peel Orri Mandarin Oranges907 g,$4.98
331,Original Greek Salad,$4.95
332,President's ChoiceNavel Oranges Cara Cara3 lb bag,$5.98
333,Gourmet GardenCilantro Stir-In Paste115 g,$4.98
334,Ziggy'sCreamy Green Coleslaw454 g,$2.48
335,President's ChoiceMixed Greens0.34 kg,$2.98
336,Gourmet GardenItalian Herbs Paste115 g,$4.98
337,DoleBountiful Triple Quinoa Kit0.24 kg,$4.98
338,Organic Kale Bunch1 ea,$2.48
339,Earthbound Farms OrganicFresh Organic Asian Chopped Salad Kit254 g,$4.98
340,Blackberries1 pint,$4.98
341,Jamaican Sweet Potatoes,$3.07
342,Organic English Cucumber1 ea,$2.48
343,Sweet Nantes Carrots454 g,$2.48
344,Dried Turkish Apricots200 g,$2.98
345,Black Seedless Grapes,$9.03
346,Cobb Salad with Turkey & Bacon206 g,$3.48
347,Snow Peas200 g,$2.48
348,Green Cabbage,$2.52
349,No NameGreen Peppers1130 g,$2.98
350,PC OrganicsArugula Spinach142 g,$4.48
351,Eat SmartEat Smart Wild Greens & Quinoa Salad Kit 255 g,$5.98
352,Red Swiss Chard1 ea,$3.98
353,English Cucumber1 ea,$1.48
354,Farmer's MarketSpartan Apples4 lb bag,$5.98
355,Organic Lemons2 lb bag,$3.98
356,"Fruit Salad, Small",$6.90
357,"Fresh Fruit Salad, Medium",$6.59
358,Peaches,$1.05
359,POM WonderfulPomegranate Juice710 mL,$6.98
360,Okra,$0.44
361,"Plantains, Single",$0.57
362,Farmer's MarketEmpire Apples4 lb bag,$5.98
363,Santa Claus Melons,$6.20
364,Quinoa Salad1 ea,$14.00
365,Organic Leeks1 bunch,$3.98
366,Farmer's MarketMini Carrots340 g,$1.98
367,Red Seedless Grapes907 g,$5.98
368,Long Eggplants,$0.54
369,"Carrots, Bunched1 bunch",$2.48
370,Mango1 case,$12.99
371,Green Seedless Grapes,$3.33
372,DoleCaesar Salad Kit216 g,$3.98
373,Yellow Asian Pears,$1.61
374,White Yams,$3.29
375,Ginger,$0.92
376,White Mushrooms,$0.26
377,Honeydew Melon1 ea,$3.98
378,Coconuts1 ea,$1.48
379,Organic Rainbow Carrots1 ea,$3.98
380,Lemon1 ea,$0.98
381,Dragon Fruit1 ea,$1.98
382,Jalapeno Peppers226 g,$3.98
383,Tamarinds500 g,$3.98
384,Ginger,$0.92
385,"Greenhouse Peppers, Orange",$2.10
386,PC OrganicsField Greens312 g,$5.00
387,Guava650 g,$3.98
388,Black Plums,$0.77
389,Thai Green Chili Peppers,$1.28
390,Dill Weed for Pickling1 ea,$1.98
391,Thai Green Peppers113 g,$2.98
392,Pink Lady Apples5 lb bag,$6.98
393,Sweet Green Peppers,$1.84
394,PC OrganicsOrganic Clementines2 lb bag,$6.98
395,Anjou Pears,$1.21
396,Farmer's MarketFM Grape Tomato 907g908 g,$6.98
397,Roma Tomatoes1 ea,$6.98
398,Mission Figs227 g,$3.98
399,Red Peppers    ,$1.58
400,Yellow Caribe Peppers226 g,$3.47
401,Organic Bartlett Pears3 lb bag,$5.98
402,Green Swiss Chard1 ea,$3.98
403,Hass Avocado1 ea,$1.98
404,"Grapes, Red Globe",$6.44
405,Poblano Peppers226 g,$3.47
406,Deluxe Bean Salad,$4.27
407,White Sweet Potato,$2.19
408,"PC OrganicsOrganic Bananas, Bunch",$2.35
409,"Eggplant, Baby",$0.55
410,Baby Bok Choy,$2.88
411,Grey Zucchini,$1.31
412,Greek Mix with Toppings185 g,$4.98
413,White Onion,$1.62
414,President's ChoicePortobello Mushroom Caps4 Pack,$4.98
415,English Cucumber1 ea,$1.48
416,"Avocado, 5/6-Count1 ea",$3.97
417,Leeks1 bunch,$4.98
418,Bard Valley Natural Delights Pitted Medjool Dates340 g,$8.98
419,Small Sweet Kale Salad,$7.92
420,Envy Apples,$1.09
421,Reser'sPotato Salad1250 g,$5.98
422,Fresh Fruit Snack Cup220 g,$3.00
423,"Gourmet GardenLightly Dried, Ginger Bowl220 g",$4.98
424,PC OrganicsCremini Sliced Mushrooms227 g,$2.68
425,PEPPERS MINI SEEDLESS 227G227 g,$3.98
426,PC OrganicsField Greens & Baby Spinach312 g,$5.00
427,Canary Melons,$2.41
428,Organic Leeks1 bunch,$3.98
429,Anaheim Peppers170 g,$3.47
430,Yellow Asian Pears,$1.61
431,Romaine Heart 3 pk3 Pack,$4.98
432,Broccoli Crowns,$1.66
433,Rutabaga,$4.48
434,PC OrganicsPortobello Mushrooms2 Pack,$4.98
435,Organic Blueberries0.50 pint,$5.98
436,Shishito Peppers227 g,$3.98
437,Field Cucumbers1 ea,$1.48
438,Halo Mandarin2 lb,$5.98
439,Mango Julie,$1.76
440,"PC Blue MenuBlue Menu Pistachios, No Salt280 g",$5.98
441,"Greenhouse Peppers, Yellow",$1.64
442,Oriental Yams,$4.78
443,Pummelos1 lb bag,$2.98
444,Jalapeno Peppers,$0.44
445,President's ChoiceFrench Bean400 g,$3.98
446,"Portobello Mushrooms, Bulk",$1.32
447,Black Seedless Grapes,$9.03
448,Bolthouse100% Carrot946 mL,$5.98
449,"Artichokes, Large (Pack)1 ea",$2.48
450,Medjool Premium Chopped Dates340 g,$8.98
451,PC OrganicsBaby Spinach312 g,$5.98
452,Organic Seedless Mandarin Orange1.36 kg,$4.98
453,Blueberries0.50 pint,$4.98
454,"Wonderful Pistachios, Sweet Chili200 g",$4.98
455,Ziggy'sOil and Vinegar Coleslaw454 g,$2.48
456,President's ChoiceVegetable Medley340 g,$4.48
457,Greek Yogurt Parfait290 g,$3.00
458,Granny Smith Apples4 lb bag,$5.98
459,Cauliflower Florets,$4.17
460,MannsVeggie Tray461 g,$8.98
461,Reser'sMacaroni Salad454 g,$4.48
462,New StarSpinach Plus Baby Kale376 g,$4.98
463,Fruit Trio Spears595 g,$5.00
464,Summer FreshSeven Grain Salad264 g,$4.98
465,Organic Red Tomato on the Vine,$7.91
466,PC OrganicsAmbrosia Apple,$1.15
467,"Snack Cup, Veggies & Dip200 g",$3.00
468,Fresh Coconut Young1 ea,$2.98
469,"Rainbow Mix Red, Golden & Candy Cane Beets908 g",$3.98
470,Pazazz Apple,$1.34
471,No NameBrown Mushrooms680 g,$4.98
472,President's ChoiceKent Mango1 ea,$1.98
473,Red Peppers    ,$1.58
474,Avocado1 ea,$1.98
475,Fresh Pineapple & Strawberries,$6.86
476,Rutabaga2.27 kg,$2.98
477,"President's ChoiceWhite Mushrooms, Sliced227 g",$2.48
478,Deluxe Bean Salad1100 g,$14.00
479,Duda Celery Sticks454 g,$3.98
480,President's ChoiceVegetable Medley340 g,$4.48
481,Granny Smith Apples4 lb bag,$5.98
482,MannsVeggie Tray461 g,$8.98
483,Reser'sMacaroni Salad454 g,$4.48
484,New StarSpinach Plus Baby Kale376 g,$4.98
485,DoleSpinach Miso Crunch Kit234 g,$4.98
486,Organic Butternut Squash,$7.77
487,"Sweet Kale Salad, Family Size1 ea",$15.00
488,Avocado1 ea,$1.98
489,Oriental Yams,$4.78
490,Pummelos1 lb bag,$2.98
491,Jalapeno Peppers,$0.44
492,President's ChoiceFrench Bean400 g,$3.98
493,Black Seedless Grapes,$9.03
494,Blackberries1 pint,$4.98
495,Earthbound Farms OrganicFresh Organic Chopped Salad Southwest Kit254 g,$4.98
496,"Cobb Salad, Small",$7.26
497,DoleUltimate Caesar Kit252 g,$4.98
498,Deluxe Bean Salad1100 g,$14.00
499,Duda Celery Sticks454 g,$3.98
500,Summer FreshPasta Italiano in a Sweet Balsamic Vinaigrette Medium800 g,$6.98
501,Kumato Tomatoes454 g,$3.98
502,Earthbound Farms OrganicFresh Organic Asian Chopped Salad Kit254 g,$4.98
503,Ziggy'sPotato & Egg Salad454 g,$2.48
504,Gourmet GardenGourmet Garden Chili Pepper Lightly Dried22 g,$0.94
505,Matchstick Carrots283 g,$1.98
506,PC OrganicsBaby-Cut Carrots1 lb Bag,$2.98
507,Sun Rich Sliced Red Apples595 g,$5.00
508,President's ChoiceOyster Mushrooms100 g,$2.98
509,President's ChoiceBroccoli Florets340 g,$3.98
510,Bok Choy,$1.73
511,Green Beans,$0.27
512,Chick Pea/Artichoke/Sundried Tomato Salad,$6.73
513,Tangerine,$1.97
514,Pomegranate1 ea,$2.48
515,Ataulfo Mango1 case,$24.99
516,"Rainbow Mix Red, Golden & Candy Cane Beets908 g",$3.98
517,Horseradish,$3.84
518,"PC Blue MenuBlue Menu Pistachios, No Salt280 g",$5.98
519,"Greenhouse Peppers, Yellow",$1.64
520,President's Choice50-50 Blend0.28 kg,$4.98
521,Summer FreshSeven Grain Salad264 g,$4.98
522,DoleRanch Salad Kit347 g,$3.98
523,Radicchio,$2.04
524,Broccoli1 ea,$1.98
525,President's ChoiceSpring Mix0.31 kg,$4.48
526,President's ChoiceBlood Oranges907 g,$4.98
527,Organic Red Tomato on the Vine,$7.91
528,Farmer's MarketYellow Onions3 lb bag,$2.98
529,BolthouseMocha Cappuccino946 mL,$5.98
530,SunkistRed Grapefruit5 lb bag,$5.98
531,Washed Lettuce Crispies & Crunchies142x142g,$3.97
532,Cilantro1 ea,$0.68
533,BolthouseGreen Goodness1.54 L,$6.98
534,DoleBountiful Triple Quinoa Kit0.24 kg,$4.98
535,"PC OrganicsOrganic Bananas, Bunch",$2.35
536,"PC Blue MenuCalifornia Pistachios - Unsalted, Dry Roasted620 g",$12.98
537,Gourmet GardenGinger Paste115 g,$4.98
538,Organic Beans340 g,$4.98
539,President's ChoiceCrumbled Cauliflower340 g,$3.98
540,"Date Rolls, Almond340 g",$6.98
541,Ziggy'sPotato & Egg Salad1.25 kg,$4.98
542,Bok Choy,$1.73
543,President's ChoiceBroccoli Florets907 g,$5.98
544,BolthouseAmazing Mango946 mL,$5.98
545,Organic Brussel Sprouts454 g,$6.98
546,"Garden Salad, Small",$5.08
547,Medjool Dates907 g,$13.98
548,Fruit Trio Spears595 g,$5.00
549,ReneesLight Ceasar Dressing42 g,$0.50
550,Mini Seedless Watermelon1 ea,$3.97
551,"Chantrelle Mushrooms, Dried14 g",$3.98
552,PC OrganicsBaby Arugula142 g,$4.98
553,Roma Tomatoes,$0.79
554,President's ChoiceGarden Salad0.34 kg,$2.98
555,Cauliflower Florets,$4.17
556,DoleSpinach Miso Crunch Kit234 g,$4.98
557,PC OrganicsShiitake Mushrooms100 g,$3.98
558,Raspberries 1/2 Pint0.50 pint,$3.98
559,Farmer's MarketCorn On The Cob4 Pack,$3.98
560,Italian Parsley1 ea,$1.47
561,Reser'sPotato Salad with Deviled Egg454 g,$3.98
562,PC OrganicsGrape Tomatoes255 g,$3.97
563,Ziggy'sCreamy Green Coleslaw1.25 kg,$4.98
564,Parsnips907 g,$3.98
565,President's ChoicePC Basil 80G80 g,$3.98
566,Reser'sPotato and Egg Salad1250 g,$5.98
567,Earthbound Farms OrganicFresh Organic Caesar Chopped Salad Kit254 g,$4.98
568,Rhubarb1 ea,$3.98
569,"President's ChoiceReady Veggie, Kale Blend340 g",$4.98
570,"Spinach Salad with Goat Cheese, Small",$5.15
571,Organic Kiwis454 g,$2.98
572,Earthbound Farms OrganicFresh Organic Chopped Salad Southwest Kit254 g,$4.98
573,President's Choice50-50 Blend0.28 kg,$4.98
574,DoleSunflower Bacon Crunch Chopped Salad Kit346 g,$4.98
575,Yellow Nectarines,$1.38
576,President's ChoiceSouthern-Style Turkey Breast Strips0.91 kg,$6.98
577,President's ChoiceMaple Flavoured Naturally Smoked Bacon500 g,$3.34
578,"President's ChoiceCertified Angus Beef, Tenderloin Grilling Steak",$5.98
579,"Littleneck Clams, Live",$3.98
580,President's ChoiceChicken Leg Quarters Club Pack,$0.78
581,"Blade Roast, Boneless Club Pack",$3.98
582,Bruschetta Stuffed Chicken175 g,$2.98
583,"High LinerFish In Tempura Batter, Family Pack700 g",$3.98
584,LilydaleDaystarters Sausage Turkey 375 g,$6.20
585,President's ChoiceFully Cooked Bacon65 g,$1.21
586,"PillsburyWiener Wrap, Regular200 g",$4.98
587,President's ChoiceBacon Reduced Salt500 g,$1.48
588,Feature FoodsHerring Fillets in Wine Marinade320 g,$4.98
589,Fresh Atlantic Salmon Filet,$5.00
590,"Eye Of Round Roast, Club Pack",$4.98
591,"President's ChoiceSwedish Meatball, Club Pack1.81 kg",$2.61
592,"Bottom Blade Steak, Boneless",$6.98
593,"No NameBurgers, Club Pack2.27 kg",$3.98
594,Zabiha HalalSliced Cooked Chicken Breast Roast200 g,$3.00
595,"Chicken Leg Quarters, Service Case",$1.61
596,"JohnsonvilleSmokes Sausage, Buffalo Cheese375 g",$2.98
597,"High LinerPan Sear Selects Salmon, Mediterranean540 g",$1.09
598,Whole Porgy,$1.94
599,President's ChoiceGigantico Black Tiger Shrimp With Mild Cocktail Sauce568 g,$1.31
600,"Maple LeafBacon, Salt Reduced375 g",$1.47
601,Pork Tenderloin,$2.98
602,SeaquestKing Crab Flavoured Wild Alaska Pollock & Wild Pacific Whiting227 g,$3.98
603,"Stewing Beef Cubes, Boneless",$1.09
604,"President's ChoiceCertified Angus Beef, Top Sirloin Boneless Steak,Club Pack",$1.49
605,PC Blue MenuBlue Menu Minced Turkey454 g,$2.80
606,Breaded Popcorn Shrimp908 g,$1.62
607,Anchor BayWhole Tilapia1.36 kg,$2.01
608,Grain Fed Veal Cutlets,$1.98
609,President's ChoiceToo Good To Be Wings Gluten-Free Maple Barbecue Boneless Coated Chicken Breast Chunks800 g,$1.40
610,President's ChoiceFresh Lamb Marinated Loin Chops,$1.47
611,President's ChoiceOven-Roasted Chicken Breast175 g,$7.98
612,Tenderloin Roast,$2.22
613,"JanesBoneless Bites, Honey Garlic & Thai900 g",$8.95
614,"Maple Lodge Farms LTChicken Half Breast Boneless Skinless, 6 Pack1 ea",$6.98
615,Maple LeafBacon375 g,$1.37
616,SchneiderMainStreet Deli Smoked Black Forest Ham Smoked Seasoned Turkey Breast Variety Pack400 g,$2.98
617,Maple LeafNatural Selections Shredded Chicken200 g,$4.00
618,JohnsonvilleDouble Smoke Farm Sausage375 g,$2.35
619,"Catfish Fillet, Cajun",$5.00
620,SeaquestShrimp Ring227 g,$3.98
621,President's ChoiceMelt In The Middle Responsibly Farmed Sustainably Sourced Salmon And Smoked Haddock Fish Cakes290 g,$3.98
622,SUFRAChicken Breast Strips375 g,$2.98
623,Frozen Grade A Geese,$3.98
624,President's ChoiceSeafood Bake Tray Garlic Herb 700 g,$1.66
625,"MarcangeloItalian Sausages, Mild1.40 kg",$3.98
626,Maple Lodge Farms LTSpicy Ultimate Chicken Frank900 g,$4.48
627,"JanesBoneless Bites, Honey Garlic & Thai900 g",$9.98
628,President's ChoiceSmokin' Stampede Just Flats Gigantico Chicken Winglets907 g,$4.98
629,"No NameStuffed Breaded Chicken, Broccoli & Cheese (2 Pack)284 g",$2.98
630,Zabiha HalalSpicy Buffalo Style Chicken Wings908 g,$2.98
631,PC Blue MenuBoneless Turkey Breast,$3.98
632,No NameMild Sugar-Cured Bacon500 g,$3.98
633,President's ChoiceToo Good To Be Wings Butter Chicken Boneless Breaded Chicken Breast Chunks800 g,$0.96
634,President's ChoiceWorld of Flavours Mexican Pulled Pork900 g,$3.97
635,PC Blue MenuBlue Menu Ground Chicken454 g,$5.00
636,"No Name Club PackSeasoned Chicken Breasts, Skinless Boneless2 kg",$2.04
637,PC Blue MenuWild Sockeye Salmon Skin-On Fillets280 g,$7.26
638,No NameNo Name Chicken Hot Dogs Club Pack1500 g,$6.98
639,Lobster Tails1 ea,$2.98
640,"Beyond Burger, Plant-Based226 g",$11.97
641,Halal Chicken,$6.90
642,"HarvestSausage Ring, Cheddar Jalapeno300 g",$0.99
643,"High LinerWild Pollock, English Style Batter350 g",$1.49
644,Beef Liver,$3.98
645,Maple LeafChicken Breast1 ea,$6.98
646,President's ChoiceLemon & Garlic Pacific White Shrimp With A Zesty Lemon And Garlic Sauce480 g,$5.98
647,JohnsonvilleDouble Smoke Farm Sausage375 g,$6.98
648,No NameGarlic Sausage Ring300 g,$3.98
649,SiwinKorean Style Sausage BBQ300 g,$3.98
650,President's ChoiceLamb Loin Chop,$2.48
651,"GrimmsSmokies, Sizzlin' Original450 g",$3.98
652,High LinerRoasted Garlic & Herb Breaded Fish Fillets350 g,$2.98
653,President's ChoiceTurkey Smokies300 g,$0.68
654,President's ChoiceMelt In The Middle Sustainably Sourced Cod Fish Cakes290 g,$3.98
655,President's ChoiceCrisp & Crunchy Spicy Southern-Style Chicken Wings907 g,$2.98
656,President's ChoiceItalian Meatballs Club Pack1.81 kg,$1.47
657,LaurenaFlat Fillets of Anchovies50 g,$2.48
658,"President's ChoiceCertified Angus Beef, Sirloin Tip Steak",$2.98
659,"President's ChoiceChicken Breasts, Boneless Skinless",$2.48
660,Chicken Breast Boneless Skinless Org1 kg,$6.73
661,President's ChoicePC Meatball SWEDISH907 g,$5.37
662,Maple LeafChicken Drum0.87 g,$12.99
663,"No Name Club PackClub Pack Chicken Breasts, Boneless Skinless2 kg",$4.48
664,"President's ChoiceFree From Pork Shoulder Blade Steaks, Tray Pack",$1.28
665,President's ChoiceDouble Smoked Oak-Smoked Long-Sliced Scottish Atlantic Salmon300 g,$3.98
666,HarvestWieners450 g,$5.98
667,President's ChoiceTurkey Breast Fillet,$4.98
668,President's ChoiceButter Infused Turkey- 7 kg,$2.98
669,"Beef Feet, Frozen",$4.98
670,Maple LeafNatural Turkey Bacon300 g,$4.98
671,High LinerEnglish Style Battered Fillets500 g,$0.68
672,"PC Blue MenuSkinless, Boneless Seasoned Chicken Breasts Fillets Removed680 g",$0.26
673,President's ChoiceChicken Thigh Club Pack,$2.98
674,SeaquestWild Pacific Salmon454 g,$0.26
675,"T&TDumpling, Shrimp And Chive208 g",$0.77
676,"Grain-Fed Veal Liver, Slice",$1.14
677,Ontario Lamb Loin Chops,$2.98
678,President's ChoiceChicken Samosas288 g,$4.43
679,"Cross Rib Roast, Boneless Club Pack",$3.97
680,"President's ChoiceCheese Bites, Tortilla & Jalapeño436 g",$3.48
681,"Inside Round Marinating Steak, Club Pack",$1.48
682,Cook's Portion Ham,$10.00
683,Steelhead Trout Fillets,$5.98
684,Feature FoodsHerring Rollmops320 g,$6.98
685,SeaquestKing Crab Flavoured Wild Alaska Pollock Chunks227 g,$6.97
686,Zabiha HalalChicken Breakfast Strips375 g,$2.98
687,Zabiha HalalHalal Chicken Smokies600 g,$3.42
688,ButterballTurkey Franks450 g,$5.98
689,President's ChoiceSmoky Bonfire Double-Smoked Bacon500 g,$6.44
690,No NameAll-Beef Wieners450 g,$4.98
691,"High LinerPan Sear Selects Sole, Lemon Pepper540 g",$4.98
692,Fresh Steelhead Trout Fillets,$2.98
693,PC Blue MenuBlue Menu Lean Italian Meatballs907 g,$6.98
694,President's ChoiceVegetable Samosas345 g,$3.98
695,"Cod Fish Bone, Salted400 g",$4.98
696,LousPhilly Style Shaved Steak400 g,$2.47
697,"High LinerFish Sticks with Crunchy Breading, Sole350 g",$3.98
698,RoyalRoyal Beef Fondue300 g,$5.45
699,President's ChoiceFrozen Lamb Shank,$2.48
700,"PC Blue MenuBlue Menu Rainbow Trout Fillet, Skinless280 g",$14.00
701,"Halal Lean Ground Beef, Club Pack",$6.98
702,President's ChoiceSustainably Sourced Wild Atlantic Cod Skinless Boneless Fillets1.36 kg,$6.98
703,MarcangeloBacon Wrapped Beef340 g,$3.54
704,Anchor BayCooked Clam Meat340 g,$4.11
705,President's ChoiceTurkey Smokies300 g,$8.98
706,President's ChoiceShrimp Au Gratin206 g,$2.47
707,"High LinerFish In Tempura Batter, Haddock350 g",$2.22
708,Butterfish Fillet800 g,$3.98
709,SchneiderCheddar Sausages Classic Cheddar375 g,$5.98
710,Rainbow Trout Fillets,$3.98
711,JanesUltimates Crunchy Breaded Whole Chicken Fillets1 kg,$0.85
712,President's ChoiceFresh Rack Of Lamb,$5.68
713,Feature FoodsHerring Fillets in Wine Marinade320 g,$1.38
714,PC Blue MenuBlue Menu Minced Turkey454 g,$6.98
715,"High LinerFish Sticks, Family Pack700 g",$4.98
716,"President's ChoiceFree From Pork Side Rib Breast, Club Pack",$0.44
717,"Rib Steak, Cap Off Club Pack",$4.98
718,MarcangeloHickory BBQ Beef Steak Tips600 g,$3.98
719,"Stewing Beef Cubes, Boneless",$2.49
720,"Certified Angus Beef, Sirloin Tip Roast",$3.98
721,Headless Shrimp400 g,$3.95
722,"Inside Round Steak, Fast Fry",$4.98
723,SchneiderJuicy Jumbo Original Wieners900 g,$4.98
724,SeaquestLobster Flavoured Wild Alaska Pollock Chunks227 g,$1.44
725,Previously Frozen Whole Mackerel,$4.48
726,"Farmed Atlantic Salmon Steak, Fresh Club Pack",$4.11
727,"President's ChoiceFree From Boneless Pork Centre Chop Loin Roast, Club Pack",$0.68
728,LilydaleHickory Turkey Breast Strips550 g,$0.98
729,No NameSalami Chub500 g,$1.58
730,President's ChoiceTurkey Thighs,$0.69
731,Baby Octopus454 g,$4.25
732,"PC Blue MenuBlue Menu Thick & Juicy, Turkey Burgers1.13 kg",$2.48
733,Whole Lamb Shoulder Chop,$1.53
734,"No NameSalt & Pepper Chicken Wings, Club Pack1.81 kg",$5.98
735,"Cross Rib Roast, Boneless Club Pack",$3.87
736,"Lethbridge Pork Centre Cut Chop, Bone In",$0.26
737,Maple LeafRoasted Carved Turkey Breast375 g,$0.68
738,Prime Rib Steak,$3.97
739,"No NameOriginal Wieners, Club Pack Original1.50 kg",$3.98
740,Dried Boneless Cod Bits454 g,$12.00
741,"ButterballTurkey, Bacon Style375 g",$3.98
742,Maple LeafCorned Beef,$6.98
743,Zabiha HalalBBQ Chicken Wings908 g,$3.97
744,President's ChoiceTurkey Smokies300 g,$2.98
745,No NameAll-Beef Wieners450 g,$6.98
746,"President's ChoiceFree From Pork Bone In Picnic Roast, Tray Pack",$4.98
747,"No Name Club PackSeasoned Chicken Breasts, Skinless Boneless2 kg",$7.98
748,"High LinerPan Sear Selects Sole, Lemon Pepper540 g",$1.98
749,"GrimmsSmokies, Sizzlin' Cheddar450 g",$5.98
750,President's ChoiceWild Atlantic Cod Fillets 280 g,$3.98
751,President's ChoiceNashville Style Shrimp 340 g,$6.98
752,Live Large Dungeness Crab,$2.48
753,LaurenaFlat Fillets of Anchovies50 g,$4.98
754,"T&TDumpling, Shrimp And Chive208 g",$4.98
755,Halal Whole Chicken,$3.48
756,SiwinSweet Tocino375 g,$3.98
757,"Raw White Shrimp, Headless",$5.00
758,President's ChoiceWorld of Flavours Greek Seasoned Pork Loin Roast730 g,$3.33
759,"High LinerPan Sear Selects Salmon, Mediterranean540 g",$4.98
760,President's ChoiceMeatless Burger568 g,$4.98
761,SchneiderBacon375 g,$2.10
762,"President's ChoiceFree From Bone In Picnic Roast, Club Pack",$1.15
763,President's ChoiceSeafood Bake Tray Cajun 700 g,$4.98
764,President's ChoiceCooked Peeled Responsibly Farmed Jumbo Pacific White Shrimp400 g,$2.48
765,"Pork Back Ribs, 2 Pack",$2.98
766,Fresh Farmed Steelhead Fillet,$1.84
767,No NameBlack Forest Ham1.30 kg,$5.98
768,PC  Club PackShepherd's Pie Club Pack1.80 kg,$7.98
769,"High LinerFish Sticks with Crunchy Breading, Sole350 g",$3.98
770,"Blade Steak, Boneless Club Pack",$4.98
771,President's ChoiceNashville Style Shrimp 340 g,$3.00
772,JohnsonvilleSmoked Polish Sausage375 g,$3.98
773,JanesUltimates Crunchy Breaded Whole Chicken Fillets1 kg,$5.37
774,President's ChoiceChicken Divan 4 Pieces560 g,$2.98
775,No NameChicken Hot Dogs450 g,$6.98
776,High LinerEnglish Style Battered Fillets500 g,$2.99
777,Anchor BayCooked Shrimp 61-70 ct454 g,$4.98
778,No NameTourtiere450 g,$2.06
779,"President's ChoiceBeefless Burgers, Plant-based, Vegan452 g",$3.98
780,President's ChoiceButter Infused Chicken1.66 kg,$0.78
781,SeaquestBasa Fillets400 g,$4.48
782,Maple LeafNatural Smoked Ham Black Forest600 g,$5.98
783,Halal Ground Beef,$3.98
784,President's ChoiceVegetable Samosas345 g,$4.98
785,"Maple LeafTop Dogs Wieners, Original Regular375 g",$3.49
786,"High LinerFish Sticks, Family Pack700 g",$1.60
787,Maple Lodge Farms LTUltimate Chicken Wiener900 g,$6.98
788,"Halal Tandoori Chicken, Mild",$2.48
789,"Atlantic Cod Fillet, Previously Frozen",$0.55
790,"President's ChoiceFree From Air Chilled Whole Chicken, Tray Pack",$6.98
791,Boned Salted Cod Fillets908 g,$5.98
792,"T&TShrimp Dumpling, Cooked208 g",$6.90
793,Split Chicken Wings,$3.33
794,"Certified Angus Beef, Sirloin Tip Roast",$0.22
795,Cove Fresh Mussels907 g,$2.98
796,President's ChoiceDouble Roast Turkey Breast,$4.98
797,St. Hubert-ExceldorChicken Pot Pie470 g,$2.98
798,Inside Round Oven Roast,$1.58
799,Rainbow Trout Fillets,$8.68
800,President's ChoiceChicken Breast Fillet Club Pack,$1.09
801,President's ChoiceBreaded Coconut Shrimp With Sweet Chili Dipping Sauce454 g,$3.98
802,Fresh Chicken Hearts,$3.00
803,CooksPremium Lean Hickory Smoked Ham Steak454 g,$4.98
804,Frozen Rabbit,$3.98
805,"Top Sirloin Steak, Club Pack",$2.48
806,"High LinerFish Fries, Tempura Batter700 g",$3.98
807,President's ChoiceGigantico Raw Zipperback Black Tiger Shrimp400 g,$1.31
808,"President's ChoiceChicken Wings, Medium Buffalo with Sauce907 g",$1.28
809,"President's ChoiceCocktail Sausage Smokies, Original500 g",$3.48
810,"FermaSardines, Large750 g",$3.98
811,Tilapia Fillets,$3.05
812,MarcangeloItalian Pork Meatballs1 kg,$3.08
813,"Centre-Cut Pork Chops, Bone-In",$2.49
814,"MarcangeloItalian Pork Sausages, Mild500 g",$4.48
815,Bacon-Wrapped Seasoned Beef Tournedos150 g,$3.00
816,Tilapia Fillets,$1.61
817,MarcangeloSweet Peppercorn Pork Tenderloin Stuffed with Apple Pork Sausage600 g,$14.00
818,"President's ChoiceChickenless Breaded Strips, Vegan350 g",$1.62
819,"Boned Cod Fillets, Salted454 g",$3.29
820,Steelhead Trout Fillets,$4.98
821,SchneiderJuicy Jumbos Wieners Hot 'n Spicy450 g,$3.98
822,"SchneiderNatural, Family Pack375 g",$6.98
823,Hot StuffsAll Beef BBQ Wieners450 g,$0.36
824,President's ChoiceToo Good To Be Wings Garlic Parmesan Boneless Turkey Breast Chunks800 g,$2.06
825,SeaquestSea Quest Pacific White Shrimp & Bay Scallops Raw340 g,$2.42
826,SchneiderSmoked Ham 97% Fat Free700 g,$3.98
827,MarcangeloBacon Wrapped Beef340 g,$6.97
828,Chicken Stuffed Mushroom Risotto1 ea,$2.52
829,Schneiders Smokies Sausages Original Recipe900 g,$2.19
830,"PC Blue MenuBlue Menu Chicken Breast, Boneless Skinless Club Pack1.36 kg",$3.48
831,"Pollock Fillets, Breaded $10900 g",$6.97
832,Maple LeafOriginal Wieners900 g,$4.98
833,President's ChoiceFree From Wieners375 g,$8.68
834,"Raw Wild Shrimp, Easy Peel300 g",$1.11
835,Gluten Free Salami600 g,$1.49
836,President's ChoiceTurkey Frankfurters375 g,$4.98
837,President's ChoiceFree From Bacon Naturally Smoked0.38 kg,$4.98
838,Halal Beef Cubes,$1.98
839,"President's ChoiceMeatballs, Italian Style907 g",$1.68
840,President's ChoiceBlack Cod240 g,$4.97
841,President's ChoiceShrimp & Scallops Au Gratin240 g,$3.98
842,Seabream (Orata),$4.98
843,"Fresh Atlantic Salmon Portion, Maple Flavour, 113G113 g",$8.98
844,PC Blue MenuShepherd’S Pie900 g,$5.98
845,"Pork Butt Roast, Bone In",$3.29
846,"PC Blue MenuSkinless, Boneless Seasoned Chicken Breasts Fillets Removed680 g",$1.47
847,"Fresh Atlantic Salmon Portion, Herb and Garlic Flavour, 113G113 g",$5.15
848,President's ChoiceSmoked Sockeye Salmon150 g,$6.98
849,PC Blue MenuBlue Menu Angus Beef Meatballs907 g,$4.98
850,"President's ChoiceNaturally Smoked Bacon, Honey & Sea Salt Flavour500 g",$3.98
851,Inside Round Marinating Steak,$4.86
852,SchneiderOktoberfest Sausages375 g,$5.98
853,President's ChoiceButter Infused Turkey- 7 kg,$3.34
854,"Beef Rib Fingers, Boneless",$3.26
855,Anchor BayWhole Milk Fish1 kg,$2.97
856,Rack of Lamb,$6.98
857,"Fresh Atlantic Salmon Portion, 113G113 g",$5.98
858,President's ChoiceLamb Spiedini 24 Pieces480 g,$3.97
859,"Fresh Atlantic Salmon Fillets, Skin On",$3.97
860,RoyalRoyal Chinese Chicken Fondue200 g,$3.48
861,"Rib Grilling Steaks, Boneless",$6.98
862,High LinerCrunchy Breaded Haddock Fish Sticks350 g,$4.98
863,"Bottom Blade Steak, Boneless",$3.98
864,Eye Of Round Steak,$2.35
865,OlymelItalian Spicy Sausages600 g,$1.98
866,"Beyond Burger, Plant-Based226 g",$3.98
867,"President's ChoiceFree From Pork Back Ribs, Club Pack",$3.48
868,Flank Steak,$3.98
869,President's ChoiceRaw Zipperback Large Pacific White Shrimp680 g,$5.00
870,7seasSmoked Pink Salmon454 g,$3.33
871,President's ChoiceRosemary & Thyme Chicken Breasts680 g,$3.98
872,"Maple LeafTop Dogs Wieners, Original Regular375 g",$3.98
873,Basa Steaks1 kg,$4.98
874,MarcangeloPork Breakfast Patties1.20 kg,$3.98
875,President's ChoiceFresh Ground Lamb,$4.98
876,President's ChoiceFree From Boneless Pork Center Cut Chop,$2.48
877,"President's ChoiceApplewood Bacon, Sliced500 g",$2.98
878,Inside Round Roast,$3.79
879,OlymelBratwurst Sausages500 g,$4.98
880,No NameFarmer Sausage1 kg,$1.62
881,SeaquestShrimp Ring454 g,$3.98
882,"Cross Rib Roast, Boneless",$2.48
883,"MarcangeloItalian Sausages, Mild1.40 kg",$7.98
884,"SchneiderNatural, Family Pack375 g",$5.25
885,President's ChoiceCheese Hors D'oeuvre Collection800 g,$3.98
886,Anchor BayWhole Tilapia1.36 kg,$2.48
887,"Boneless Cod Fillets, Club Pack",$4.98
888,President's ChoiceSmoked Sockeye Salmon150 g,$5.98
889,President's ChoiceFrench Quiche Bistro-Style Selection360 g,$2.98
890,"President's ChoiceFree From Italian Pork Sausages, Mild500 g",$4.48
891,Cubed Beef,$2.48
892,SchneiderCheddar Smokies900 g,$0.58
893,President's ChoiceCrisp & Crunchy Spicy Southern-Style Chicken Wings907 g,$8.98
894,SiwinPork Tocino375 g,$0.44
895,SchneiderSchneiders Spicy Sausage Spicy Sicilian375 g,$0.92
896,"President's ChoiceFree From Pork Side Rib, Sweet & Sour Club Pack",$6.90
897,"High LinerSignature English Style Battered Cod Fillets, Uncooked2 kg",$1.40
898,"President's ChoiceFree From Pork Shoulder Blade Steaks, Club Pack",$4.98
899,"Top Sirloin Roast, Boneless, Club Pack",$4.98
900,Blue WaterBreaded Fish Fillets431 g,$1.09
901,Chicken Breast Boneless Skinless Frozen,$6.98
902,SchneiderRegular Wiener375 g,$1.78
903,Smoked Pork Hocks,$2.99
904,"Lethbridge Pork Butt Roast, Boneless",$3.00
905,"Squid, Cleaned and Previously Frozen",$5.98
906,SeaquestCod Fillets680 g,$4.98
907,No NamePolish-Style Garlic Sausage300 g,$4.95
908,President's ChoiceStacon Extra Thick Bacon500 g,$5.98
909,"Pork Loin Centre Cut Roast, Boneless",$4.98
910,"President's ChoiceChicken Thighs, Air Chilled Club Pack",$2.48
911,No NameSalt & Pepper Chicken Wings908 g,$2.98
912,"High LinerPan Sear Selects Cod, Savoury Herb540 g",$4.98
913,"Fresh Atlantic Salmon Portion, Maple Flavour, 113G113 g",$4.98
914,"Centre Cut Pork Loin Roast, Boneless",$2.48
915,President's ChoiceBlack Cod240 g,$4.98
916,Pork Loin Half,$4.98
917,President's ChoiceTurkey Frankfurters375 g,$3.07
918,PC Black LabelWagyu Beef Burgers568 g,$2.48
919,No NameSalami Chub500 g,$2.48
920,President's ChoiceGreek Lamb Sirloin Roast,$2.98
921,President's ChoiceFree From Chicken Breast680 g,$9.03
922,President's ChoiceWorld of Flavours Canadian Maple Apple Butter Roast730 g,$3.48
923,President's ChoiceFree From Sausages300 g,$2.48
924,$10 Popcorn Chicken1.13 kg,$2.52
925,Fresh Chicken Hearts,$2.98
926,MarcangeloBacon Wrapped Beef340 g,$4.48
927,SeaquestShrimp Ring454 g,$5.98
928,President's ChoiceBreaded Butterflied Shrimp400 g,$3.98
929,President's ChoiceItalian Meatballs Club Pack1.81 kg,$1.48
930,"Beef Shank, Sliced Bone-In",$5.98
931,PC Blue MenuWild Sockeye Salmon Skin-On Fillets280 g,$3.98
932,President's ChoiceStir Fry Turkey Breast,$6.90
933,Bacon-Wrapped Seasoned Beef Tournedos150 g,$6.59
934,Lethbridge Pork Tenderloin,$1.05
935,MarcangeloCrusted Beef Sirloin Roast700 g,$6.98
936,"President's ChoiceCertified Angus Beef, T Bone Grilling Steak",$0.44
937,"President's ChoiceCertified Angus Beef, Stewing Beef",$0.57
938,"President's ChoiceFree From, Back Bacon200 g",$5.98
939,RoyalRoyal Chinese Chicken Fondue200 g,$6.20
940,RoyalRoyal Beef Fondue300 g,$14.00
941,Cook's Portion Ham,$3.98
942,LilydaleTurkey Sausages Hot Italian500 g,$1.98
943,Swiss ChaletChicken Pot Pie 2 x 235 g470 g,$5.98
944,Maple Lodge Farms LTChicken Smokies600 g,$0.54
945,Lean Ground Lamb500 g,$2.48
946,PC Blue MenuShepherd’S Pie900 g,$12.99
947,Inside Round Marinating Steak,$3.33
948,"Oysters, Standard Malpeques (Case)2.27 kg",$3.98
949,Frozen Utility Duck,$1.61
950,ButterballFrozen Turkey,$3.29
951,No NameOriginal Smoked Sausages900 g,$0.92
952,SeaquestWild Pacific Salmon454 g,$0.26
953,"Bottom Blade Steak, Boneless",$3.98
954,SUFRAChicken Breast Strips375 g,$1.48
955,"High LinerFish In Tempura Batter, Family Pack700 g",$3.98
956,"No NameChicken Wings, Mild BBQ908 g",$0.98
957,LousSliced Maple Peameal Bacon454 g,$1.98
958,"Organic Chicken Thighs, Boneless & Skinless",$3.98
959,Outside Round Roast,$3.98
960,Tilapia Fillets,$0.92
961,MarcangeloSweet Peppercorn Pork Tenderloin Stuffed with Apple Pork Sausage600 g,$2.10
962,President's ChoiceHot Italian Pork Sausages500 g,$5.00
963,SchneiderAll Beef Wieners375 g,$3.98
964,"President's ChoiceCertified Angus Beef, Stewing Beef",$0.77
965,"President's ChoiceChickenless Breaded Strips, Vegan350 g",$1.28
966,Hot StuffsAll Beef BBQ Wieners450 g,$1.98
967,SeaquestSea Quest Pacific White Shrimp & Bay Scallops Raw340 g,$2.98
968,Aqua Star King Crab Legs500 g,$6.98
969,"Fresh Whole Grouper, Red 3-5Lb",$1.84
970,MarcangeloBacon Wrapped Beef340 g,$6.98
971,Schneiders Smokies Sausages Original Recipe900 g,$1.21
972,President's ChoiceBlack Cod240 g,$6.98
973,President's ChoiceShrimp & Scallops Au Gratin240 g,$6.98
974,Seabream (Orata),$3.98
975,"Fresh Atlantic Salmon Portion, Maple Flavour, 113G113 g",$1.58
976,Inside Round Marinating Steak,$3.47
977,Maple LeafCorned Beef,$5.98
978,SchneiderOktoberfest Sausages375 g,$3.98
979,Swiss ChaletPot Pie Chicken650 g,$1.98
980,"PC Blue MenuBlue Menu Atlantic Salmon Fillets, Boneless Skinless280 g",$6.44
981,"Butcher's ChoiceBeef Burgers, Club Pack2.27 kg",$3.47
982,President's ChoiceOctober Wurst Fully Cooked Pork Sausages1 kg,$4.27
983,Simmering Short Ribs,$2.19
984,Rack of Lamb,$2.35
985,PC Blue MenuBlue Menu Cheddar Smokies1 kg,$0.55
986,President's ChoiceLamb Spiedini 24 Pieces480 g,$2.88
987,"Fresh Atlantic Salmon Fillets, Skin On",$1.31
988,RoyalRoyal Chinese Chicken Fondue200 g,$4.98
989,"Live Lobster, 1-1.25LBS",$1.62
990,Italian Sausage Hot900 g,$4.98
991,"Stewing Beef Cubes, Boneless",$1.48
992,President's ChoiceBreaded Haddock Fillets550 g,$3.97
993,SeaquestKing Crab Flavoured Wild Alaska Pollock & Wild Pacific Whiting227 g,$4.98
994,President's ChoiceBreaded Butterflied Shrimp400 g,$8.98
995,President's ChoiceHoney Garlic Smokies1 kg,$7.92
996,"High LinerPan Sear Selects Cod, Savoury Herb540 g",$1.09
997,Dried Boneless Cod Bits454 g,$5.98
998,"Marvid PoultryWhole Turkey, Frozen",$3.00
999,President's ChoiceAngus Meatballs907 g,$4.98
1000,"President's ChoiceFree From, Back Bacon200 g",$2.68
1001,President's ChoiceTurkey Breast Scallopini,$3.98
1002,Chicken Wings Bagged,$5.00
1003,"Fresh Water Shrimp, Previously Frozen",$2.41
1004,"High LinerPan Sear Selects, Haddock Roasted Garlic500 g",$3.98
1005,President's ChoiceHam Steak175 g,$3.47
1006,"Fresh Snapper, Whole",$1.61
1007,"President's ChoiceCertified Angus Beef, Sirloin Tip Steak",$4.98
1008,MarcangeloSweet Peppercorn Pork Tenderloin Stuffed with Apple Pork Sausage600 g,$1.66
1009,"President's ChoiceCertified Angus Beef, Stewing Beef",$4.48
1010,President's ChoiceRosemary And Garlic Australian Lamb Shoulder Chops,$4.98
1011,"President's ChoiceChickenless Breaded Strips, Vegan350 g",$5.98
1012,SchneiderJuicy Jumbos Wieners Hot 'n Spicy450 g,$3.98
1013,"SchneiderNatural, Family Pack375 g",$1.48
1014,SchneiderSmoked Ham 97% Fat Free700 g,$5.98
1015,MarcangeloBacon Wrapped Beef340 g,$1.76
1016,Schneiders Smokies Sausages Original Recipe900 g,$5.98
1017,"PC Blue MenuBlue Menu Chicken Breast, Boneless Skinless Club Pack1.36 kg",$1.64
1018,"President's ChoiceMeatballs, Italian Style907 g",$4.78
1019,"No NameChicken Wings, Mild BBQ908 g",$2.98
1020,"Outside Round Marinating Steak, Club Pack",$0.44
1021,President's ChoiceMeatless Meatballs454 g,$3.98
1022,$10 Popcorn Chicken1.13 kg,$1.32
1023,Seabream (Orata),$9.03
1024,"Fresh Atlantic Salmon Portion, Maple Flavour, 113G113 g",$5.98
1025,PC Blue MenuShepherd’S Pie900 g,$2.48
1026,"Pork Butt Roast, Bone In",$8.98
1027,President's ChoiceSmoked Sockeye Salmon150 g,$5.98
1028,"President's ChoiceNaturally Smoked Bacon, Honey & Sea Salt Flavour500 g",$4.98
1029,Inside Round Marinating Steak,$4.98
1030,Maple LeafCorned Beef,$4.98
1031,SchneiderOktoberfest Sausages375 g,$2.48
1032,Swiss ChaletPot Pie Chicken650 g,$4.48
1033,MarcangeloBreakfast Sausages375 g,$3.00
1034,SeaquestCod Fillets Wild Pacific400 g,$5.98
1035,President's ChoiceBreaded Butterflied Shrimp400 g,$4.17
1036,Beef Kidney,$8.98
1037,President's ChoiceShepherd's Pies900 g,$4.48
1038,Fish Heads,$4.98
1039,No NameWieners in Puff Pastry792 g,$5.00
1040,Dried Boneless Cod Bits454 g,$4.98
1041,Halal Chicken Thigh,$7.91
1042,"Marvid PoultryWhole Turkey, Frozen",$1.15
1043,President's ChoiceAngus Meatballs907 g,$3.00
1044,Whole Lane Snapper,$2.98
1045,"President's ChoiceChicken Wings, Southern Club Pack1.81 kg",$3.98
1046,"PC Blue MenuBlue Menu Thick & Juicy, Turkey Burgers1.13 kg",$1.34
1047,"President's ChoiceFree From, Back Bacon200 g",$4.98
1048,Chicken Wings Bagged,$1.98
1049,"Fresh Water Shrimp, Previously Frozen",$1.58
1050,"High LinerPan Sear Selects, Haddock Roasted Garlic500 g",$1.98
1051,"Fresh Snapper, Whole",$6.86
1052,President's ChoiceFresh Lamb- Loin Chops,$2.98
1053,President's ChoicePeameal-Style Sliced Cured Pork Loin375 g,$2.48
1054,"Halal Chicken Tikka, Lemon",$14.00
1055,"Fresh Lake Smelts, Dressed",$3.98
1056,Pork Breakfast Sausage,$4.48
1057,"SUFRAHalal Chicken Breast, Club Pack",$5.98
1058,LilydaleHickory Turkey Breast Strips550 g,$8.98
1059,"President's ChoiceSmokies, Cheddar1 kg",$4.48
1060,President's ChoiceSmoked Atlantic Salmon150 g,$4.98
1061,President's ChoiceFree From Angus Beef Burger1.02 kg,$4.98
1062,Beef Wieners375 g,$7.77
1063,President's ChoiceSpanakopita264 g,$15.00
1064,Lamb Stew Chunks1 kg,$1.98
1065,"ButterballTurkey, Bacon Style375 g",$4.78
1066,President's ChoiceTurkey Thigh,$2.98
1067,Maple LeafReady Crisp Bacon65 g,$0.44
1068,"SchneiderBacon, Salt Reduced375 g",$3.98
1069,"President's ChoiceCertified Angus Beef, Top Sirloin Boneless Steak,Club Pack",$9.03
1070,Fresh Atlantic Salmon Filet,$4.98
1071,Steamed Lobster,$4.98
1072,President's ChoiceStir Fry Turkey Breast,$7.26
1073,Anchor BayMussel Meat340 g,$4.98
1074,President's ChoiceLoads Of Spinach & Parmesan Atlantic Salmon Burgers568 g,$14.00
1075,"Sausage Casings, 20 Yards1 ea",$3.98
1076,"Whiting, Whole",$6.98
1077,"No NameChicken Wings, Medium BBQ908 g",$3.98
1078,Maple LeafNatural Turkey Bacon300 g,$4.98
1079,Lobster Tails1 ea,$2.48
1080,Feature FoodsLunch Herring320 g,$0.94
1081,President's ChoiceRosemary & Garlic Rack,$1.98
1082,Boned Salted Fish Bits400 g,$2.98
1083,Breaded Chicken Cordon Bleu175 g,$5.00
1084,President's ChoiceChicken Suisse 4 Pieces560 g,$2.98
1085,President's ChoiceNaturally Smoked Bacon Rounds    375 g,$3.98
1086,"Strip Loin Grilling Steak, Club Pack",$1.73
1087,"MarcangeloSausage, Honey Garlic Italian1 kg",$0.27
1088,Chicken Parmesan1130 g,$6.73
1089,Halal Beef Cutlet,$1.97
1090,"Halal Chicken Wings, Lemon",$2.48
1091,"Maple Lodge Farms LTFresh From The Farm Chicken Drumsticks, 8 Pack1 ea",$24.99
1092,St HubertFrozen Tourtiere470 g,$3.98
1093,"President's ChoiceCertified Angus Beef, Stewing Beef",$3.84
1094,Beef Marrow Soup Bones,$5.98
1095,MarcangeloMild Italian Sausage1 kg,$1.64
1096,"Atlantic Salmon Fillet, Skinless    ",$4.98
1097,SeaquestLeg-Style King Crab Flavoured Wild Alaska Pollock & Wild Pacific Whiting227 g,$4.98
1098,No NamePepperoni500 g,$3.98
1099,President's ChoiceDouble Smoked Scottish Atlantic Salmon150 g,$2.04
1100,President's ChoiceItalian Meatballs Club Pack1.81 kg,$1.98
1101,Brisket,$4.48
1102,President's ChoiceBang Bang Shrimp400 g,$4.98
1103,Atlantic Salmon Steak,$7.91
1104,LousPeameal Bacon454 g,$2.98
1105,"MarcangeloItalian Pork Sausages, Hot500 g",$5.98
1106,Maple Lodge Farms LTMaple Lodge Chicken Wiener450 g,$5.98
1107,JohnsonvilleSmoked Bratwurst Sausage375 g,$3.97
1108,"Beyond Burger, Plant-Based226 g",$0.68
1109,President's ChoiceRaw Shell on Shrimp400 g,$6.98
1110,"President's ChoiceSole Fillets, Breaded680 g",$4.98
1111,"Pasta Clams, Live",$2.35
1112,Halal Chicken Tandoori Wings,$12.98
1113,Ontario Lamb Rack,$4.98
1114,President's ChoiceSmoked Atlantic Salmon150 g,$4.98
1115,President's ChoiceFree From Angus Beef Burger1.02 kg,$3.98
1116,"Inside Round Marinating Steak, Club Pack",$6.98
1117,Organic Atlantic Salmon Portions,$4.98
1118,"ButterballTurkey, Bacon Style375 g",$1.73
1119,MarcangeloPorchetta Roast1.20 kg,$5.98
1120,Frankfurters340 g,$5.98
1121,PC Blue MenuTurkey Bacon-Style Smoked Turkey Breakfast Strips375 g,$6.98
1122,"President's ChoiceCertified Angus Beef, Top Sirloin Boneless Steak,Club Pack",$5.08
1123,Tilapia Fillets,$13.98
1124,President's ChoiceHot Italian Pork Sausages500 g,$5.00
1125,SchneiderAll Beef Wieners375 g,$0.50
1126,"President's ChoiceCertified Angus Beef, Stewing Beef",$3.97
1127,Steelhead Trout Fillets,$3.98
1128,SchneiderJuicy Jumbos Wieners Hot 'n Spicy450 g,$4.98
1129,"SchneiderNatural, Family Pack375 g",$0.79
1130,Hot StuffsAll Beef BBQ Wieners450 g,$2.98
1131,SchneiderSmoked Ham 97% Fat Free700 g,$4.17
1132,MarcangeloBacon Wrapped Beef340 g,$4.98
1133,Schneiders Smokies Sausages Original Recipe900 g,$3.98
1134,"PC Blue MenuBlue Menu Chicken Breast, Boneless Skinless Club Pack1.36 kg",$3.98
1135,Gluten Free Salami600 g,$3.98
1136,SeaquestKing Crab Flavoured Wild Alaska Pollock Chunks227 g,$1.47
1137,President's ChoiceBlack Cod240 g,$3.98
1138,SeaquestKing Crab Flavoured Wild Alaska Pollock & Wild Pacific Whiting227 g,$3.97
1139,"Stewing Beef Cubes, Boneless",$4.98
1140,President's ChoiceOven-Roasted Chicken Breast175 g,$3.98
1141,Tenderloin Roast,$3.98
1142,BEYOND BEEF PB GROUNDS340 g,$5.98
1143,Lamb Front Leg,$4.98
1144,Steamed Lobster,$3.98
1145,President's ChoiceStir Fry Turkey Breast,$4.98
1146,"Sausage Casings, 20 Yards1 ea",$5.15
1147,"Whiting, Whole",$2.98
1148,"No NameChicken Wings, Medium BBQ908 g",$4.98
1149,"SchneiderSmoked Ham Steak, Low Fat175 g",$4.98
1150,PC Blue MenuBlue Menu Ground Chicken454 g,$4.98
1151,President's ChoiceSustainably Sourced Wild Atlantic Cod Skinless Boneless Fillets1.36 kg,$1.38
1152,Coffee MateBliss Almond Caramel473 mL,$13.98
1153,"No NameCheese, Light Old Cheddar400 g",$5.98
1154,"Danone CreamyCreamy Yogurt, Raspberry/Strawberry/Peach Flavour, 100g (Pack of 16)16x100g",$27.78
1155,Coffee MateDouble Double-Mate Liquid Coffee Enhancer946 mL,$2.48
1156,President's ChoiceVanilla Skyr Icelandic Style 0% M.F. Yogurt4x100g,$10.70
1157,"ArmstrongCheese, Yellow Old Cheddar Cracker Cut700 g",$36.60
1158,The Laughing CowLight133 g,$3.98
1159,"Gray RidgeGrade A Brown Eggs, Extra Large12 Eggs",$8.48
1160,Coffee MateDouble Double-mate Liquid Coffee Enhancer1.89 L,$3.29
1161,"No NameProcessed Cheese, Thick Slices500 g",$4.98
1162,"PillsburyReady to Bake Cookies, Chicken Shape312 g",$1.98
1163,"NestleNesquik Milkshake, Vanilla473 mL",$5.98
1164,Liberte2% Goat Milk4 L,$5.98
1165,"ParmalatHalal Yogurt, Plain 2%750 g",$14.54
1166,"Gay LeaSour Cream, Regular 14%500 mL",$36.54
1167,KraftOriginal Slices825 g,$20.98
1168,BabybelMini Babybel Original Semi-soft Ripened Cheese 12 x 20 g (240 g)240 g,$7.93
1169,"SilkAlmond Beverage, Original, Dairy-Free, 1.89L (Pack of 2)2x1.89L",$15.98
1170,"No NameCheese, Marble Cheddar Light200 g",$4.98
1171,"OlympicYogurt, French Vanilla1.75 kg",$8.57
1172,NeilsonHomogenized Milk2 L,$4.98
1173,PC Blue MenuCeleb Margarine with Olive Oil    907 g,$12.98
1174,"President's ChoiceCoconut Milk Yogurt, Vanilla500 g",$16.65
1175,"President's ChoiceMedium Cheddar Cheese, Portions420 g",$24.98
1176,"LiberteGreek Yogurt, Plain 2%750 g",$6.98
1177,"Fair Life Ultra Filtered Chocolate Milk, 2%1.50 L",$5.50
1178,"OikosGreek Yogurt with Honey, 2% M.F., 100g (Pack of 4)4x100g",$2.98
1179,PCPlain Kéfir Probiotic Fermented 1% M.F. Milk1 L,$7.02
1180,PhiladelphiaDill Pickle Dip227 g,$31.01
1181,President's ChoiceVanilla Skyr Icelandic Style 4% M.F. Yogurt500 g,$6.00
1182,SaputoMozzarellissima Light500 g,$10.00
1183,AstroOriginal Kefir Yogourt Vanilla800 g,$7.98
1184,"Yoplait YopTropix Drinkable Yogurt, Strawberry Banana200 mL",$9.68
1185,Coffee MateFrench Vanilla473 mL,$9.98
1186,"PCCreamy Yogurt, Strawberry Vanilla Blueberry Apple16x100g",$13.21
1187,"OikosGreek Yogurt, Strawberry Flavour, 2% M.F., 100g (Pack of 4)4x100g",$6.68
1188,LactantiaHealthy Attitude Omega-3 Margarine850 g,$55.45
1189,"NordicaOn-The-Go Cottage Cheese, Plain4x113g",$15.98
1190,"LiberteOrganic Greek Yogurt, Strawberry 0%4x100g",$18.00
1191,"OikosGreek Yogurt, Plain, 2% M.F., 750g750 g",$6.98
1192,IOGOHeart of Fruit16x95g,$8.00
1193,ArlaOrganic Cream Cheese Spread200 g,$6.48
1194,"DanoneDanino Yogurt Drink for Kids, Frozen Theme, Fruit Mix Flavour, 93ml (Pack of 8)8x93mL",$5.78
1195,"OlympicOrganic Yogurt, French Vanilla650 g",$7.87
1196,Skyr Vanilla Yogurt 0%500 g,$6.00
1197,YoplaitTubes Vanilla480 g,$2.99
1198,NeilsonStrawberry Milkshake310 mL,$4.98
1199,PhiladelphiaLight Herb & Garlic Cream Cheese227 g,$48.32
1200,President's ChoiceLactose Free Margarine454 g,$14.98
1201,"Danone ActiviaYogurt with Probiotics, Vanilla Flavour, 650g650 g",$10.00
1202,PhiladelphiaJalapeno Cream Cheese227 g,$5.98
1203,"IOGOI�GO CDN Harvest 650G Cherry 3,2%650 g",$15.98
1204,"PCGreek Yogurt, Coconut 0%500 g",$14.98
1205,PC Blue MenuCeleb Margarine with Olive Oil    907 g,$4.98
1206,"Gray RidgePremium White Eggs, Large18 Eggs",$14.98
1207,"ArmstrongCheese, Pizza Mozzarella700 g",$12.46
1208,Kozy ShackRice Pudding Tubs624 g,$3.98
1209,"LiberteGreek Yogurt, Coconut 2%    4x100g",$9.98
1210,"YoplaitYop Yogurt Drink, Vanilla6x200mL",$9.98
1211,Del MonteRed Grapefruit in Slightly Sweetened Water 8 Cups x (1.52 L) (Case)8x190mL,$6.00
1212,PCGreek Yogurt500 g,$26.98
1213,PCOrganics Homogenized Milk2 L,$15.98
1214,NordicaSmooth Plain Deliciously Smooth Cottage Cheese 2 % M.F.450 g,$5.98
1215,"AmoozaTwists, Mozzarella-Cheddar252 g",$4.48
1216,Organic MeadowCheddar Cheese Sticks 24 % M.F. 8 Sticks168 g,$5.98
1217,Yoplait TubesLimited Edition Raspberry & Banana8x60g,$12.09
1218,No NameGarlic Spread250 g,$5.98
1219,President's ChoicePizza Mozzarella Shredded Cheese620 g,$3.48
1220,"President's ChoiceButter, Fresh Unsalted Quarters454 g",$5.40
1221,"PCGreek Yogurt, Honey908 g",$10.00
1222,"OikosGreek Yogurt, Triple Zero, Fat Free, No Preservatives, No Artificial Sweeteners, Peach Flavour, 100g (Pack of 4)4x100g",$11.00
1223,Kozy ShackRice Pudding Cups No Sugar Added4x113g,$5.78
1224,PhiladelphiaSmoked Salmon Cream Cheese Product340 g,$4.98
1225,"The Laughing CowCheese Dippers, Original140 g",$5.98
1226,"No NameLight Cream Cheese Spread, Plain340 g",$6.93
1227,"OikosGreek Yogurt, Fat Free, Vanilla Flavour, 0% M.F., 750g750 g",$7.98
1228,NeilsonLactose Free 1% Milk4 L,$3.48
1229,AstroOriginal Kefir Yogourt Vanilla800 g,$6.48
1230,"AstroOriginal Balkan Style Yogurt, Vanilla650 g",$5.98
1231,"No NameSour Cream, Light 5%250 mL",$14.98
1232,Black DiamondMarble Cheddar Cheese Sticks252 g,$20.98
1233,Earth BalanceOrganic Whipped Spread369 g,$3.98
1234,PCPlain Skyr Icelandic Style 0% M.F. Yogurt500 g,$13.21
1235,"Danone ActiviaYogurt with Probiotics, Lemon Pineapple Flavour, 100g (Pack of 8)8x100g",$11.78
1236,NeilsonCaramel Chocolate Milkshake310 mL,$25.98
1237,PhiladelphiaHerb & Garlic Cream Cheese227 g,$10.98
1238,"No NameButter, Unsalted454 g",$7.00
1239,"BelsoyPudding, French Vanilla Gluten Free500 g",$28.98
1240,Cracker BarrelMozzarella Cheddar Cheese Shreds320 g,$8.76
1241,President's ChoicePower Fruit Skyr Icelandic Style 0% M.F. Yogurt4x100g,$17.98
1242,"IOGOYogurt, Vanilla 1.5%650 g",$7.48
1243,OikosOikos 0% Lactose Free Hint of Coconut750 g,$10.20
1244,SimplyAlmond Unsweetened  1.50 L,$30.18
1245,No NameCream Cheese Spread with Herbs & Roasted Garlic 26% M.F.227 g,$8.27
1246,NeilsonHomogenized Milk4 L,$6.28
1247,Milk 2 GoStrawberry Partly Skimmed Milk 1 % M.F.310 mL,$8.48
1248,No NameNon-Hydrogenated Margarine3 kg,$12.98
1249,LactantiaHealthy Attitude Omega-3 Margarine850 g,$18.40
1250,PillsburyCinnamon Rolls351 g,$9.98
1251,"Danone CreamyCreamy Yogurt, Raspberry/Strawberry/Peach Flavour, 100g (Pack of 16)16x100g",$3.98
1252,"Danone ActiviaYogurt with Probiotics, Vanilla Flavour, 650g650 g",$7.04
1253,"PillsburyCrescent Rolls, Original235 g",$11.10
1254,KraftOld Cheddar1.15 kg,$5.98
1255,Beatrice2% Milk473 mL,$28.49
1256,"No NameCheese, Mozzarella Part Skim Light200 g",$5.98
1257,"OlympicOrganic Probiotic Yogurt, Mango650 g",$16.79
1258,"LactantiaButter Sticks, Salted4x113g",$36.17
1259,"AstroOriginal Balkan Style Yogurt, Plain 3%    750 g",$11.89
1260,"AmoozaTwists, Mozzarella-Cheddar252 g",$5.98
1261,"No NameOld Cheddar Cheese, Light700 g",$2.98
1262,ArlaCream Cheese with Skyr200 g,$5.28
1263,LactantiaDairy Product Lactose Free 2% M.F.1.50 L,$6.48
1264,"BeatriceSkim Milk, Vitamin A & D Added2 L",$5.48
1265,PCFree Run Egg Whites500x1g,$7.28
1266,"President's ChoiceCoconut Milk Yogurt, Vanilla500 g",$5.48
1267,Kozy ShackTapioca Pudding Cups6x113g,$12.98
1268,DanoneDanone Light 'N' Free Grilled Pineapple Tub 710g710 g,$18.50
1269,"Danone ActiviaYogurt with Probiotics, Vanilla Flavour, 100g (Pack of 8)8x100g",$11.98
1270,No NameMild Cheddar Cheese700 g,$5.98
1271,"Danone DanactiveDanActive Yogurt Drink, Strawberry-Banana Flavour, 93ml (Pack of 8)8x93mL",$6.98
1272,"Fair Life Ultra Filtered Chocolate Milk, 2%1.50 L",$7.98
1273,"Earths OwnAlmond Fresh, Unsweetened1.89 L",$8.48
1274,"Danone ActiviaYogurt with Probiotics, Lactose-free, Vanilla Flavour, 650g (Pack of 6)650 g",$6.99
1275,"Burnbrae FarmsNest Laid White Eggs, Large12 Eggs",$17.50
1276,President's ChoiceStrawberry Skyr Icelandic Style 0% M.F. Yogurt4x100g,$11.98
1277,"International DelightWhitener, Vanilla Fat Free946 mL",$14.22
1278,PCGouda Cheese Block400 g,$32.98
1279,"No NameBrown Eggs, Large12 Eggs",$8.98
1280,"PCGreek Yogurt, Lemon4x100g",$5.28
1281,"IOGOLactose Free Yogurt, Vanilla 1.5%650 g",$6.48
1282,"Hershey'sRefrigerated Pudding Snacks, Chocolate (4 x 110g)4x110g",$11.98
1283,LiberteMéditerranée Greek Yogurt500 g,$8.48
1284,"IOGOYogurt, Fruit On Bottom, Strawberry95 g",$10.98
1285,The Laughing CowCheese Smoked 8 Portions133 g,$6.98
1286,"SaputoShredded Cheese, Taco & Nacho1 kg",$7.70
1287,"No Name Club PackMozzarella Cheese, Club Pack2.27 kg",$11.98
1288,"OlympicOrganic Yogurt, Lemon650 g",$26.43
1289,"Danone ActiviaYogurt with Probiotics, Lemon Pineapple Flavour, 100g (Pack of 8)8x100g",$5.98
1290,"Black DiamondCombo Marble, Cheddar Cheese127.60 g",$6.00
1291,"Egg CreationsEgg Creations, Original500 g",$8.48
1292,"No NameButter, Unsalted454 g",$24.29
1293,FoothillsWhipped Butter250 g,$41.88
1294,President's ChoiceLactose Free Cream Cheese Brick250 g,$10.00
1295,"OikosGreek Yogurt, Passionfruit Flavour, 2% M.F., 100g (Pack of 4)4x100g",$7.02
1296,"PillsburyCrescent Rolls, Reduced Fat227 g",$51.81
1297,"Danone ActiviaYogurt with Probiotics, Vanilla Flavour, 100g (Pack of 8)8x100g",$12.00
1298,Cracker BarrelHavarti Sliced Cheese220 g,$4.57
1299,ForemostMargarine454 g,$10.98
1300,"Danone CreamyCreamy Yogurt, Raspberry/Strawberry/Peach Flavour, 100g (Pack of 16)16x100g",$3.98
1301,The Laughing CowThe Laughing Cow Process Cheese Product Garlic & Herbs535 g,$9.24
1302,Cracker BarrelJalapeno Cheddar Cheese400 g,$28.33
1303,FoothillsWhipped Butter250 g,$30.73
1304,"IOGOYogurt Duo, Pineapple-Coconut-Banana/Lychee-Raspberry/Orange-Mandarin/Peach-Mango16x100g",$7.98
1305,BabybelMini Babybel Original Semi-soft Ripened Cheese 12 x 20 g (240 g)240 g,$3.98
1306,"President's ChoiceCottage Cheese, Lactose Free500 g",$9.49
1307,"No NameOld Cheddar Cheese, Light700 g",$7.98
1308,"International DelightFat Free Coffee Whitener, Toffee Caramel473 mL",$13.98
1309,DanoneDanone Natural Blueberry-Cherry 8X100g8x100g,$25.97
1310,"ArmstrongCheese, Yellow Old Cheddar Cracker Cut700 g",$21.98
1311,"Milk 2 GoChocolate Milk, Reduced Sugar473 mL",$28.49
1312,PC OrganicsFree-Range Brown Eggs12 Eggs,$8.95
1313,ForemostDry Cottage Cheese375 g,$10.48
1314,"Milk 2 GoSport, Chocolate325 mL",$13.19
1315,"SilkUnsweetened Almond Beverage, Vanilla Flavour, Dairy-Free, 1.89L1.89 L",$9.98
1316,President's ChoiceBlack Cherry Greek Yogurt 0% M.F.4x100g,$8.98
1317,PCLactose-Free Marble Cheddar Cheese400 g,$4.98
1318,"International DelightCoffee Whitener, Hazelnut946 mL",$14.65
1319,Cracker BarrelNatural Cheese Old Cheddar200 g,$14.98
1320,Dairyland1 % M.F. Light Cottage Cheese750 g,$6.48
1321,PCOld Cheddar460 g,$5.48
1322,"Yoplait YopDrinkable Yogurt, Tropical, Limited Edition200 mL",$20.15
1323,"OlympicOrganic No Fat Yogurt, French Vanilla650 g",$26.98
1324,"Farmer's MarketSour Cream, Light500 mL",$12.98
1325,Skyr Vanilla Yogurt 0%2x150g,$7.98
1326,"LiberteMéditerranée Yogurt, Plain 10%750 g",$6.99
1327,MacLarensCheese Spread230 g,$8.24
1328,PCStrawberry Kefir Probiotic <Br>Fermented 1% M.F. Milk1 L,$32.98
1329,"No NameCheese Slices, Medium Cheddar230 g",$3.98
1330,"AstroOriginal Yogurt, Peach/Field Berry/Strawberry/Blueberry24x100g",$3.98
1331,"Danone DaninoDanino Paw Patrol Yogurt Drink for Kids, Stawberry Flavour, 93ml (Pack of 8)8x93mL",$10.70
1332,AstroOriginal Kefir Probiotic Yogourt Vanilla500 g,$5.48
1333,"Black DiamondCombo Marble, Cheddar Cheese127.60 g",$22.27
1334,"OlympicKrema Greek Style Yogurt, Caffé Latt‚500 g",$11.00
1335,"BabybelMini Babybel Original, 18 Pack360 g",$12.98
1336,"AstroOriginal Yogurt, Banana Cream 6%650 g",$9.98
1337,"Danone ActiviaYogurt with Probiotics, Strawberry/Blueberry/Raspberry/Peach Flavour, 100g (Pack of 12)12x100g",$5.97
1338,PCEgg Whites1 kg,$31.78
1339,"OikosGreek Yogurt, Strawberry Flavour, 2% M.F., 100g (Pack of 4)4x100g",$14.98
1340,"Greek Yogurt, Maple Syrup500 g",$16.00
1341,"OlympicOrganic Probiotic Yogurt, Coconut650 g",$19.11
1342,President's ChoicePizza Mozzarella Shredded Cheese620 g,$23.95
1343,"YosoCoconut Yogurt, Chocolate440 g",$12.98
1344,"OikosGreek Yogurt with Honey, 2% M.F., 100g (Pack of 4)4x100g",$20.98
1345,"Yoplait SourceYogurt, Strawberry/Peach/Fieldberry/Raspberry16x100g",$8.48
1346,AstroOriginal Kefir Yogourt Vanilla800 g,$15.29
1347,"OlympicGreek Yogurt, Vanilla 2%1.75 kg",$8.24
1348,The Laughing CowCheese Smoked 8 Portions133 g,$4.98
1349,"OikosGreek Yogurt, Pineapple Flavour, 2% M.F., 100g (Pack of 4)4x100g",$11.98
1350,PhiladelphiaFrench Onion Dip227 g,$13.98
1351,"SurajDahi Yogurt, 3.25%750 g",$1.98
1352,"International DelightWhitener, Vanilla Fat Free946 mL",$8.48
1353,"IOGONano Yogurt, Peach 1%6x93mL",$14.00
1354,"Earths OwnAlmond Fresh, Original1.89 L",$4.98
1355,PhiladelphiaPhilly Cream Cheese Brick1.50 kg,$10.98
1356,SaputoShredded Mozzarella1 kg,$9.98
1357,Burnbrae FarmsEggs2go! 6 Hard Boiled Peeled Eggs6 ea,$8.00
1358,"IOGOYogurt, Fruit On Bottom, Strawberry95 g",$7.98
1359,PC Blue MenuFree Run Omega-3 Hard-Boiled Peeled Eggs3x88g,$8.95
1360,"Danone ActiviaYogurt with Probiotics, Blueberry Flavour, 650g650 g",$5.98
1361,"Danone ActiviaYogurt with Probiotics, Plain 3.2% M/F., 650g650 g",$5.98
1362,"Yoplait SourceYogurt, Peach650 g",$8.48
1363,"International DelightCoffee Whitener, Cinnabon Flavour473 mL",$5.98
1364,LactaidLactose Free 2% Milk2 L,$9.66
1365,"IOGOI�GO CDN Harvest 650G Cherry 3,2%650 g",$8.58
1366,"SilkAlmond Coconut Blend Beverage, Unsweetened, Dairy-Free, 1.89L1.89 L",$14.84
1367,"Danone ActiviaYogurt with Probiotics, Cherry Flavour, 650g650 g",$23.98
1368,"No NameButter, Unsalted454 g",$3.68
1369,KraftOriginal Light410 g,$12.70
1370,PCVanilla 0% M.F. Greek Yogurt4x100g,$51.81
1371,"PCCreamy Yogurt, Strawberry Vanilla Raspberry Banana16x100g",$6.98
1372,BabybelMini Babybel Original120 g,$18.70
1373,No NamePlain Yogurt750 g,$7.99
1374,Danone ActiviaActivia Vanilla Cup8x150g,$25.01
1375,IOGOYogurt with Whole Milk Raspberry6x60g,$7.70
1376,The Laughing CowLight133 g,$15.68
1377,"OikosGreek Yogurt, Banana Flavour, 2% M.F., 100g (Pack of 4)4x100g",$11.98
1378,Yoplait TubesCherry & Strawberry8x60g,$1.85
1379,"PillsburyCrescent Rolls, Reduced Fat227 g",$4.98
1380,"HelluvaSour Cream Dip, French Onion680 g",$25.00
1381,"BeatriceHomogenized Milk, Vitamin D added1 L",$29.95
1382,KraftHabanero Cheese Shreds320 g,$8.48
1383,ArmstrongMonterey Jack Cheese with Jalapeño 28% M.F.600 g,$15.00
1384,"Danone ActiviaYogurt with Probiotics, Yellow Apple/Apricot/Mango/Peach, 100g (Pack of 12)12x100g",$13.98
1385,PC Blue MenuCeleb Margarine with Olive Oil    907 g,$5.98
1386,PhiladelphiaLight Garden Vegetable Cream Cheese227 g,$5.98
1387,ArlaCream Cheese with Skyr200 g,$9.03
1388,"BeatriceSkim Milk, Vitamin A & D Added2 L",$12.00
1389,Danone Light 'N' Free Tub Vanilla Bean & Apple 710 g710 g,$5.54
1390,"PillsburyReady to Bake Cookies, Chocolate Chip454 g",$6.48
1391,Gay LeaReal Coconut Whipped Cream225 g,$3.00
1392,"ForemostCottage Cheese, 2%500 g",$5.28
1393,"YoplaitYop Yop Protein Shake, Vanilla250 mL",$10.98
1394,"Blue DiamondAlmond Breeze, Unsweetened Original1.89 L",$6.98
1395,IOGOYogurt with Whole Milk Banana6x60g,$10.48
1396,"BabybelMini Babybel Original, 18 Pack360 g",$11.89
1397,LactantiaPurFiltre Partly Skimmed Milk 2% M.F.1.50 L,$6.48
1398,Earths OwnEarth's Own Oat Chocolate Gable1.75 L,$5.48
1399,"IOGOLactose Free Yogurt, Strawberry 1.5%650 g",$5.98
1400,"Earths OwnAlmond Fresh, Unsweetened1.89 L",$14.98
1401,"No NameSour Cream, Light 5%500 mL",$10.00
1402,PillsburyEasy Roll Pie Crust400 g,$7.98
1403,"BabybelMini Babybel, Gouda    129 g",$8.98
1404,"LactantiaLactose Free Butter, Salted250 g",$3.98
1405,"President's ChoiceGreek Yogurt, Blueberry500 g",$10.78
1406,"OlympicGreek Yogurt, Vanilla 2%650 g",$22.98
1407,"LactantiaLactose Free Cream, 35%473 mL",$10.00
1408,"No NameCheese, Medium Cheddar200 g",$7.98
1409,"IOGOYogurt, Fruit On Bottom, Blueberry, Blackberry12x95g",$4.28
1410,"IOGONano Yogurt, Blueberry6x60g",$12.00
1411,"SilkUnsweetened Almond Beverage, Vanilla Flavour, Dairy-Free, 1.89L1.89 L",$9.98
1412,Cracker BarrelHerb & Garlic Cheddar Cheese400 g,$5.98
1413,The Laughing CowThe Laughing Cow Process Cheese Product Garlic & Herbs535 g,$5.98
1414,AstroOriginal Kefir Probiotic Yogourt Fruit on the Bottom Strawberry500 g,$6.77
1415,"No NameButter, Salted454 g",$11.98
1416,"SilkCreamy Cashew Beverage, Unsweetened Original, Dairy-Free, 1.89L1.89 L",$19.99
1417,"No NamePasteurized Cream Cheese, Club Pack1.50 kg",$9.98
1418,"OlympicKrema Greek Style Yogurt, Coconut500 g",$14.09
1419,"OikosGreek Yogurt, Triple Zero, Fat Free, No Preservatives, No Artificial Sweeteners, Peach Flavour, 100g (Pack of 4)4x100g",$4.00
1420,PCOld Cheddar460 g,$6.98
1421,"LactantiaWhipping Cream, 35%1 L",$7.93
1422,President's ChoiceBlack Cherry Greek Yogurt 0% M.F.4x100g,$12.98
1423,"No NamePizza Mozzarella Cheese, 28% MF700 g",$4.00
1424,International DelightInternational Delight French Vanilla Coffee Whitener946 mL,$9.98
1425,"Yoplait MinigoMinigo Yogurt, Vanilla 2%6x93mL",$12.98
1426,Beatrice2% Milk237 mL,$6.98
1427,DairylandDairyland Joyya Ultrafiltered Partly Skimmed Milk Chocolate 2% M.F.1 L,$8.04
1428,"SilkSoy Beverage, Vanilla Flavour, Dairy-Free, 1.89L1.89 L",$6.98
1429,PhiladelphiaDill Pickle Dip227 g,$30.18
1430,"Organic MeadowKéfir, Plain1 L",$18.41
1431,"Danone ActiviaYogurt with Probiotics, Prune Flavour, 650g650 g",$7.98
1432,Black DiamondCombo Monterey Jack Cheese127.60 g,$10.27
1433,PhiladelphiaOriginal Cream Cheese450 g,$4.00
1434,KraftOriginal Thick Slices410 g,$22.49
1435,"Danone ActiviaYogurt with Probiotics, Cherry Flavour, 650g650 g",$11.09
1436,"LiberteMéditerranée Yogurt, Vanilla 9%750 g",$6.99
1437,"Yoplait SourceYogurt, Strawberry/Peach/Fieldberry/Raspberry16x100g",$24.23
1438,"PCCheese, Old Cheddar Lactose Free400 g",$8.48
1439,"No NameYogurt, Vanilla/Peach/Strawberry/Field Berry12x100g",$7.93
1440,President's ChoiceTre Formaggi Cheese Blend620 g,$7.08
1441,"Astro BiobestProbiotic Yogurt, Plain750 g",$5.98
1442,Organic Meadow10% Half & Half Organic Cream500 mL,$5.98
1443,PCStrawberry Fruit On The Bottom 0% M.F. Greek Yogurt4x100g,$18.07
1444,PCOrganics Partly Skimmed 2% Milk2 L,$14.55
1445,"Danone ActiviaYogurt with Probiotics, Vanilla Flavour, 650g650 g",$19.00
1446,KraftOriginal Light410 g,$14.98
1447,"NordicaCottage Cheese, Fat Free500 g",$17.98
1448,PhiladelphiaFrench Onion Dip227 g,$5.98
1449,"No NameShredded Cheese, Medium Cheddar900 g",$11.98
1450,"Yoplait MinigoStrawberry, Strawberry-Banana, Strawberry-Vanilla6x60g",$10.00
1451,"International DelightCoffee Whitener, Hazelnut946 mL",$10.65
1452,"Blue DiamondAlmond Milk, Unsweetened Vanilla1.89 L",$8.00
1453,NeilsonTruTaste 2% Milk1 L,$6.98
1454,Danone Light 'N' Free Tub Vanilla Bean & Apple 710 g710 g,$18.24
1455,"SilkAlmond Beverage, Unsweetened, Dairy-Free, 1.89L (Pack of 2)2x1.89L",$5.98
1456,"Earths OwnAlmond Fresh, Vanilla1.89 L",$14.98
1457,Cracker BarrelNatural Cheese Old Cheddar200 g,$11.00
1458,"President's ChoiceGreek Yogurt Fruit on the Bottom, Peach Mango 2%4x100g",$18.47
1459,KraftSharp Cheddar Extra Thick Slices410 g,$10.00
1460,"Neilson1% Milk, Partly Skimmed4 L",$5.48
1461,PillsburyFlaky Dinner Rolls340 g,$13.98
1462,"No NameGrade A White Eggs, Extra Large12 Eggs",$7.98
1463,Earth BalanceSoy Free Buttery Spread    425 g,$29.78
1464,Cracker BarrelMozzarella Cheese400 g,$9.98
1465,ArmstrongArmstrong Cheddar Cheese with Garlic & Herb 31% M.F.600 g,$5.98
1466,"International DelightFat Free Coffee Whitener, Toffee Caramel473 mL",$5.98
1467,Skyr Vanilla Yogurt 0%500 g,$6.71
1468,Cracker BarrelMarble Cheddar Cheese Snacks168 g,$12.98
1469,"Yoplait SourceYogurt, Assorted16x90g",$14.98
1470,"Gay LeaButter, Salted454 g",$5.48
1471,"NeilsonChocolate Milk, 25% Less Sugar1 L",$4.98
1472,PhiladelphiaOriginal Cream Cheese340 g,$39.85
1473,"No NameEvaporated Milk, 2%354 mL",$21.98
1474,PhiladelphiaOnion Dip340 g,$11.72
1475,"Yoplait YopTropix Drinkable Yogurt, Strawberry Banana200 mL",$40.98
1476,"WesternSour Cream, Regular 14%500 mL",$6.48
1477,Liberte3.25% Goat Milk4 L,$8.35
1478,NeilsonTruTaste Skim Milk4 L,$5.98
1479,WoolwichPartially Skimmed Goat Milk 2%1 L,$5.86
1480,PillsburyChocolate Chip Chub468 g,$17.26
1481,LactantiaEuro Style Unsalted Butter250 g,$7.29
1482,"Danone DanactiveDanActive Yogurt Drink, Strawberry-Banana Flavour, 93ml (Pack of 8)8x93mL",$8.00
1483,Coffee MateCafe Mocha473 mL,$4.98
1484,"SilkCoconut Beverage, Unsweetened Original, Dairy-Free, 1.89L1.89 L",$6.98
1485,President's ChoiceFresh Churned Butter454 g,$12.10
1486,"Chao Vegan Cheese Slices, Coconut Herb200 g",$22.19
1487,NestleCoffee Crisp Milkshake473 mL,$11.98
1488,Cracker BarrelHabanero Monterey Jack Sliced Cheese200 g,$12.98
1489,"LactantiaButter, Unsalted454 g",$4.00
1490,"ForemostSour Cream, 14%750 mL",$7.87
1491,"Danone ActiviaYogurt with Probiotics, Strawberry/Raspberry/Vanilla/Blueberry Flavour, 100g (Pack of 24)24x100g",$19.99
1492,"Danone ActiviaActivia Vanilla Cinnamon Almond Probiotic Delight , 145g145 g",$26.40
1493,President's ChoicePlain 2% M.F. Greek Yogurt4x100g,$5.98
1494,PCStrawberry Kefir Probiotic <Br>Fermented 1% M.F. Milk1 L,$13.98
1495,HelluvaJalapeno Cheddar Dip250 g,$3.98
1496,Gay LeaWhipped Topping400 g,$16.28
1497,Kozy ShackTapioca Pudding Tubs624 g,$15.98
1498,"Blue DiamondAlmond Breeze, Original1.89 L",$11.00
1499,Yoplait TubesPeach & Blueberry8x60g,$4.98
1500,"IOGOYogurt, Strawberry/Raspberry/Blueberry/Vanilla16x100g",$10.00
1501,PhiladelphiaDill Pickle Dip227 g,$1.85
1502,NeilsonCaramel Chocolate Milkshake310 mL,$8.98
1503,"Danone ActiviaYogurt with Probiotics, Plain 3.2% M/F., 650g650 g",$11.00
1504,"No NameCottage Cheese, 2%500 g",$11.98
1505,"Yoplait SourceYogurt, Strawberry/Peach/Fieldberry/Raspberry16x100g",$20.98
1506,PillsburyPizza Crust391 g,$6.12
1507,"PC OrganicsGreek Yogurt, Plain500 g",$15.98
1508,"Yoplait YopTropix Drinkable Yogurt, Strawberry Banana (Case)12x200mL",$19.80
1509,"Gay LeaReal Whipped Cream, Light225 g",$3.00
1510,ArmstrongCheddar Cheese 31% M.F. Yellow Medium Cracker Cut700 g,$10.75
1511,MacLarensCheese Spread230 g,$12.00
1512,PhiladelphiaOriginal Cream Cheese340 g,$18.23
1513,PhiladelphiaLight Cream Cheese Product340 g,$8.11
1514,"Jell-ORefrigerated Gelatin Snacks, Orange (4 x 96g)4x96g",$5.98
1515,PhiladelphiaPhilly Cream Cheese Brick1.50 kg,$6.99
1516,SaputoMozzarellissima Light500 g,$6.99
1517,Cracker BarrelLight Tex Mex Cheese Shreds320 g,$36.17
1518,"PillsburyWiener Wrap, Regular200 g",$5.98
1519,No NameCream Cheese Brick250 g,$7.98
1520,"ForemostStirred Yogurt, Blueberry650 g",$5.98
1521,"Danone ActiviaYogurt with Probiotics, Fat Free 0% M.F., Blueberry/Cherry Flavour, 100g (Pack of 8)8x100g",$13.75
1522,"Yoplait SourceYogurt, Vanilla650 g",$6.98
1523,PCMonterey Jack Cheese400 g,$8.04
1524,PC Blue MenuFree Run Omega-3 Hard-Boiled Peeled Eggs3x88g,$21.98c
1525,Island FarmsSoft Cream Cheese500 g,$9.97
1526,"Yoplait YopDrinkable Yogurt, Strawberry200 mL",$26.28
1527,SimplyAlmond Unsweetened  1.50 L,$8.98
1528,"ForemostMargarine, Quarters1.36 kg",$9.98
1529,"Danone DanactiveDanActive Yogurt Drink, Blueberry/Pomegranate-Berry, 93ml (Pack of 8)8x93mL",$7.93
1530,"Danone ActiviaYogurt with Probiotics, Vanilla Flavour, 650g650 g",$4.98
1531,"Danone ActiviaYogurt with Probiotics, Blackberry/Blueberry/Blackcurrent/Berries, 100g (Pack of 12)12x100g",$8.48
1532,"Danone DanactiveDanActive Yogurt Drink, Strawberry Flavour, 93ml (Pack of 8)8x93mL",$11.98
1533,"OlympicYogurt, French Vanilla1.75 kg",$6.98
1534,"PC OrganicsOrganic Fresh Churned Butter, Salted250 g",$25.53
1535,BecelOriginal Margarine1.81 kg,$21.58
1536,"No NameCream Cheese Spread, Plain340 g",$5.28
1537,"Burnbrae FarmsNature's Best White Eggs, Large12 Eggs",$10.98
1538,"No NameShredded Cheese, Mozzarella900 g",$5.98
1539,"Danone DanactiveDanActive Yogurt Drink, Blueberry/Pomegranate-Berry, 93ml (Pack of 8)8x93mL",$6.48
1540,PhiladelphiaDill Pickle Dip227 g,$11.43
1541,Valley PrideOrganic 1% Milk1 L,$6.98
1542,"PCCreamy Yogurt, Strawberry Vanilla Blueberry Apple16x100g",$5.98
1543,KraftMozzarella Processed Cheese Slices410 g,$10.00
1544,President's ChoicePizza Mozzarella Shredded Cheese620 g,$25.00
1545,"AstroOriginal Balkan Style Yogurt, Plain 3%    750 g",$21.09
1546,"Danone ActiviaYogurt with Probiotics & Fibre Raspberry Cereal/Peach Cereal, 100G (Pack of 8)8x100g",$8.98
1547,"Danone DaninoDanino Paw Patrol Yogurt Drink for Kids, Stawberry Flavour, 93ml (Pack of 8)8x93mL",$10.78
1548,"AstroOriginal Balkan Style Yogurt, French Vanilla750 g",$19.99
1549,"Yoplait MinigoDuo, Raspberry/Peach/Vanilla6x60g",$9.98
1550,"Black DiamondCombo Marble, Cheddar Cheese127.60 g",$14.09
1551,PCShredded Coconut On The Bottom 0% M.F. <Br>Greek Yogurt4x100g,$4.00
1552,DairylandLight Sour Cream500 mL,$8.04
1553,PhiladelphiaOriginal Cream Cheese340 g,$14.65
1554,NeilsonFrench Vanilla Milkshake310 mL,$6.98
1555,Island FarmsSoft Cream Cheese500 g,$9.98
1556,AstroOriginal Kefir Probiotic Yogourt Fruit on the Bottom BlueberryPomegranate500 g,$14.98
1557,"BeatriceSkim Milk, Vitamin A & D Added2 L",$20.98
1558,Burnbrae FarmsEggs2go! 6 Hard Boiled Peeled Eggs6 ea,$10.98
1559,"ArmstrongCheese, Pizza Mozzarella700 g",$28.37
1560,"Yoplait YopDrinkable Yogurt, Strawberry (Case)12x200mL",$10.27
1561,ImperialMargarine1.36 kg,$10.98
1562,"Free Run Eggs, Large18 g",$22.49
1563,"Danone ActiviaYogurt with Probiotics, Prune Flavour, 650g650 g",$11.09
1564,BecelOriginal Margarine454 g,$6.99
1565,"LactantiaHalf & Half Cream, 10%237 mL",$27.23
1566,"ForemostStirred Yogurt, Blueberry650 g",$7.98
1567,Cracker BarrelLight Marble Cheddar Cheese400 g,$7.02
1568,"Yoplait CreamyYogurt, Tropical16x100g",$10.98
1569,"SilkAlmond Coconut Blend Beverage, Unsweetened, Dairy-Free, 1.89L1.89 L",$2.98
1570,PhiladelphiaPhilly Cream Cheese Brick1.50 kg,$11.98
1571,"President's ChoiceCoconut Milk Yogurt, Vanilla500 g",$10.98
1572,"Organic MeadowKéfir, Strawberry1 L",$12.98
1573,"Yoplait CreamyCreamy Yogurt, Strawberry/Blueberry/Raspberry/Strawberry16x100g",$8.98
1574,BeatriceChocolate Milk Jug4 L,$41.27
1575,"IOGOYogurt Duo, Pineapple-Coconut-Banana/Lychee-Raspberry/Orange-Mandarin/Peach-Mango16x100g",$10.98
1576,AmoozaaMOOza Twists Mozzarella-Mozzarella252 g,$5.98
1577,Danone ActiviaActivia Drink Source of Fibre Lemon Ginger8x93mL,$18.70
1578,Coffee MateDouble Double-Mate Liquid Coffee Enhancer946 mL,$8.80
1579,"Jell-ORefrigerated Gelatin Snacks, Orange (4 x 96g)4x96g",$13.66
1580,LactantiaOlivina Margarine850 g,$12.98
1581,DairylandSour Cream500 mL,$2.98
1582,"NatureggOmega 3 White Eggs, Large12 Eggs",$14.09
1583,"IOGOYogurt, Vanilla 1.5%2 kg",$13.21
1584,Ile de France Mini Brie Cheese125 g,$10.98
1585,"IOGONano Drinks, Limited Edition6x93mL",$11.43
1586,"Egg CreationsEgg Creations, Original500 g",$7.70
1587,"International DelightFat Free Coffee Whitener, Hazelnut946 mL",$6.98
1588,"No NameCottage Cheese, 2% Club Pack1 kg",$6.48
1589,"Burnbrae FarmsNest Laid White Eggs, Large12 Eggs",$5.48
1590,Black DiamondCombo Monterey Jack Cheese127.60 g,$7.98
1591,"KraftCracker Barrel Mild Cheddar, Sliced1 kg",$8.98
1592,PhiladelphiaLight Cream Cheese227 g,$10.78
1593,No NameSpreadable Cream Cheese227 g,$22.98
1594,"ArmstrongYellow Cheddar, Light700 g",$11.98
1595,"Danone ActiviaYogurt, Vanilla Flavour, Lactose-free, 100g (Pack of 8)8x100g",$11.98
1596,"AstroOriginal Balkan Style Yogurt, Strawberry Shortcake650 g",$19.38
1597,"ForemostCottage Cheese, 2%500 g",$8.98
1598,"OlympicOrganic Yogurt, French Vanilla650 g",$10.00
1599,Cracker BarrelMedium Cheddar Cheese400 g,$14.09
1600,"OlympicGreek Yogurt, Plain 2%1.75 kg",$4.00
1601,PhiladelphiaHerb & Garlic Dip227 g,$6.98
1602,Kozy ShackRice Pudding Cups6x113g,$7.93
1603,"International DelightWhitener, Irish Cream946 mL",$9.98
1604,Cracker BarrelPizza Mozzarella Cheese400 g,$6.98
1605,PCPlain Skyr Icelandic Style 0% M.F. Yogurt500 g,$8.04
1606,Organic MeadowCottage Cheese500 g,$14.65
1607,SilkSilk Almond Regular Vanilla1.89 L,$6.98
1608,"ArmstrongMarble Cheddar, Light700 g",$9.98
1609,PhiladelphiaWhipped Jalapeno Cheddar Cream Cheese Product227 g,$6.48
1610,President's ChoiceTriple Cheddar Shredded Cheese Blend320 g,$8.00
1611,"Blue DiamondAlmond Breeze, Unsweetened Original1.89 L",$11.98
1612,"No NameButter, Unsalted454 g",$3.68
1613,"The Laughing CowCheese, Jalapeno535 g",$11.98
1614,"YoplaitYop Yop Drinkable Yogurt Smootie, Mixed Berry250 mL",$5.53
1615,"OikosGreek Yogurt, Triple Zero, Fat Free, No Preservatives, No Artificial Sweeteners, Vanilla Flavour, 100g (Pack of 4)4x100g",$11.98
1616,No NameLight Marble Cheddar Cheese 19% M.F.700 g,$8.98
1617,BeatriceChocolate Milk Jug1 L,$8.96
1618,KraftSwiss Slices410 g,$41.27
1619,No NameFarmer's Marble Cheese700 g,$10.98
1620,"No NameEvaporated Milk, 2%354 mL",$10.72
1621,"DanoneYogurt, 100% Natural, No Added Sugar, Vanilla Flavour, 650g650 g",$24.98
1622,Beatrice1% Milk2 L,$13.98
1623,"BabybelMini Babybel, Light120 g",$5.98
1624,"LactantiaButter, Unsalted454 g",$8.80
1625,"Coffee MateCoffee Creamer, French Vanilla1.89 L",$13.66
1626,"International DelightFat Free Coffee Whitener, Toffee Caramel473 mL",$12.98
1627,"No NameCream Cheese Spread, Jalapeno227 g",$14.09
1628,"SunriseTofu Dessert, Almond Flavoured2x150g",$14.86
1629,ForemostMargarine454 g,$5.98
1630,LiberteMéditerranée Greek Yogurt500 g,$7.67
1631,"No NameMild Cheddar Cheese, Light700 g",$5.18
1632,Danone Light 'N' Free Mango & Passionfruit 4 x 95G4x95g,$1.32
1633,President's ChoicePower Fruit Skyr Icelandic Style 0% M.F. Yogurt4x100g,$27.15
1634,"Danone ActiviaYogurt with Probiotics, Lactose-free, Vanilla Flavour, 650g (Pack of 6)650 g",$7.98
1635,President's ChoicePlain 2% M.F. Greek Yogurt908 g,$10.98
1636,"Danone ActiviaYogurt with Probiotic, Lactose Free, Strawberry/Blueberry/Peach/Mango Flavour, 100g (Pack of 12)12x100g",$9.98
1637,"SunriseTofu Dessert, Banana Flavoured2x150g",$14.98
1638,"No NameMarble, Club Pack2.27 kg",$5.98
1639,OlympicOrganic Sour Cream500 mL,$5.98
1640,President's ChoicePlain 2% M.F. Greek Yogurt4x100g,$24.98
1641,IOGOYogurt with Whole Milk Raspberry6x60g,$4.98
1642,"ArmstrongYellow Cheddar, Light700 g",$8.77
1643,"Fair Life Ultra Filtered Chocolate Milk, 2%240 mL",$6.48
1644,PhiladelphiaWhipped Herbed Tzatziki Cream Cheese Product227 g,$6.48
1645,No NameShredded Nacho Cheese320 g,$31.01
1646,"No NamePasteurized Cream Cheese, Club Pack1.50 kg",$14.54
1647,LiberteGreek Yogurt Mango 3%4x400g,$21.34
1648,Black DiamondCombo Monterey Jack Cheese127.60 g,$19.80
1649,No NameFarmer's Marble Cheese700 g,$4.98
1650,Cracker BarrelThree Cheese Mexicana Shredded Cheese320 g,$13.98
1651,PhiladelphiaSmoked Salmon Cream Cheese Product340 g,$5.48
1652,"No NamePizza Mozzarella Cheese, 28% MF700 g",$0.71
1653,OikosOikos 9% Blueberry275 g,$11.98
1654,LiberteGreek Yogurt Vanilla 3%750 g,$6.28
1655,ArlaGouda 28 % M.F. 8 Snack Cheese Bars168 g,$10.98
1656,"President's ChoiceKefir, Vanilla1000 mL",$5.98
1657,"Yoplait SourceYogurt, Assorted16x90g",$26.14
1658,"OlympicKrema Greek Style Yogurt, Coconut500 g",$5.98
1659,"ImperialMargarine, Soft Tubs907 g",$3.98
1660,"Jell-ORefrigerated Gelatin Snacks, Strawberry (4 x 89g), 4 Cups4x89g",$13.98
1661,The Laughing CowGarlic & Herb133 g,$5.98
1662,Beatrice2% Milk Jug4 L,$30.82
1663,"PCCheddar, Medium460 g",$12.00
1664,Cracker BarrelPizza Mozzarella Cheese400 g,$10.00
1665,No NameShredded Mozzarella320 g,$6.14
1666,President's ChoiceMac & Cheese Shredded Cheese Blend320 g,$8.70
1667,"No NameCheese Slices, Swiss210 g",$7.00
1668,"Fair Life Ultra Filtered Milk, 3.25%1.50 L",$7.99
1669,"ArmstrongCheese, Yellow Old Cheddar Cracker Cut700 g",$8.11
1670,"President's ChoiceCoconut Milk Yogurt, Plain500 g",$5.12
1671,DanoneDanone Natural Blueberry-Cherry 8X100g8x100g,$12.00
1672,"OikosGreek Yogurt, Key Lime Flavour, 2% M.F., 100g (Pack of 4)4x100g",$16.11
1673,AstroOriginal Flavoured Balkan Yogourt 3.25% M.F.24x100g,$2.98
1674,President's ChoiceClub Pack Pulp-Free 100% Orange Juice3.49 L,$3.98
1675,Cracker BarrelMarble Cheddar Cheese Snacks168 g,$11.98
1676,"President's ChoiceCheese, Greek Feta Shredded300 g",$20.98
1677,Del MonteRed Grapefruit in Slightly Sweetened Water 8 Cups x (1.52 L) (Case)8x190mL,$41.07
1678,"LactantiaFresh Churned Butter, Salted454 g",$12.00
1679,No NameWhipped Topping 225 g,$14.79
1680,NeilsonOrganic Homogenized Milk2 L,$6.98
1681,"BaileysCoffee Creamer, Caramel400 mL",$6.48
1682,"Danone ActiviaYogurt with Probiotics, Prune Flavour, 650g650 g",$2.48
1683,NeilsonTruTaste Skim Milk4 L,$4.98
1684,PhiladelphiaHerb & Garlic Cream Cheese340 g,$5.98
1685,"NordicaCottage Cheese Smooth, Blueberry Acai450 g",$5.98
1686,PhiladelphiaOnion Dip227 g,$10.98
1687,"No NameSour Cream, Regular250 mL",$0.62
1688,Cracker BarrelLight Marble Cheddar Cheese400 g,$9.23
1689,PhiladelphiaOriginal Cream Cheese227 g,$19.68
1690,Kozy ShackTapioca Pudding Cups6x113g,$9.98
1691,"OikosGreek Yogurt,High Protein, Lemon Meringue Flavour, 4% M.F, 95g (Pack of 4)4x95g",$14.98
1692,NeilsonTable Cream237 mL,$16.79
1693,SaputoMozzarellissima500 g,$13.23
1694,"Danone ActiviaYogurt with Probiotics, Strawberry/Raspberry/Vanilla/Blueberry Flavour, 100g (Pack of 24)24x100g",$4.98
1695,"OikosGreek Yogurt, Blueberry Flavour, 2% M.F., 100g (Pack of 4)4x100g",$10.98
1696,PCFree-Range Brown Eggs12 Eggs,$6.98
1697,"Danone DanactiveDanActive Yogurt Drink, Strawberry-Banana Flavour, 93ml (Pack of 8)8x93mL",$6.48
1698,"HelluvaSour Cream Dip, French Onion250 g",$31.01
1699,"President's ChoiceSour Cream, Lactose Free500 mL",$5.28
1700,"No NameCottage Cheese, 2%500 g",$5.98
1701,"NordicaCottage Cheese, Creamed 4%500 g",$6.48
1702,BaileysFrench Vanilla400 mL,$11.43
1703,"International DelightCoffee Whitener, Hazelnut946 mL",$11.89
1704,"LactantiaButter Sticks, Salted4x113g",$6.48
1705,"Jell-ORefrigerated Pudding Snacks, Oreo (4 x 113g), 4 Cups4x113g",$5.48
1706,"No NameCheese Slices, Marble Cheddar230 g",$5.98
1707,"Yoplait SourceYogurt, Peach650 g",$7.98
1708,"IOGONano Drinkable Yogurt, Strawberry6x93mL",$8.98
1709,Happy PlanetExtreme Green Fruit Smoothie900 mL,$10.78
1710,"No NameCheese Slices, Mozzarella230 g",$22.98
1711,DanoneDanone Natural Tub Strawberry 650g650 g,$9.98
1712,MacLarensCheese Spread230 g,$2.98
1713,"IOGOYogurt, Vanilla 1.5%2 kg",$19.99
1714,Cracker BarrelLight Old Cheddar Cheese400 g,$2.98
1715,NatrelLactose Free 1% Milk2 L,$7.02
1716,PillsburyCookies396 g,$6.68
1717,"IOGOYogurt, Strawberry/Raspberry/Blueberry/Vanilla16x100g",$55.45
1718,"No NameMargarine, Non Hydrogenated454 g",$6.98
1719,"LiberteGreek Yogurt, Plain 5%750 g",$18.93
1720,"Yogurt, Cherry500 g",$21.34
1721,No NameCream Cheese Spread with Herbs & Roasted Garlic 26% M.F.227 g,$19.80
1722,"Blue DiamondAlmond Breeze, Original1.89 L",$5.48
1723,"Yoplait SourceYogurt, Vanilla, Strawberry, & Blueberry16x100g",$0.71
1724,"LiberteOrganic Kefir, Plain454 mL",$11.98
1725,"Danone ActiviaYogurt with Probiotics, Cherry Flavour, 650g650 g",$3.98
1726,Prasad AyurvedaOrganic Ghee Butter225 g,$6.00
1727,"Danone ActiviaYogurt with Probiotics, Strawberry Rhubarb, 650g650 g",$32.98
